# dimensionless total [l(l+1)/2pi] C_l's
# for l=2 to 3000, i.e. number of multipoles equal to 2999
#
# -> if you prefer output in CAMB/HealPix/LensPix units/order, set 'format' to 'camb' in input file
# -> if you don't want to see such a header, set 'headers' to 'no' in input file
# -> for CMB lensing (phi), these are C_l^phi-phi for the lensing potential.
#    Remember the conversion factors:
#    C_l^dd (deflection) = l(l+1) C_l^phi-phi
#    C_l^gg (shear/convergence) = 1/4 (l(l+1))^2 C_l^phi-phi
#
# 1:l     2:TT                     3:EE                     4:TE                     5:BB                     6:phiphi                 7:TPhi                   8:Ephi               
    2       1.380469528701e-10       4.200720236554e-15       3.556638126564e-13       0.000000000000e+00       8.349076804856e-09       4.518380797431e-10      -1.851952930000e-12 
    3       1.306525562276e-10       5.391388225994e-15       3.986752212005e-13       0.000000000000e+00       5.114259423830e-09       3.198603179134e-10      -1.404815606356e-12 
    4       1.236558985706e-10       4.675502223771e-15       3.726810230733e-13       0.000000000000e+00       3.542284350906e-09       2.419123524377e-10      -9.215250744623e-13 
    5       1.184060220523e-10       3.127890268517e-15       3.173970640478e-13       0.000000000000e+00       2.636175453291e-09       1.908582300052e-10      -5.141878189985e-13 
    6       1.147937438465e-10       1.752513850183e-15       2.556756448958e-13       0.000000000000e+00       2.054069068576e-09       1.551235386506e-10      -2.134042073624e-13 
    7       1.124783291191e-10       9.461977029442e-16       2.007735000537e-13       0.000000000000e+00       1.653276086149e-09       1.289909302573e-10      -2.088250081597e-14 
    8       1.111175585630e-10       6.082115224494e-16       1.584989032898e-13       0.000000000000e+00       1.363569471054e-09       1.092138953592e-10       7.807156977134e-14 
    9       1.104718772522e-10       4.872831837147e-16       1.301255906242e-13       0.000000000000e+00       1.146331673682e-09       9.380537124213e-11       1.065626741665e-13 
   10       1.103485352997e-10       4.154038488596e-16       1.143279803189e-13       0.000000000000e+00       9.785599947705e-10       8.154787270226e-11       9.030430938617e-14 
   11       1.106371481893e-10       3.487756364265e-16       1.084749354789e-13       0.000000000000e+00       8.379378650444e-10       7.239654264125e-11       5.333436629854e-14 
   12       1.112696672262e-10       3.027585315103e-16       1.095508263629e-13       0.000000000000e+00       7.322693234311e-10       6.412660684293e-11       1.348003807037e-14 
   13       1.121370735811e-10       2.891052257004e-16       1.147924182448e-13       0.000000000000e+00       6.455095380341e-10       5.730451643420e-11      -1.730953103336e-14 
   14       1.131608994254e-10       3.002897074933e-16       1.221531887523e-13       0.000000000000e+00       5.733164130172e-10       5.133381923292e-11      -3.439806671771e-14 
   15       1.143624694446e-10       3.242545471062e-16       1.303943304038e-13       0.000000000000e+00       5.125451301535e-10       4.630646509789e-11      -3.786943941696e-14 
   16       1.157442980895e-10       3.580395127551e-16       1.387472359929e-13       0.000000000000e+00       4.608689779332e-10       4.203895503814e-11      -3.157104886328e-14 
   17       1.171920923782e-10       4.070786437353e-16       1.470545160398e-13       0.000000000000e+00       4.165338672215e-10       3.835246763654e-11      -2.064828343620e-14 
   18       1.187380988295e-10       4.769479273962e-16       1.555743182763e-13       0.000000000000e+00       3.780533036769e-10       3.505532483170e-11      -1.008908290700e-14 
   19       1.203971846007e-10       5.681244285685e-16       1.644916484281e-13       0.000000000000e+00       3.448054989131e-10       3.213846172314e-11      -2.543167942091e-15 
   20       1.221076507766e-10       6.787375760072e-16       1.739168609403e-13       0.000000000000e+00       3.155228814002e-10       2.958717151052e-11       2.463874356538e-16 
   21       1.238832052736e-10       8.081011203937e-16       1.838466993910e-13       0.000000000000e+00       2.897446268210e-10       2.736198683017e-11      -1.206780176632e-15 
   22       1.257289386771e-10       9.556218609511e-16       1.941583202693e-13       0.000000000000e+00       2.668498068584e-10       2.537534978189e-11      -5.222049002237e-15 
   23       1.276358288944e-10       1.121508621868e-15       2.045079808305e-13       0.000000000000e+00       2.465318325802e-10       2.358431452960e-11      -1.010555532365e-14 
   24       1.295715309205e-10       1.306038287921e-15       2.144364012833e-13       0.000000000000e+00       2.283267377575e-10       2.194210115344e-11      -1.403362881150e-14 
   25       1.315455082424e-10       1.509319602480e-15       2.236398087496e-13       0.000000000000e+00       2.119875069947e-10       2.044914239190e-11      -1.614272509364e-14 
   26       1.335661542487e-10       1.731564944228e-15       2.318717179882e-13       0.000000000000e+00       1.971942954356e-10       1.910670291880e-11      -1.601783833786e-14 
   27       1.356416365920e-10       1.974368885187e-15       2.390521201998e-13       0.000000000000e+00       1.838703631222e-10       1.790737932095e-11      -1.412261594687e-14 
   28       1.377621115066e-10       2.239994089502e-15       2.451726157801e-13       0.000000000000e+00       1.718541972106e-10       1.682405700464e-11      -1.141777245759e-14 
   29       1.399037895492e-10       2.530750142630e-15       2.502592218767e-13       0.000000000000e+00       1.608539576612e-10       1.581818865208e-11      -8.986129483782e-15 
   30       1.420740130170e-10       2.847827767600e-15       2.543796823913e-13       0.000000000000e+00       1.508089623291e-10       1.488894400443e-11      -7.240875338939e-15 
   31       1.442804721395e-10       3.191997130511e-15       2.576444081727e-13       0.000000000000e+00       1.416446077429e-10       1.404126800167e-11      -6.416156512447e-15 
   32       1.465215172704e-10       3.563954717011e-15       2.601517962046e-13       0.000000000000e+00       1.332158554295e-10       1.327276846177e-11      -6.657516833197e-15 
   33       1.487985256375e-10       3.964545649826e-15       2.617919197301e-13       0.000000000000e+00       1.254767802440e-10       1.257487649393e-11      -7.630651882243e-15 
   34       1.511057021228e-10       4.394609952035e-15       2.623682207989e-13       0.000000000000e+00       1.183588343934e-10       1.193062525924e-11      -8.754368416842e-15 
   35       1.534315479185e-10       4.854958637705e-15       2.616805396049e-13       0.000000000000e+00       1.117560617384e-10       1.131999220534e-11      -9.440845133519e-15 
   36       1.557795642911e-10       5.346511583739e-15       2.596460953120e-13       0.000000000000e+00       1.056513221705e-10       1.074241201376e-11      -9.614805553033e-15 
   37       1.581531530413e-10       5.870201512208e-15       2.562189480877e-13       0.000000000000e+00       1.000254827416e-10       1.020127729699e-11      -9.370060963397e-15 
   38       1.605492020742e-10       6.426934709233e-15       2.513583452527e-13       0.000000000000e+00       9.481925638463e-11       9.697660248466e-12      -8.835308802594e-15 
   39       1.629615985228e-10       7.017543609747e-15       2.450335151668e-13       0.000000000000e+00       8.995458437552e-11       9.230673975308e-12      -8.159858901349e-15 
   40       1.653949826372e-10       7.642630363680e-15       2.372392712133e-13       0.000000000000e+00       8.541656520447e-11       8.799305528762e-12      -7.458643253870e-15 
   41       1.678544631118e-10       8.302666305843e-15       2.279862407989e-13       0.000000000000e+00       8.119326041494e-11       8.400794359022e-12      -6.852801209375e-15 
   42       1.703413788228e-10       8.998027058468e-15       2.172974769121e-13       0.000000000000e+00       7.725124858811e-11       8.029879697977e-12      -6.486224618963e-15 
   43       1.728547909059e-10       9.729079499336e-15       2.051939713430e-13       0.000000000000e+00       7.354798528073e-11       7.680449019955e-12      -6.482124160979e-15 
   44       1.753974840639e-10       1.049648846063e-14       1.916442529268e-13       0.000000000000e+00       7.007776475478e-11       7.351576670149e-12      -6.793436296419e-15 
   45       1.779711469302e-10       1.130099613280e-14       1.766001721264e-13       0.000000000000e+00       6.683704639100e-11       7.043027264434e-12      -7.307984327383e-15 
   46       1.805743536206e-10       1.214333796783e-14       1.600103747957e-13       0.000000000000e+00       6.381065494285e-11       6.753486314567e-12      -7.887691968138e-15 
   47       1.832022754296e-10       1.302424289093e-14       1.418199957332e-13       0.000000000000e+00       6.097087345653e-11       6.480475316120e-12      -8.367064644541e-15 
   48       1.858490585453e-10       1.394433474214e-14       1.219760454995e-13       0.000000000000e+00       5.828597497843e-11       6.221143428793e-12      -8.598865152196e-15 
   49       1.885164224706e-10       1.490380325428e-14       1.004460815214e-13       0.000000000000e+00       5.575077809937e-11       5.975104538945e-12      -8.609909484981e-15 
   50       1.912069900543e-10       1.590264069143e-14       7.720427363269e-14       0.000000000000e+00       5.336314617901e-11       5.742254041791e-12      -8.486578644825e-15 
   51       1.939216845579e-10       1.694072781258e-14       5.222615474999e-14       0.000000000000e+00       5.111488553659e-11       5.521922874224e-12      -8.332325927306e-15 
   52       1.966595773744e-10       1.801782904408e-14       2.548860489803e-14       0.000000000000e+00       4.899131994176e-11       5.312837326847e-12      -8.268566096521e-15 
   53       1.994191586566e-10       1.913370338845e-14      -3.029445561484e-15       0.000000000000e+00       4.697589853086e-11       5.113564000947e-12      -8.403022926592e-15 
   54       2.022028833285e-10       2.028848174545e-14      -3.334465717645e-14       0.000000000000e+00       4.506639009846e-11       4.924071514175e-12      -8.723169587133e-15 
   55       2.050135286428e-10       2.148237820265e-14      -6.547106146238e-14       0.000000000000e+00       4.326211145060e-11       4.744500334449e-12      -9.176936918819e-15 
   56       2.078527830546e-10       2.271558281626e-14      -9.942071315312e-14       0.000000000000e+00       4.155904884431e-11       4.574693386193e-12      -9.702392061677e-15 
   57       2.107211536007e-10       2.398826163625e-14      -1.352036760200e-13       0.000000000000e+00       3.994964352358e-11       4.414176203886e-12      -1.022726320088e-14 
   58       2.136178732777e-10       2.530055673139e-14      -1.728280086910e-13       0.000000000000e+00       3.842257725533e-11       4.262137085602e-12      -1.066846431257e-14 
   59       2.165416927244e-10       2.665248064528e-14      -2.122965132571e-13       0.000000000000e+00       3.696588730952e-11       4.117652783308e-12      -1.095233848720e-14 
   60       2.194936803194e-10       2.804357108506e-14      -2.535961315645e-13       0.000000000000e+00       3.557764322754e-11       3.980471852911e-12      -1.108195700548e-14 
   61       2.224749098103e-10       2.947315594299e-14      -2.967060569866e-13       0.000000000000e+00       3.425737488916e-11       3.850378468926e-12      -1.108463694275e-14 
   62       2.254855718199e-10       3.094044833371e-14      -3.416006337352e-13       0.000000000000e+00       3.300286154880e-11       3.726951594946e-12      -1.099281919498e-14 
   63       2.285249112013e-10       3.244454304074e-14      -3.882492329434e-13       0.000000000000e+00       3.181003023396e-11       3.609553460459e-12      -1.084429554921e-14 
   64       2.315911643933e-10       3.398441296292e-14      -4.366161287488e-13       0.000000000000e+00       3.067285414377e-11       3.497318037673e-12      -1.068243575403e-14 
   65       2.346825249989e-10       3.555902089482e-14      -4.866680275176e-13       0.000000000000e+00       2.958501532808e-11       3.389382620946e-12      -1.054639621729e-14 
   66       2.378004189116e-10       3.716769036449e-14      -5.383987872017e-13       0.000000000000e+00       2.854553021249e-11       3.285665452077e-12      -1.043882589738e-14 
   67       2.409468128698e-10       3.880980721253e-14      -5.918097270688e-13       0.000000000000e+00       2.755413736030e-11       3.186232670458e-12      -1.035170677980e-14 
   68       2.441232141883e-10       4.048471086700e-14      -6.469025249778e-13       0.000000000000e+00       2.660958704450e-11       3.091065107518e-12      -1.027571658260e-14 
   69       2.473306368740e-10       4.219169401596e-14      -7.036793075352e-13       0.000000000000e+00       2.570958899671e-11       3.000053563622e-12      -1.020017559267e-14 
   70       2.505695677432e-10       4.393000228015e-14      -7.621427402525e-13       0.000000000000e+00       2.485076015619e-11       2.912994084964e-12      -1.011299350200e-14 
   71       2.538399325382e-10       4.569883388551e-14      -8.222961177033e-13       0.000000000000e+00       2.402857241885e-11       2.829583240464e-12      -1.000061624392e-14 
   72       2.571414818166e-10       4.749730145666e-14      -8.841363927767e-13       0.000000000000e+00       2.323851724679e-11       2.749501335352e-12      -9.851765635967e-15 
   73       2.604751096700e-10       4.932430963425e-14      -9.476315150353e-13       0.000000000000e+00       2.247997441247e-11       2.672691039628e-12      -9.669607481928e-15 
   74       2.638417280794e-10       5.117865326519e-14      -1.012738885131e-12       0.000000000000e+00       2.175299489155e-11       2.599123955941e-12      -9.461833935763e-15 
   75       2.672418456846e-10       5.305905202850e-14      -1.079411960447e-12       0.000000000000e+00       2.105712574775e-11       2.528714752471e-12      -9.237110506836e-15 
   76       2.706755434844e-10       5.496414924306e-14      -1.147600184046e-12       0.000000000000e+00       2.039138566407e-11       2.461318447511e-12      -9.005109489922e-15 
   77       2.741424505376e-10       5.689251067540e-14      -1.217248913616e-12       0.000000000000e+00       1.975424047395e-11       2.396727694049e-12      -8.776543395233e-15 
   78       2.776417196630e-10       5.884262334746e-14      -1.288299350428e-12       0.000000000000e+00       1.914357869249e-11       2.334670064352e-12      -8.563198378434e-15 
   79       2.811720031404e-10       6.081289434441e-14      -1.360688468275e-12       0.000000000000e+00       1.855668704764e-11       2.274805334546e-12      -8.377967670661e-15 
   80       2.847320023483e-10       6.280170418986e-14      -1.434354489853e-12       0.000000000000e+00       1.799092433922e-11       2.216810433775e-12      -8.231820355121e-15 
   81       2.883222800640e-10       6.480758026955e-14      -1.509254567459e-12       0.000000000000e+00       1.744593161908e-11       2.160657255413e-12      -8.124027906156e-15 
   82       2.919437200132e-10       6.682905149010e-14      -1.585350057498e-12       0.000000000000e+00       1.692176297307e-11       2.106378361068e-12      -8.050293412056e-15 
   83       2.955969674265e-10       6.886459620762e-14      -1.662601276975e-12       0.000000000000e+00       1.641820992610e-11       2.053982526068e-12      -8.005642510628e-15 
   84       2.992824153691e-10       7.091264204603e-14      -1.740967535175e-12       0.000000000000e+00       1.593478990543e-11       2.003453647464e-12      -7.984400066377e-15 
   85       3.030001910694e-10       7.297156571532e-14      -1.820407165341e-12       0.000000000000e+00       1.547073470382e-11       1.954749652024e-12      -7.980166847679e-15 
   86       3.067501422479e-10       7.503969282986e-14      -1.900877556351e-12       0.000000000000e+00       1.502497894271e-11       1.907801404241e-12      -7.985796203966e-15 
   87       3.105318234467e-10       7.711529772670e-14      -1.982335184402e-12       0.000000000000e+00       1.459614853544e-11       1.862511614330e-12      -7.993370742899e-15 
   88       3.143444823582e-10       7.919660328379e-14      -2.064735644686e-12       0.000000000000e+00       1.418254915042e-11       1.818753746229e-12      -7.994179007548e-15 
   89       3.181873721677e-10       8.128180356866e-14      -2.148031922313e-12       0.000000000000e+00       1.378256970129e-11       1.776403965514e-12      -7.980571694889e-15 
   90       3.220607745335e-10       8.336913625197e-14      -2.232168825170e-12       0.000000000000e+00       1.339599050239e-11       1.735445106903e-12      -7.951914852013e-15 
   91       3.259651126384e-10       8.545682127130e-14      -2.317087732064e-12       0.000000000000e+00       1.302286001946e-11       1.695877079836e-12      -7.909531916780e-15 
   92       3.299006307968e-10       8.754303917016e-14      -2.402728280961e-12       0.000000000000e+00       1.266309286553e-11       1.657684691728e-12      -7.854912077466e-15 
   93       3.338673856681e-10       8.962593125826e-14      -2.489028374289e-12       0.000000000000e+00       1.231646448170e-11       1.620837050955e-12      -7.789715107869e-15 
   94       3.378652374696e-10       9.170359977188e-14      -2.575924184238e-12       0.000000000000e+00       1.198260581805e-11       1.585286969828e-12      -7.715776202403e-15 
   95       3.418938411899e-10       9.377410803414e-14      -2.663350158062e-12       0.000000000000e+00       1.166099801437e-11       1.550970367581e-12      -7.635110811206e-15 
   96       3.459526378018e-10       9.583548061531e-14      -2.751239023377e-12       0.000000000000e+00       1.135096708107e-11       1.517805673346e-12      -7.549919475231e-15 
   97       3.500408454752e-10       9.788570349318e-14      -2.839521793465e-12       0.000000000000e+00       1.105167857992e-11       1.485693229135e-12      -7.462592661358e-15 
   98       3.541574507908e-10       9.992272421331e-14      -2.928127772574e-12       0.000000000000e+00       1.076213230496e-11       1.454514692823e-12      -7.375715597483e-15 
   99       3.583014621911e-10       1.019444999800e-13      -3.016985937054e-12       0.000000000000e+00       1.048139151336e-11       1.424160644145e-12      -7.291562888634e-15 
  100       3.624727302911e-10       1.039491493545e-13      -3.106029290534e-12       0.000000000000e+00       1.020931916358e-11       1.394619154802e-12      -7.210490235447e-15 
  101       3.666712279745e-10       1.059348224415e-13      -3.195191138336e-12       0.000000000000e+00       9.945936562752e-12       1.365898712826e-12      -7.132322838882e-15 
  102       3.708967929842e-10       1.078996556072e-13      -3.284403788370e-12       0.000000000000e+00       9.691195675009e-12       1.338000886822e-12      -7.056843964151e-15 
  103       3.751491223135e-10       1.098417722203e-13      -3.373598573114e-12       0.000000000000e+00       9.444976645373e-12       1.310920070803e-12      -6.983793591349e-15 
  104       3.794277665986e-10       1.117592833939e-13      -3.462705871591e-12       0.000000000000e+00       9.207085323604e-12       1.284643229022e-12      -6.912867066084e-15 
  105       3.837321245094e-10       1.136502887262e-13      -3.551655131346e-12       0.000000000000e+00       8.977250788054e-12       1.259149640812e-12      -6.843713750101e-15 
  106       3.880614371420e-10       1.155128770422e-13      -3.640374890424e-12       0.000000000000e+00       8.755122869523e-12       1.234410645420e-12      -6.775935671912e-15 
  107       3.924147824103e-10       1.173451271349e-13      -3.728792799348e-12       0.000000000000e+00       8.540269675116e-12       1.210389386839e-12      -6.709086177424e-15 
  108       3.967910694376e-10       1.191451085064e-13      -3.816835643095e-12       0.000000000000e+00       8.332175112098e-12       1.187040558649e-12      -6.642668580566e-15 
  109       4.011890329483e-10       1.209108821093e-13      -3.904429363078e-12       0.000000000000e+00       8.130236411749e-12       1.164310148847e-12      -6.576134813915e-15 
  110       4.056074537794e-10       1.226405485283e-13      -3.991499732205e-12       0.000000000000e+00       7.933900015188e-12       1.142148378229e-12      -6.509009756641e-15 
  111       4.100458645207e-10       1.243323979414e-13      -4.077974431131e-12       0.000000000000e+00       7.743094308485e-12       1.120550944900e-12      -6.441285197399e-15 
  112       4.145039241057e-10       1.259847808272e-13      -4.163781280084e-12       0.000000000000e+00       7.557847891967e-12       1.099522605198e-12      -6.373073999437e-15 
  113       4.189811964176e-10       1.275960634337e-13      -4.248847637612e-12       0.000000000000e+00       7.378155065279e-12       1.079064327939e-12      -6.304488817393e-15 
  114       4.234771469036e-10       1.291646289860e-13      -4.333100428969e-12       0.000000000000e+00       7.203974711066e-12       1.059173168912e-12      -6.235641983081e-15 
  115       4.279911391889e-10       1.306888788936e-13      -4.416466174517e-12       0.000000000000e+00       7.035229178650e-12       1.039842145387e-12      -6.166645391278e-15 
  116       4.325224316907e-10       1.321672339585e-13      -4.498871018122e-12       0.000000000000e+00       6.871803167711e-12       1.021060110614e-12      -6.097610385510e-15 
  117       4.370701742322e-10       1.335981355821e-13      -4.580240755547e-12       0.000000000000e+00       6.713542611961e-12       1.002811628325e-12      -6.028647643833e-15 
  118       4.416334046567e-10       1.349800469731e-13      -4.660500862851e-12       0.000000000000e+00       6.560253562827e-12       9.850768472330e-13      -5.959867064625e-15 
  119       4.462110454418e-10       1.363114543549e-13      -4.739576524785e-12       0.000000000000e+00       6.411701073128e-12       9.678313755400e-13      -5.891377652369e-15 
  120       4.508019003135e-10       1.375908681731e-13      -4.817392663188e-12       0.000000000000e+00       6.267608080753e-12       9.510461554327e-13      -5.823287403436e-15 
  121       4.554046508600e-10       1.388168243032e-13      -4.893873965380e-12       0.000000000000e+00       6.127654292340e-12       9.346873375866e-13      -5.755703191876e-15 
  122       4.600178531457e-10       1.399878852580e-13      -4.968944912566e-12       0.000000000000e+00       5.991475066955e-12       9.187161556677e-13      -5.688730655198e-15 
  123       4.646401066175e-10       1.411026891857e-13      -5.042530653196e-12       0.000000000000e+00       5.858740108690e-12       9.030975807952e-13      -5.622457622723e-15 
  124       4.692705900049e-10       1.421601006665e-13      -5.114559676196e-12       0.000000000000e+00       5.729402158758e-12       8.878276780382e-13      -5.556902488248e-15 
  125       4.739085808902e-10       1.431590795960e-13      -5.184961499795e-12       0.000000000000e+00       5.603474902852e-12       8.729091708074e-13      -5.492059663472e-15 
  126       4.785532869221e-10       1.440986365136e-13      -5.253665888736e-12       0.000000000000e+00       5.480955237845e-12       8.583428865479e-13      -5.427915263005e-15 
  127       4.832038437850e-10       1.449778341864e-13      -5.320602889325e-12       0.000000000000e+00       5.361822783387e-12       8.441277003196e-13      -5.364446860668e-15 
  128       4.878593131690e-10       1.457957891923e-13      -5.385702864476e-12       0.000000000000e+00       5.246039393508e-12       8.302604783782e-13      -5.301623245800e-15 
  129       4.925186807389e-10       1.465516735036e-13      -5.448896528752e-12       0.000000000000e+00       5.133548668219e-12       8.167360217563e-13      -5.239404179556e-15 
  130       4.971808541044e-10       1.472447160708e-13      -5.510114983409e-12       0.000000000000e+00       5.024275465112e-12       8.035470098437e-13      -5.177740151207e-15 
  131       5.018446607894e-10       1.478742044060e-13      -5.569289751447e-12       0.000000000000e+00       4.918125410960e-12       7.906839439685e-13      -5.116572134444e-15 
  132       5.065088462019e-10       1.484394861663e-13      -5.626352812646e-12       0.000000000000e+00       4.814984413319e-12       7.781350909779e-13      -5.055831343680e-15 
  133       5.111720716032e-10       1.489399707376e-13      -5.681236638615e-12       0.000000000000e+00       4.714718172131e-12       7.658864268191e-13      -4.995438990349e-15 
  134       5.158329120781e-10       1.493751308178e-13      -5.733874227835e-12       0.000000000000e+00       4.617171691319e-12       7.539215801200e-13      -4.935306039209e-15 
  135       5.204898545040e-10       1.497445040008e-13      -5.784199140704e-12       0.000000000000e+00       4.522168790395e-12       7.422217757698e-13      -4.875332964644e-15 
  136       5.251412955207e-10       1.500476943596e-13      -5.832145534580e-12       0.000000000000e+00       4.429511616053e-12       7.307657785005e-13      -4.815409506964e-15 
  137       5.297856828448e-10       1.502844018525e-13      -5.877648864356e-12       0.000000000000e+00       4.339022627201e-12       7.195344713050e-13      -4.755436580335e-15 
  138       5.344219600148e-10       1.504545106228e-13      -5.920647991824e-12       0.000000000000e+00       4.250676487229e-12       7.085252448276e-13      -4.695395071016e-15 
  139       5.390491640319e-10       1.505580128815e-13      -5.961083362043e-12       0.000000000000e+00       4.164480957353e-12       6.977389969351e-13      -4.635283729388e-15 
  140       5.436662850353e-10       1.505949836480e-13      -5.998896396305e-12       0.000000000000e+00       4.080435430999e-12       6.871756047299e-13      -4.575097554958e-15 
  141       5.482722651812e-10       1.505655825107e-13      -6.034029531401e-12       0.000000000000e+00       3.998530714993e-12       6.768338975497e-13      -4.514827693265e-15 
  142       5.528659975224e-10       1.504700553867e-13      -6.066426258890e-12       0.000000000000e+00       3.918748810747e-12       6.667116299661e-13      -4.454461332779e-15 
  143       5.574463248878e-10       1.503087362824e-13      -6.096031164367e-12       0.000000000000e+00       3.841062695447e-12       6.568054547840e-13      -4.393981601804e-15 
  144       5.620120387618e-10       1.500820490532e-13      -6.122789966730e-12       0.000000000000e+00       3.765436103239e-12       6.471108960402e-13      -4.333367465381e-15 
  145       5.665618781637e-10       1.497905091640e-13      -6.146649557452e-12       0.000000000000e+00       3.691823306421e-12       6.376223220026e-13      -4.272593622188e-15 
  146       5.710945285274e-10       1.494347254490e-13      -6.167558039848e-12       0.000000000000e+00       3.620168896629e-12       6.283329181694e-13      -4.211630401446e-15 
  147       5.756086205805e-10       1.490154018722e-13      -6.185464768343e-12       0.000000000000e+00       3.550407566022e-12       6.192346602680e-13      -4.150443659817e-15 
  148       5.801027292240e-10       1.485333392872e-13      -6.200320387741e-12       0.000000000000e+00       3.482463888473e-12       6.103182872538e-13      -4.088994678308e-15 
  149       5.845753724118e-10       1.479894371975e-13      -6.212076872494e-12       0.000000000000e+00       3.416252100756e-12       6.015732743096e-13      -4.027240059172e-15 
  150       5.890250100301e-10       1.473846955166e-13      -6.220687565969e-12       0.000000000000e+00       3.351675883733e-12       5.929878058443e-13      -3.965131622812e-15 
  151       5.934500427767e-10       1.467202163282e-13      -6.226107219720e-12       0.000000000000e+00       3.288628143543e-12       5.845487484923e-13      -3.902616304683e-15 
  152       5.978488110406e-10       1.459972056461e-13      -6.228292032751e-12       0.000000000000e+00       3.226990792788e-12       5.762416241120e-13      -3.839636052192e-15 
  153       6.022197156673e-10       1.452169601932e-13      -6.227199921224e-12       0.000000000000e+00       3.166659166162e-12       5.680539381769e-13      -3.776149849857e-15 
  154       6.065615952417e-10       1.443808226503e-13      -6.222791273119e-12       0.000000000000e+00       3.107618281101e-12       5.599855698398e-13      -3.712202315053e-15 
  155       6.108733818954e-10       1.434902255843e-13      -6.215028338908e-12       0.000000000000e+00       3.049873280380e-12       5.520393005054e-13      -3.647861310464e-15 
  156       6.151539820766e-10       1.425467077263e-13      -6.203875047524e-12       0.000000000000e+00       2.993425342084e-12       5.442175353952e-13      -3.583196398314e-15 
  157       6.194022760507e-10       1.415519156551e-13      -6.189297046804e-12       0.000000000000e+00       2.938271586266e-12       5.365222936351e-13      -3.518278849963e-15 
  158       6.236171174003e-10       1.405076054811e-13      -6.171261743936e-12       0.000000000000e+00       2.884404981585e-12       5.289551983435e-13      -3.453181655508e-15 
  159       6.277973325254e-10       1.394156445299e-13      -6.149738345895e-12       0.000000000000e+00       2.831814251967e-12       5.215174667186e-13      -3.387979533385e-15 
  160       6.319417201435e-10       1.382780130267e-13      -6.124697899890e-12       0.000000000000e+00       2.780483783248e-12       5.142099001270e-13      -3.322748939967e-15 
  161       6.360490507901e-10       1.370968057794e-13      -6.096113333803e-12       0.000000000000e+00       2.730393529826e-12       5.070328741910e-13      -3.257568079166e-15 
  162       6.401180663187e-10       1.358742338632e-13      -6.063959496633e-12       0.000000000000e+00       2.681518921307e-12       4.999863288766e-13      -3.192516912030e-15 
  163       6.441474794012e-10       1.346126263039e-13      -6.028213198935e-12       0.000000000000e+00       2.633830769162e-12       4.930697585816e-13      -3.127677166347e-15 
  164       6.481359730280e-10       1.333144317616e-13      -5.988853253267e-12       0.000000000000e+00       2.587295173369e-12       4.862822022230e-13      -3.063132346243e-15 
  165       6.520822000079e-10       1.319822202154e-13      -5.945860514630e-12       0.000000000000e+00       2.541873429069e-12       4.796222333252e-13      -2.998967741781e-15 
  166       6.559847824692e-10       1.306186846461e-13      -5.899217920907e-12       0.000000000000e+00       2.497521933209e-12       4.730879501078e-13      -2.935270438565e-15 
  167       6.598423113590e-10       1.292266427209e-13      -5.848910533312e-12       0.000000000000e+00       2.454192091197e-12       4.666769655733e-13      -2.872129327336e-15 
  168       6.636533459438e-10       1.278090384769e-13      -5.794925576824e-12       0.000000000000e+00       2.411830223551e-12       4.603863975952e-13      -2.809635113575e-15 
  169       6.674164133098e-10       1.263689440049e-13      -5.737252480635e-12       0.000000000000e+00       2.370377472546e-12       4.542128590055e-13      -2.747880327101e-15 
  170       6.711300078631e-10       1.249095611332e-13      -5.675882918593e-12       0.000000000000e+00       2.329769708865e-12       4.481524476828e-13      -2.686959331672e-15 
  171       6.747926896216e-10       1.234341270100e-13      -5.610810151201e-12       0.000000000000e+00       2.289950506632e-12       4.422015147408e-13      -2.626948949701e-15 
  172       6.784033893356e-10       1.219456184892e-13      -5.542026905412e-12       0.000000000000e+00       2.250911477970e-12       4.363590617223e-13      -2.567848503404e-15 
  173       6.819611279695e-10       1.204470262078e-13      -5.469527394726e-12       0.000000000000e+00       2.212655138362e-12       4.306245252220e-13      -2.509634769339e-15 
  174       6.854649201035e-10       1.189414497508e-13      -5.393308039024e-12       0.000000000000e+00       2.175182101258e-12       4.249970100917e-13      -2.452280844306e-15 
  175       6.889137738374e-10       1.174320989429e-13      -5.313367502157e-12       0.000000000000e+00       2.138491038047e-12       4.194752827019e-13      -2.395756075856e-15 
  176       6.923066906938e-10       1.159222951405e-13      -5.229706729547e-12       0.000000000000e+00       2.102578638027e-12       4.140577642050e-13      -2.340025992806e-15 
  177       6.956426655208e-10       1.144154725232e-13      -5.142328985770e-12       0.000000000000e+00       2.067439568368e-12       4.087425237972e-13      -2.285052235747e-15 
  178       6.989206863962e-10       1.129151793855e-13      -5.051239892154e-12       0.000000000000e+00       2.033066434085e-12       4.035272719813e-13      -2.230792487551e-15 
  179       7.021397345301e-10       1.114250794290e-13      -4.956447464372e-12       0.000000000000e+00       1.999449738001e-12       3.984093538294e-13      -2.177200403889e-15 
  180       7.052987841685e-10       1.099489530535e-13      -4.857962150030e-12       0.000000000000e+00       1.966577840724e-12       3.933857422447e-13      -2.124225543734e-15 
  181       7.083968024962e-10       1.084906986492e-13      -4.755796866265e-12       0.000000000000e+00       1.934436920604e-12       3.884530312245e-13      -2.071813299878e-15 
  182       7.114327495409e-10       1.070543338881e-13      -4.649967037334e-12       0.000000000000e+00       1.903010933710e-12       3.836074291227e-13      -2.019904829435e-15 
  183       7.144055780754e-10       1.056439970162e-13      -4.540490632207e-12       0.000000000000e+00       1.872281573796e-12       3.788447519120e-13      -1.968436984359e-15 
  184       7.173142335220e-10       1.042639481448e-13      -4.427388202162e-12       0.000000000000e+00       1.842228232265e-12       3.741604164466e-13      -1.917342241949e-15 
  185       7.201576538548e-10       1.029185705425e-13      -4.310682918373e-12       0.000000000000e+00       1.812827958144e-12       3.695494337243e-13      -1.866548635363e-15 
  186       7.229347695037e-10       1.016123719267e-13      -4.190400609509e-12       0.000000000000e+00       1.784055418046e-12       3.650064021497e-13      -1.815979684124e-15 
  187       7.256445032572e-10       1.003499857557e-13      -4.066569799318e-12       0.000000000000e+00       1.755882856144e-12       3.605255007958e-13      -1.765554324637e-15 
  188       7.282857701662e-10       9.913617252025e-14      -3.939221744230e-12       0.000000000000e+00       1.728280054133e-12       3.561004826673e-13      -1.715186840692e-15 
  189       7.308574774466e-10       9.797582103509e-14      -3.808390470938e-12       0.000000000000e+00       1.701214291203e-12       3.517246679625e-13      -1.664786793982e-15 
  190       7.333585243833e-10       9.687394973103e-14      -3.674112814002e-12       0.000000000000e+00       1.674650304007e-12       3.473909373359e-13      -1.614258954606e-15 
  191       7.357878763445e-10       9.583550118807e-14      -3.536426278424e-12       0.000000000000e+00       1.648557257535e-12       3.430932932531e-13      -1.563525627684e-15 
  192       7.381447932279e-10       9.486470583179e-14      -3.395362370018e-12       0.000000000000e+00       1.622930325123e-12       3.388316888886e-13      -1.512595648277e-15 
  193       7.404286180031e-10       9.396567288578e-14      -3.250952835979e-12       0.000000000000e+00       1.597770653785e-12       3.346075492975e-13      -1.461500439778e-15 
  194       7.426387042859e-10       9.314259344910e-14      -3.103231825169e-12       0.000000000000e+00       1.573078481890e-12       3.304222343005e-13      -1.410272086966e-15 
  195       7.447744164842e-10       9.239974111149e-14      -2.952235918595e-12       0.000000000000e+00       1.548853122078e-12       3.262770368774e-13      -1.358943339811e-15 
  196       7.468351299437e-10       9.174147256845e-14      -2.798004159881e-12       0.000000000000e+00       1.525092944161e-12       3.221731815605e-13      -1.307547617263e-15 
  197       7.488202310935e-10       9.117222823654e-14      -2.640578085749e-12       0.000000000000e+00       1.501795358038e-12       3.181118228288e-13      -1.256119011050e-15 
  198       7.507291175924e-10       9.069653286844e-14      -2.480001756490e-12       0.000000000000e+00       1.478956796605e-12       3.140940435011e-13      -1.204692289476e-15 
  199       7.525611984743e-10       9.031899616821e-14      -2.316321786440e-12       0.000000000000e+00       1.456572698661e-12       3.101208531301e-13      -1.153302901217e-15 
  200       7.543158942939e-10       9.004431340642e-14      -2.149587374455e-12       0.000000000000e+00       1.434637491821e-12       3.061931863959e-13      -1.101986979114e-15 
  201       7.559926372729e-10       8.987726603536e-14      -1.979850334390e-12       0.000000000000e+00       1.413144575425e-12       3.023119014995e-13      -1.050781343972e-15 
  202       7.575908714455e-10       8.982272230418e-14      -1.807165125569e-12       0.000000000000e+00       1.392086303447e-12       2.984777785570e-13      -9.997235083545e-16 
  203       7.591100528045e-10       8.988563787409e-14      -1.631588883266e-12       0.000000000000e+00       1.371453967405e-12       2.946915179926e-13      -9.488516803810e-16 
  204       7.605496494466e-10       9.007105643355e-14      -1.453181449174e-12       0.000000000000e+00       1.351237779269e-12       2.909537389327e-13      -8.982047675219e-16 
  205       7.619091417186e-10       9.038411031340e-14      -1.272005401887e-12       0.000000000000e+00       1.331426854374e-12       2.872649775995e-13      -8.478223803952e-16 
  206       7.631880223631e-10       9.083002110209e-14      -1.088126087370e-12       0.000000000000e+00       1.312009194327e-12       2.836256857045e-13      -7.977448365625e-16 
  207       7.643857966643e-10       9.141410026082e-14      -9.016116494379e-13       0.000000000000e+00       1.292971669920e-12       2.800362288426e-13      -7.480131643248e-16 
  208       7.655019825938e-10       9.214174973871e-14      -7.125330602290e-13       0.000000000000e+00       1.274300004033e-12       2.764968848850e-13      -6.986691065192e-16 
  209       7.665361109562e-10       9.301846258804e-14      -5.209641506811e-13       0.000000000000e+00       1.255978754552e-12       2.730078423737e-13      -6.497551243143e-16 
  210       7.674877255353e-10       9.404982357933e-14      -3.269816410068e-13       0.000000000000e+00       1.237991297272e-12       2.695691989147e-13      -6.013144010070e-16 
  211       7.683563832395e-10       9.524150981660e-14      -1.306651711688e-13       0.000000000000e+00       1.220319808811e-12       2.661809595717e-13      -5.533908458179e-16 
  212       7.691416542480e-10       9.659929135251e-14       6.790266864465e-14       0.000000000000e+00       1.202945249518e-12       2.628430352600e-13      -5.060290976880e-16 
  213       7.698431611341e-10       9.812870338635e-14       2.686405510855e-13       0.000000000000e+00       1.185851079925e-12       2.595552926631e-13      -4.592665950311e-16 
  214       7.704606988733e-10       9.983403695787e-14       4.714814305576e-13       0.000000000000e+00       1.169034724752e-12       2.563177110665e-13      -4.131091814157e-16 
  215       7.709941232251e-10       1.017192812527e-13       6.763603449815e-13       0.000000000000e+00       1.152496850390e-12       2.531302330155e-13      -3.675538591188e-16 
  216       7.714433127300e-10       1.037884456459e-13       8.832102320818e-13       0.000000000000e+00       1.136237693728e-12       2.499927122825e-13      -3.225965581261e-16 
  217       7.718081689584e-10       1.060455594524e-13       1.091961910084e-12       0.000000000000e+00       1.120257054883e-12       2.469049123959e-13      -2.782321190413e-16 
  218       7.720886167585e-10       1.084946716779e-13       1.302544058409e-12       0.000000000000e+00       1.104554289943e-12       2.438665051698e-13      -2.344542759943e-16 
  219       7.722846045049e-10       1.111398507691e-13       1.514883198372e-12       0.000000000000e+00       1.089128303703e-12       2.408770692329e-13      -1.912556395504e-16 
  220       7.723961043472e-10       1.139851843645e-13       1.728903673878e-12       0.000000000000e+00       1.073977542407e-12       2.379360885583e-13      -1.486276796190e-16 
  221       7.724231124583e-10       1.170347790448e-13       1.944527632114e-12       0.000000000000e+00       1.059099986484e-12       2.350429509922e-13      -1.065607083624e-16 
  222       7.723656492825e-10       1.202927600838e-13       2.161675004252e-12       0.000000000000e+00       1.044493143289e-12       2.321969467839e-13      -6.504386310420e-17 
  223       7.722237597843e-10       1.237632711984e-13       2.380263486141e-12       0.000000000000e+00       1.030154039838e-12       2.293972671145e-13      -2.406508923886e-17 
  224       7.719975136969e-10       1.274504743000e-13       2.600208519004e-12       0.000000000000e+00       1.016079215550e-12       2.266430026266e-13       1.638887686014e-17 
  225       7.716870057702e-10       1.313585492443e-13       2.821423270133e-12       0.000000000000e+00       1.002264714986e-12       2.239331419534e-13       5.633252493127e-17 
  226       7.712923560194e-10       1.354916935823e-13       3.043818613589e-12       0.000000000000e+00       9.887060805832e-13       2.212665702481e-13       9.578158791617e-17 
  227       7.708137099735e-10       1.398541223107e-13       3.267303110894e-12       0.000000000000e+00       9.753983453997e-13       2.186420677133e-13       1.347530590509e-16 
  228       7.702512389236e-10       1.444500676228e-13       3.491782991730e-12       0.000000000000e+00       9.623360258486e-13       2.160583081301e-13       1.732652089570e-16 
  229       7.696051401715e-10       1.492837786586e-13       3.717162134633e-12       0.000000000000e+00       9.495131144389e-13       2.135138573876e-13       2.113376027329e-16 
  230       7.688756372777e-10       1.543595212558e-13       3.943342047693e-12       0.000000000000e+00       9.369230725133e-13       2.110071720120e-13       2.489911170452e-16 
  231       7.680629803103e-10       1.596815776999e-13       4.170221849246e-12       0.000000000000e+00       9.245588229873e-13       2.085365976962e-13       2.862479572194e-16 
  232       7.671674460932e-10       1.652542464756e-13       4.397698248572e-12       0.000000000000e+00       9.124127430878e-13       2.061003678289e-13       3.231316743316e-16 
  233       7.661893384542e-10       1.710818420163e-13       4.625665526592e-12       0.000000000000e+00       9.004766570915e-13       2.036966020239e-13       3.596671822996e-16 
  234       7.651289884741e-10       1.771686944556e-13       4.854015516563e-12       0.000000000000e+00       8.887418290640e-13       2.013233046496e-13       3.958807749739e-16 
  235       7.639867547344e-10       1.835191493773e-13       5.082637584775e-12       0.000000000000e+00       8.771989555981e-13       1.989783633580e-13       4.318001432291e-16 
  236       7.627630235664e-10       1.901375675665e-13       5.311418611248e-12       0.000000000000e+00       8.658381585528e-13       1.966595476144e-13       4.674543920551e-16 
  237       7.614582092989e-10       1.970283247596e-13       5.540242970424e-12       0.000000000000e+00       8.546489777916e-13       1.943645072264e-13       5.028740576482e-16 
  238       7.600727502239e-10       2.041954187635e-13       5.768999106998e-12       0.000000000000e+00       8.436223842039e-13       1.920912257920e-13       5.380837245983e-16 
  239       7.586070957069e-10       2.116412649162e-13       5.997599745356e-12       0.000000000000e+00       8.327569691075e-13       1.898394145675e-13       5.730793457958e-16 
  240       7.570617187775e-10       2.193678271669e-13       6.225962867054e-12       0.000000000000e+00       8.220531157389e-13       1.876092001929e-13       6.078495816324e-16 
  241       7.554371205801e-10       2.273770030730e-13       6.454005220448e-12       0.000000000000e+00       8.115110097125e-13       1.854006768595e-13       6.423830777982e-16 
  242       7.537338306136e-10       2.356706227223e-13       6.681642315299e-12       0.000000000000e+00       8.011306360219e-13       1.832139057992e-13       6.766684667616e-16 
  243       7.519524069705e-10       2.442504476551e-13       6.908788417389e-12       0.000000000000e+00       7.909117760400e-13       1.810489147738e-13       7.106943692492e-16 
  244       7.500934365767e-10       2.531181697866e-13       7.135356543123e-12       0.000000000000e+00       7.808540045205e-13       1.789056975632e-13       7.444493957267e-16 
  245       7.481575354303e-10       2.622754103291e-13       7.361258454146e-12       0.000000000000e+00       7.709566865977e-13       1.767842134554e-13       7.779221478782e-16 
  246       7.461453488414e-10       2.717237187144e-13       7.586404651947e-12       0.000000000000e+00       7.612189747880e-13       1.746843867346e-13       8.111012200868e-16 
  247       7.440575516714e-10       2.814645715159e-13       7.810704372472e-12       0.000000000000e+00       7.516398059902e-13       1.726061061711e-13       8.439752009147e-16 
  248       7.418948485722e-10       2.914993713710e-13       8.034065580730e-12       0.000000000000e+00       7.422178984864e-13       1.705492245096e-13       8.765326745832e-16 
  249       7.396579742259e-10       3.018294459033e-13       8.256394965406e-12       0.000000000000e+00       7.329517489425e-13       1.685135579586e-13       9.087622224531e-16 
  250       7.373476935837e-10       3.124560466449e-13       8.477597933470e-12       0.000000000000e+00       7.238396294094e-13       1.664988856793e-13       9.406524245046e-16 
  251       7.349648021058e-10       3.233803479587e-13       8.697578604783e-12       0.000000000000e+00       7.148795843231e-13       1.645049492747e-13       9.721918608174e-16 
  252       7.325101260005e-10       3.346034459606e-13       8.916239806712e-12       0.000000000000e+00       7.060694275060e-13       1.625314522786e-13       1.003369113051e-15 
  253       7.299845224634e-10       3.461263574419e-13       9.133483068734e-12       0.000000000000e+00       6.974067391673e-13       1.605780596444e-13       1.034172765925e-15 
  254       7.273888799172e-10       3.579500187913e-13       9.349208617051e-12       0.000000000000e+00       6.888888629036e-13       1.586443972346e-13       1.064591408699e-15 
  255       7.247241182509e-10       3.700752849176e-13       9.563315369194e-12       0.000000000000e+00       6.805129027000e-13       1.567300513094e-13       1.094613636653e-15 
  256       7.219911890588e-10       3.825029281716e-13       9.775700928637e-12       0.000000000000e+00       6.722757199307e-13       1.548345680157e-13       1.124228052567e-15 
  257       7.191910758807e-10       3.952336372685e-13       9.986261579405e-12       0.000000000000e+00       6.641739303594e-13       1.529574528765e-13       1.153423268201e-15 
  258       7.163247944403e-10       4.082680162101e-13       1.019489228068e-11       0.000000000000e+00       6.562039011407e-13       1.510981702796e-13       1.182187905777e-15 
  259       7.133933928853e-10       4.216065832073e-13       1.040148666142e-11       0.000000000000e+00       6.483617478200e-13       1.492561429667e-13       1.210510599457e-15 
  260       7.103979520267e-10       4.352497696021e-13       1.060593701496e-11       0.000000000000e+00       6.406433313349e-13       1.474307515226e-13       1.238379996823e-15 
  261       7.073395855777e-10       4.491979187901e-13       1.080813429361e-11       0.000000000000e+00       6.330442550156e-13       1.456213338638e-13       1.265784760360e-15 
  262       7.042194403935e-10       4.634512851425e-13       1.100796810331e-11       0.000000000000e+00       6.255598615855e-13       1.438271847279e-13       1.292713568934e-15 
  263       7.010386967107e-10       4.780100329288e-13       1.120532669818e-11       0.000000000000e+00       6.181852301625e-13       1.420475551626e-13       1.319155119269e-15 
  264       6.977985683863e-10       4.928742352384e-13       1.140009697516e-11       0.000000000000e+00       6.109151732589e-13       1.402816520144e-13       1.345098127436e-15 
  265       6.945003031376e-10       5.080438729037e-13       1.159216446863e-11       0.000000000000e+00       6.037442337830e-13       1.385286374182e-13       1.370531330323e-15 
  266       6.911451252291e-10       5.235185704997e-13       1.178142124624e-11       0.000000000000e+00       5.966677199202e-13       1.367878376977e-13       1.395445974550e-15 
  267       6.877340595949e-10       5.392967906855e-13       1.196779008254e-11       0.000000000000e+00       5.896848782067e-13       1.350593836887e-13       1.419843429855e-15 
  268       6.842680986318e-10       5.553765940169e-13       1.215120158754e-11       0.000000000000e+00       5.827958869263e-13       1.333436041926e-13       1.443727992012e-15 
  269       6.807482590323e-10       5.717558964150e-13       1.233158643162e-11       0.000000000000e+00       5.760008325033e-13       1.316408195395e-13       1.467104438279e-15 
  270       6.771755819276e-10       5.884324676438e-13       1.250887535343e-11       0.000000000000e+00       5.692997082564e-13       1.299513414302e-13       1.489978033083e-15 
  271       6.735511330289e-10       6.054039297888e-13       1.268299916792e-11       0.000000000000e+00       5.626924131537e-13       1.282754727794e-13       1.512354533704e-15 
  272       6.698760027700e-10       6.226677557346e-13       1.285388877423e-11       0.000000000000e+00       5.561787505664e-13       1.266135075586e-13       1.534240195954e-15 
  273       6.661513064493e-10       6.402212676430e-13       1.302147516371e-11       0.000000000000e+00       5.497584270236e-13       1.249657306389e-13       1.555641779864e-15 
  274       6.623781843720e-10       6.580616354313e-13       1.318568942783e-11       0.000000000000e+00       5.434310509665e-13       1.233324176335e-13       1.576566555365e-15 
  275       6.585578019922e-10       6.761858752502e-13       1.334646276616e-11       0.000000000000e+00       5.371961315028e-13       1.217138347412e-13       1.597022307969e-15 
  276       6.546913500550e-10       6.945908479615e-13       1.350372649435e-11       0.000000000000e+00       5.310530771607e-13       1.201102385887e-13       1.617017344458e-15 
  277       6.507800447386e-10       7.132732576169e-13       1.365741205206e-11       0.000000000000e+00       5.250011946438e-13       1.185218760737e-13       1.636560498559e-15 
  278       6.468251277965e-10       7.322296499351e-13       1.380745101093e-11       0.000000000000e+00       5.190396875851e-13       1.169489842078e-13       1.655661136634e-15 
  279       6.428278666998e-10       7.514564107805e-13       1.395377508254e-11       0.000000000000e+00       5.131676553014e-13       1.153917899590e-13       1.674329163358e-15 
  280       6.387895547790e-10       7.709497646410e-13       1.409631612637e-11       0.000000000000e+00       5.073840915478e-13       1.138505100950e-13       1.692575027405e-15 
  281       6.347115113663e-10       7.907057731062e-13       1.423500615775e-11       0.000000000000e+00       5.016878832716e-13       1.123253510257e-13       1.710409727129e-15 
  282       6.305950819379e-10       8.107203333451e-13       1.436977735585e-11       0.000000000000e+00       4.960778093673e-13       1.108165086463e-13       1.727844816250e-15 
  283       6.264416382558e-10       8.309891765845e-13       1.450056207159e-11       0.000000000000e+00       4.905525394305e-13       1.093241681799e-13       1.744892409531e-15 
  284       6.222525785101e-10       8.515078665867e-13       1.462729283566e-11       0.000000000000e+00       4.851106325123e-13       1.078485040206e-13       1.761565188468e-15 
  285       6.180293274614e-10       8.722717981277e-13       1.474990236641e-11       0.000000000000e+00       4.797505358737e-13       1.063896795761e-13       1.777876406967e-15 
  286       6.137733365823e-10       8.932761954755e-13       1.486832357787e-11       0.000000000000e+00       4.744705837399e-13       1.049478471109e-13       1.793839897033e-15 
  287       6.094860842002e-10       9.145161108677e-13       1.498248958770e-11       0.000000000000e+00       4.692689960550e-13       1.035231475886e-13       1.809470074445e-15 
  288       6.051690756390e-10       9.359864229895e-13       1.509233372510e-11       0.000000000000e+00       4.641438772357e-13       1.021157105152e-13       1.824781944448e-15 
  289       6.008238433615e-10       9.576818354523e-13       1.519778953883e-11       0.000000000000e+00       4.590932149261e-13       1.007256537820e-13       1.839791107428e-15 
  290       5.964519471114e-10       9.795968752712e-13       1.529879080514e-11       0.000000000000e+00       4.541148787519e-13       9.935308350803e-14       1.854513764600e-15 
  291       5.920549740553e-10       1.001725891343e-12       1.539527153574e-11       0.000000000000e+00       4.492066190750e-13       9.799809388316e-14       1.868966723689e-15 
  292       5.876345389252e-10       1.024063052925e-12       1.548716598574e-11       0.000000000000e+00       4.443660657473e-13       9.666076701099e-14       1.883167404613e-15 
  293       5.831922841602e-10       1.046602348112e-12       1.557440866164e-11       0.000000000000e+00       4.395907268655e-13       9.534117275159e-14       1.897133845166e-15 
  294       5.787298800492e-10       1.069337582315e-12       1.565693432927e-11       0.000000000000e+00       4.348779875255e-13       9.403936856437e-14       1.910884706703e-15 
  295       5.742490248723e-10       1.092262376739e-12       1.573467802174e-11       0.000000000000e+00       4.302251085763e-13       9.275539935098e-14       1.924439279818e-15 
  296       5.697514450436e-10       1.115370166861e-12       1.580757504742e-11       0.000000000000e+00       4.256292253748e-13       9.148929729806e-14       1.937817490033e-15 
  297       5.652387905124e-10       1.138654369070e-12       1.587556755607e-11       0.000000000000e+00       4.210878865390e-13       9.024106810461e-14       1.951035428108e-15 
  298       5.607123150411e-10       1.162108892692e-12       1.593862457455e-11       0.000000000000e+00       4.166007017911e-13       8.901064924457e-14       1.964091688525e-15 
  299       5.561731806308e-10       1.185727649935e-12       1.599672296258e-11       0.000000000000e+00       4.121677719527e-13       8.779794936449e-14       1.976980376624e-15 
  300       5.516225608580e-10       1.209504388689e-12       1.604984095936e-11       0.000000000000e+00       4.077891556679e-13       8.660286154099e-14       1.989695523615e-15 
  301       5.470616408752e-10       1.233432691233e-12       1.609795820036e-11       0.000000000000e+00       4.034648688900e-13       8.542526310518e-14       2.002231086193e-15 
  302       5.424916174109e-10       1.257505972935e-12       1.614105573419e-11       0.000000000000e+00       3.991948843683e-13       8.426501546704e-14       2.014580946153e-15 
  303       5.379136987694e-10       1.281717480966e-12       1.617911603949e-11       0.000000000000e+00       3.949791311340e-13       8.312196393981e-14       2.026738910006e-15 
  304       5.333291048315e-10       1.306060293001e-12       1.621212304172e-11       0.000000000000e+00       3.908174939871e-13       8.199593756436e-14       2.038698708591e-15 
  305       5.287390670541e-10       1.330527315926e-12       1.624006213006e-11       0.000000000000e+00       3.867098129830e-13       8.088674893360e-14       2.050453996695e-15 
  306       5.241448284704e-10       1.355111284544e-12       1.626292017423e-11       0.000000000000e+00       3.826558829185e-13       7.979419401685e-14       2.061998352663e-15 
  307       5.195476436906e-10       1.379804760283e-12       1.628068554137e-11       0.000000000000e+00       3.786554528188e-13       7.871805198424e-14       2.073325278018e-15 
  308       5.149487789012e-10       1.404600129899e-12       1.629334811287e-11       0.000000000000e+00       3.747082254237e-13       7.765808503109e-14       2.084428197071e-15 
  309       5.103495118655e-10       1.429489604184e-12       1.630089930122e-11       0.000000000000e+00       3.708138566743e-13       7.661403820227e-14       2.095300456540e-15 
  310       5.057511319240e-10       1.454465216671e-12       1.630333206687e-11       0.000000000000e+00       3.669719551994e-13       7.558563921666e-14       2.105935325163e-15 
  311       5.011549399940e-10       1.479518822341e-12       1.630064093509e-11       0.000000000000e+00       3.631820818019e-13       7.457259829146e-14       2.116325993314e-15 
  312       4.965622485700e-10       1.504642096329e-12       1.629282201280e-11       0.000000000000e+00       3.594437489455e-13       7.357460796660e-14       2.126465572618e-15 
  313       4.919743817239e-10       1.529826532628e-12       1.627987300544e-11       0.000000000000e+00       3.557564202411e-13       7.259134292917e-14       2.136347095564e-15 
  314       4.873926751050e-10       1.555063442798e-12       1.626179323381e-11       0.000000000000e+00       3.521195099332e-13       7.162245983773e-14       2.145963515126e-15 
  315       4.828184759401e-10       1.580343954670e-12       1.623858365094e-11       0.000000000000e+00       3.485323823866e-13       7.066759714676e-14       2.155307704368e-15 
  316       4.782531430336e-10       1.605659011053e-12       1.621024685891e-11       0.000000000000e+00       3.449943515728e-13       6.972637493103e-14       2.164372456071e-15 
  317       4.736980467679e-10       1.630999368441e-12       1.617678712572e-11       0.000000000000e+00       3.415046805563e-13       6.879839470997e-14       2.173150482338e-15 
  318       4.691545691030e-10       1.656355595714e-12       1.613821040215e-11       0.000000000000e+00       3.380625809817e-13       6.788323927206e-14       2.181634414214e-15 
  319       4.646241035773e-10       1.681718072853e-12       1.609452433860e-11       0.000000000000e+00       3.346672125594e-13       6.698047249926e-14       2.189816801300e-15 
  320       4.601080553071e-10       1.707076989636e-12       1.604573830193e-11       0.000000000000e+00       3.313176825526e-13       6.608963919133e-14       2.197690111371e-15 
  321       4.556078409870e-10       1.732422344353e-12       1.599186339234e-11       0.000000000000e+00       3.280130452639e-13       6.521026489025e-14       2.205246729984e-15 
  322       4.511248888902e-10       1.757743942503e-12       1.593291246020e-11       0.000000000000e+00       3.247523015214e-13       6.434185570463e-14       2.212478960101e-15 
  323       4.466606388683e-10       1.783031395511e-12       1.586890012290e-11       0.000000000000e+00       3.215343981653e-13       6.348389813406e-14       2.219379021698e-15 
  324       4.422165423515e-10       1.808274119422e-12       1.579984278173e-11       0.000000000000e+00       3.183582275348e-13       6.263585889350e-14       2.225939051383e-15 
  325       4.377940623489e-10       1.833461333618e-12       1.572575863868e-11       0.000000000000e+00       3.152226269540e-13       6.179718473769e-14       2.232151102011e-15 
  326       4.333946734485e-10       1.858582059515e-12       1.564666771334e-11       0.000000000000e+00       3.121263782188e-13       6.096730228552e-14       2.238007142299e-15 
  327       4.290198618171e-10       1.883625119277e-12       1.556259185974e-11       0.000000000000e+00       3.090682070833e-13       6.014561784442e-14       2.243499056441e-15 
  328       4.246711252010e-10       1.908579134514e-12       1.547355478317e-11       0.000000000000e+00       3.060467827463e-13       5.933151723475e-14       2.248618643720e-15 
  329       4.203499729256e-10       1.933432524995e-12       1.537958205709e-11       0.000000000000e+00       3.030607173377e-13       5.852436561419e-14       2.253357618129e-15 
  330       4.160579258956e-10       1.958173507351e-12       1.528070113990e-11       0.000000000000e+00       3.001085654053e-13       5.772350730210e-14       2.257707607981e-15 
  331       4.117965165955e-10       1.982790093780e-12       1.517694139189e-11       0.000000000000e+00       2.971888234008e-13       5.692826560395e-14       2.261660155528e-15 
  332       4.075671712392e-10       2.007270957693e-12       1.506833461664e-11       0.000000000000e+00       2.943002102841e-13       5.613808090385e-14       2.265208961027e-15 
  333       4.033708505409e-10       2.031608075010e-12       1.495491667713e-11       0.000000000000e+00       2.914425239092e-13       5.535293195694e-14       2.268356723898e-15 
  334       3.992083932686e-10       2.055794195596e-12       1.483672598313e-11       0.000000000000e+00       2.886158210048e-13       5.457293263804e-14       2.271108599352e-15 
  335       3.950806325527e-10       2.079821986363e-12       1.471380299032e-11       0.000000000000e+00       2.858201392207e-13       5.379819530626e-14       2.273469982908e-15 
  336       3.909883957580e-10       2.103684030923e-12       1.458619021769e-11       0.000000000000e+00       2.830554969190e-13       5.302883077953e-14       2.275446512446e-15 
  337       3.869325043562e-10       2.127372829232e-12       1.445393226498e-11       0.000000000000e+00       2.803218929657e-13       5.226494830903e-14       2.277044070252e-15 
  338       3.829137737980e-10       2.150880797235e-12       1.431707583005e-11       0.000000000000e+00       2.776193065229e-13       5.150665555365e-14       2.278268785077e-15 
  339       3.789330133854e-10       2.174200266516e-12       1.417566972636e-11       0.000000000000e+00       2.749476968399e-13       5.075405855448e-14       2.279127034183e-15 
  340       3.749910261437e-10       2.197323483947e-12       1.402976490038e-11       0.000000000000e+00       2.723070030447e-13       5.000726170929e-14       2.279625445395e-15 
  341       3.710886086937e-10       2.220242611328e-12       1.387941444897e-11       0.000000000000e+00       2.696971439364e-13       4.926636774693e-14       2.279770899154e-15 
  342       3.672265511244e-10       2.242949725041e-12       1.372467363683e-11       0.000000000000e+00       2.671180177760e-13       4.853147770186e-14       2.279570530567e-15 
  343       3.634056368644e-10       2.265436815695e-12       1.356559991395e-11       0.000000000000e+00       2.645695020785e-13       4.780269088861e-14       2.279031731460e-15 
  344       3.596266425549e-10       2.287695787770e-12       1.340225293296e-11       0.000000000000e+00       2.620514534044e-13       4.708010487621e-14       2.278162152426e-15 
  345       3.558903379214e-10       2.309718459267e-12       1.323469456663e-11       0.000000000000e+00       2.595637071513e-13       4.636381546269e-14       2.276969704879e-15 
  346       3.521974856459e-10       2.331496561357e-12       1.306298892522e-11       0.000000000000e+00       2.571060773455e-13       4.565391664953e-14       2.275462563102e-15 
  347       3.485488412396e-10       2.353021738022e-12       1.288720237396e-11       0.000000000000e+00       2.546783564339e-13       4.495050061613e-14       2.273649166305e-15 
  348       3.449451529145e-10       2.374285545708e-12       1.270740355043e-11       0.000000000000e+00       2.522803150752e-13       4.425365769428e-14       2.271538220667e-15 
  349       3.413871614560e-10       2.395279452967e-12       1.252366338198e-11       0.000000000000e+00       2.499117019319e-13       4.356347634262e-14       2.269138701396e-15 
  350       3.378756000948e-10       2.415994840109e-12       1.233605510320e-11       0.000000000000e+00       2.475722434617e-13       4.288004312112e-14       2.266459854774e-15 
  351       3.344111943797e-10       2.436422998846e-12       1.214465427328e-11       0.000000000000e+00       2.452616437092e-13       4.220344266553e-14       2.263511200210e-15 
  352       3.309946620489e-10       2.456555131939e-12       1.194953879346e-11       0.000000000000e+00       2.429795840976e-13       4.153375766183e-14       2.260302532294e-15 
  353       3.276267129030e-10       2.476382352846e-12       1.175078892447e-11       0.000000000000e+00       2.407257232204e-13       4.087106882077e-14       2.256843922844e-15 
  354       3.243080486768e-10       2.495895685368e-12       1.154848730391e-11       0.000000000000e+00       2.384996966327e-13       4.021545485223e-14       2.253145722961e-15 
  355       3.210393629117e-10       2.515086063299e-12       1.134271896368e-11       0.000000000000e+00       2.363011166431e-13       3.956699243977e-14       2.249218565078e-15 
  356       3.178213408279e-10       2.533944330067e-12       1.113357134744e-11       0.000000000000e+00       2.341295721052e-13       3.892575621508e-14       2.245073365009e-15 
  357       3.146546591961e-10       2.552461238387e-12       1.092113432798e-11       0.000000000000e+00       2.319846282095e-13       3.829181873240e-14       2.240721324008e-15 
  358       3.115399862107e-10       2.570627449907e-12       1.070550022467e-11       0.000000000000e+00       2.298658262746e-13       3.766525044305e-14       2.236173930811e-15 
  359       3.084779813611e-10       2.588433534851e-12       1.048676382088e-11       0.000000000000e+00       2.277726835392e-13       3.704611966985e-14       2.231442963694e-15 
  360       3.054692953044e-10       2.605869971671e-12       1.026502238138e-11       0.000000000000e+00       2.257046929536e-13       3.643449258160e-14       2.226540492520e-15 
  361       3.025145697372e-10       2.622927146691e-12       1.004037566978e-11       0.000000000000e+00       2.236613229711e-13       3.583043316757e-14       2.221478880793e-15 
  362       2.996144372684e-10       2.639595353755e-12       9.812925965962e-12       0.000000000000e+00       2.216420173402e-13       3.523400321192e-14       2.216270787709e-15 
  363       2.967695212909e-10       2.655864793874e-12       9.582778083462e-12       0.000000000000e+00       2.196461948956e-13       3.464526226821e-14       2.210929170205e-15 
  364       2.939804358540e-10       2.671725574872e-12       9.350039386927e-12       0.000000000000e+00       2.176732493502e-13       3.406426763384e-14       2.205467285012e-15 
  365       2.912477855355e-10       2.687167711037e-12       9.114819809521e-12       0.000000000000e+00       2.157225490866e-13       3.349107432452e-14       2.199898690707e-15 
  366       2.885721653142e-10       2.702181122760e-12       8.877231870346e-12       0.000000000000e+00       2.137934369488e-13       3.292573504876e-14       2.194237249762e-15 
  367       2.859541604416e-10       2.716755636193e-12       8.637390691867e-12       0.000000000000e+00       2.118852300339e-13       3.236830018230e-14       2.188497130597e-15 
  368       2.833943463147e-10       2.730880982885e-12       8.395414017329e-12       0.000000000000e+00       2.099972194834e-13       3.181881774259e-14       2.182692809631e-15 
  369       2.808932883477e-10       2.744546799437e-12       8.151422228179e-12       0.000000000000e+00       2.081286702754e-13       3.127733336326e-14       2.176839073332e-15 
  370       2.784515418445e-10       2.757742627144e-12       7.905538361487e-12       0.000000000000e+00       2.062788210154e-13       3.074389026862e-14       2.170951020270e-15 
  371       2.760695907733e-10       2.770459206432e-12       7.657879251368e-12       0.000000000000e+00       2.044470228025e-13       3.021851586639e-14       2.165040911597e-15 
  372       2.737476617115e-10       2.782692416695e-12       7.408528535601e-12       0.000000000000e+00       2.026331622386e-13       2.970118100021e-14       2.159108582462e-15 
  373       2.714859023753e-10       2.794439489813e-12       7.157562627699e-12       0.000000000000e+00       2.008372545506e-13       2.919183905382e-14       2.153150659696e-15 
  374       2.692844418799e-10       2.805697730048e-12       6.905059507299e-12       0.000000000000e+00       1.990593059221e-13       2.869043915187e-14       2.147163678848e-15 
  375       2.671433905592e-10       2.816464514816e-12       6.651098729864e-12       0.000000000000e+00       1.972993134065e-13       2.819692612275e-14       2.141144083497e-15 
  376       2.650628397844e-10       2.826737295454e-12       6.395761436391e-12       0.000000000000e+00       1.955572648394e-13       2.771124046141e-14       2.135088224564e-15 
  377       2.630428617832e-10       2.836513598001e-12       6.139130363110e-12       0.000000000000e+00       1.938331387510e-13       2.723331829218e-14       2.128992359622e-15 
  378       2.610835094588e-10       2.845791023966e-12       5.881289851189e-12       0.000000000000e+00       1.921269042788e-13       2.676309133166e-14       2.122852652208e-15 
  379       2.591848162094e-10       2.854567251100e-12       5.622325856436e-12       0.000000000000e+00       1.904385210801e-13       2.630048685146e-14       2.116665171131e-15 
  380       2.573467957467e-10       2.862840034174e-12       5.362325959005e-12       0.000000000000e+00       1.887679392446e-13       2.584542764112e-14       2.110425889788e-15 
  381       2.555694419153e-10       2.870607205746e-12       5.101379373095e-12       0.000000000000e+00       1.871150992069e-13       2.539783197087e-14       2.104130685471e-15 
  382       2.538527285119e-10       2.877866676936e-12       4.839576956659e-12       0.000000000000e+00       1.854799316590e-13       2.495761355452e-14       2.097775338678e-15 
  383       2.521966091039e-10       2.884616438203e-12       4.577011221102e-12       0.000000000000e+00       1.838623574631e-13       2.452468151224e-14       2.091355532429e-15 
  384       2.506010168492e-10       2.890854560109e-12       4.313776340986e-12       0.000000000000e+00       1.822622875639e-13       2.409894033344e-14       2.084866851568e-15 
  385       2.490658643145e-10       2.896579194100e-12       4.049968163736e-12       0.000000000000e+00       1.806796229012e-13       2.368028983954e-14       2.078304782084e-15 
  386       2.475910432951e-10       2.901788573276e-12       3.785684219337e-12       0.000000000000e+00       1.791142543224e-13       2.326862514688e-14       2.071664710414e-15 
  387       2.461764246335e-10       2.906481013160e-12       3.521023730046e-12       0.000000000000e+00       1.775660624955e-13       2.286383662946e-14       2.064941922759e-15 
  388       2.448218580386e-10       2.910654912479e-12       3.256087620088e-12       0.000000000000e+00       1.760349178208e-13       2.246580988187e-14       2.058131604392e-15 
  389       2.435271719048e-10       2.914308753929e-12       2.990978525360e-12       0.000000000000e+00       1.745206803443e-13       2.207442568202e-14       2.051228838970e-15 
  390       2.422921731312e-10       2.917441104951e-12       2.725800803139e-12       0.000000000000e+00       1.730231996698e-13       2.168955995406e-14       2.044228607847e-15 
  391       2.411166469406e-10       2.920050618506e-12       2.460660541782e-12       0.000000000000e+00       1.715423148715e-13       2.131108373116e-14       2.037125789381e-15 
  392       2.400003566986e-10       2.922136033844e-12       2.195665570428e-12       0.000000000000e+00       1.700778544067e-13       2.093886311833e-14       2.029915158248e-15 
  393       2.389430437324e-10       2.923696177279e-12       1.930925468705e-12       0.000000000000e+00       1.686296360283e-13       2.057275925532e-14       2.022591384752e-15 
  394       2.379444271503e-10       2.924729962961e-12       1.666551576429e-12       0.000000000000e+00       1.671974666971e-13       2.021262827937e-14       2.015149034137e-15 
  395       2.370042036608e-10       2.925236393650e-12       1.402657003310e-12       0.000000000000e+00       1.657811424948e-13       1.985832128808e-14       2.007582565895e-15 
  396       2.361220473911e-10       2.925214561486e-12       1.139356638657e-12       0.000000000000e+00       1.643804485362e-13       1.950968430226e-14       1.999886333081e-15 
  397       2.352976097070e-10       2.924663648767e-12       8.767671610768e-13       0.000000000000e+00       1.629951588819e-13       1.916655822871e-14       1.992054581621e-15 
  398       2.345305190312e-10       2.923582928715e-12       6.150070481794e-13       0.000000000000e+00       1.616250364508e-13       1.882877882310e-14       1.984081449625e-15 
  399       2.338203806631e-10       2.921971766256e-12       3.541965862823e-13       0.000000000000e+00       1.602698329328e-13       1.849617665277e-14       1.975960966696e-15 
  400       2.331667765972e-10       2.919829618787e-12       9.445788011285e-14       0.000000000000e+00       1.589292887010e-13       1.816857705959e-14       1.967687053243e-15 
  401       2.325692653428e-10       2.917156036952e-12      -1.640851374888e-13       0.000000000000e+00       1.576031327247e-13       1.784580012275e-14       1.959253519789e-15 
  402       2.320273817425e-10       2.913950665413e-12      -4.213066958658e-13       0.000000000000e+00       1.562910824817e-13       1.752766062162e-14       1.950654066287e-15 
  403       2.315406367919e-10       2.910213243625e-12      -6.770791768416e-13       0.000000000000e+00       1.549928438708e-13       1.721396799859e-14       1.941882281425e-15 
  404       2.311085174581e-10       2.905943606607e-12      -9.312731050169e-13       0.000000000000e+00       1.537081111246e-13       1.690452632187e-14       1.932931641942e-15 
  405       2.307304864993e-10       2.901141685716e-12      -1.183757138066e-12       0.000000000000e+00       1.524365667218e-13       1.659913424834e-14       1.923795511937e-15 
  406       2.304059822834e-10       2.895807509420e-12      -1.434398057033e-12       0.000000000000e+00       1.511778812999e-13       1.629758498640e-14       1.914467142179e-15 
  407       2.301344186074e-10       2.889941204067e-12      -1.683060756630e-12       0.000000000000e+00       1.499317135675e-13       1.599966625874e-14       1.904939669418e-15 
  408       2.299151845164e-10       2.883542994665e-12      -1.929608235532e-12       0.000000000000e+00       1.486977102174e-13       1.570516026526e-14       1.895206115700e-15 
  409       2.297476441227e-10       2.876613205647e-12      -2.173901586677e-12       0.000000000000e+00       1.474755058386e-13       1.541384364580e-14       1.885259387671e-15 
  410       2.296311364249e-10       2.869152261651e-12      -2.415799987556e-12       0.000000000000e+00       1.462647228292e-13       1.512548744306e-14       1.875092275896e-15 
  411       2.295650191650e-10       2.861161409469e-12      -2.655175326840e-12       0.000000000000e+00       1.450650380708e-13       1.483990207217e-14       1.864699415221e-15 
  412       2.295488024765e-10       2.852644910447e-12      -2.891956673414e-12       0.000000000000e+00       1.438763857271e-13       1.455707405600e-14       1.854083243611e-15 
  413       2.295820196031e-10       2.843607927069e-12      -3.126087359506e-12       0.000000000000e+00       1.426987614393e-13       1.427703404811e-14       1.843248252504e-15 
  414       2.296641831381e-10       2.834055810052e-12      -3.357510486963e-12       0.000000000000e+00       1.415321561709e-13       1.399981225713e-14       1.832199045471e-15 
  415       2.297947848744e-10       2.823994099633e-12      -3.586168927914e-12       0.000000000000e+00       1.403765561676e-13       1.372543844148e-14       1.820940338919e-15 
  416       2.299732956549e-10       2.813428526851e-12      -3.812005325444e-12       0.000000000000e+00       1.392319429177e-13       1.345394190412e-14       1.809476962788e-15 
  417       2.301991652227e-10       2.802365014828e-12      -4.034962094263e-12       0.000000000000e+00       1.380982931112e-13       1.318535148723e-14       1.797813861255e-15 
  418       2.304718220718e-10       2.790809680060e-12      -4.254981421372e-12       0.000000000000e+00       1.369755786002e-13       1.291969556698e-14       1.785956093432e-15 
  419       2.307906732969e-10       2.778768833693e-12      -4.472005266735e-12       0.000000000000e+00       1.358637663585e-13       1.265700204823e-14       1.773908834067e-15 
  420       2.311551044437e-10       2.766248982812e-12      -4.685975363945e-12       0.000000000000e+00       1.347628184416e-13       1.239729835926e-14       1.761677374248e-15 
  421       2.315644793598e-10       2.753256831725e-12      -4.896833220897e-12       0.000000000000e+00       1.336726919465e-13       1.214061144650e-14       1.749267122100e-15 
  422       2.320181400441e-10       2.739799283242e-12      -5.104520120453e-12       0.000000000000e+00       1.325933389717e-13       1.188696776926e-14       1.736683603487e-15 
  423       2.325154064980e-10       2.725883439965e-12      -5.308977121112e-12       0.000000000000e+00       1.315247065768e-13       1.163639329444e-14       1.723932462712e-15 
  424       2.330555765748e-10       2.711516605569e-12      -5.510145057682e-12       0.000000000000e+00       1.304667367425e-13       1.138891349129e-14       1.711019463221e-15 
  425       2.336379258308e-10       2.696706286084e-12      -5.707964541946e-12       0.000000000000e+00       1.294193663307e-13       1.114455332609e-14       1.697950488299e-15 
  426       2.342617073750e-10       2.681460191184e-12      -5.902375963329e-12       0.000000000000e+00       1.283825270440e-13       1.090333725691e-14       1.684731541774e-15 
  427       2.349261517197e-10       2.665786235467e-12      -6.093319489574e-12       0.000000000000e+00       1.273561453857e-13       1.066528922831e-14       1.671368748716e-15 
  428       2.356304666307e-10       2.649692539738e-12      -6.280735067402e-12       0.000000000000e+00       1.263401426196e-13       1.043043266611e-14       1.657868356140e-15 
  429       2.363738369777e-10       2.633187432296e-12      -6.464562423190e-12       0.000000000000e+00       1.253344347302e-13       1.019879047205e-14       1.644236733702e-15 
  430       2.371554245844e-10       2.616279450218e-12      -6.644741063633e-12       0.000000000000e+00       1.243389323821e-13       9.970385018583e-15       1.630480374407e-15 
  431       2.379743680788e-10       2.598977340639e-12      -6.821210276416e-12       0.000000000000e+00       1.233535408802e-13       9.745238143554e-15       1.616605895302e-15 
  432       2.388297827437e-10       2.581290062041e-12      -6.993909130883e-12       0.000000000000e+00       1.223781601293e-13       9.523371144948e-15       1.602620038183e-15 
  433       2.397207603668e-10       2.563226785533e-12      -7.162776478705e-12       0.000000000000e+00       1.214126845942e-13       9.304804775608e-15       1.588529670290e-15 
  434       2.406463690911e-10       2.544796896137e-12      -7.327750954552e-12       0.000000000000e+00       1.204570032595e-13       9.089559237965e-15       1.574341785015e-15 
  435       2.416056532652e-10       2.526009994069e-12      -7.488770976755e-12       0.000000000000e+00       1.195109995894e-13       8.877654178761e-15       1.560063502595e-15 
  436       2.425976332934e-10       2.506875896029e-12      -7.645774747985e-12       0.000000000000e+00       1.185745514876e-13       8.669108683775e-15       1.545702070817e-15 
  437       2.436213054863e-10       2.487404636477e-12      -7.798700255913e-12       0.000000000000e+00       1.176475312571e-13       8.463941272553e-15       1.531264865720e-15 
  438       2.446756419108e-10       2.467606468924e-12      -7.947485273883e-12       0.000000000000e+00       1.167298055603e-13       8.262169893128e-15       1.516759392290e-15 
  439       2.457595902406e-10       2.447491867212e-12      -8.092067361582e-12       0.000000000000e+00       1.158212353786e-13       8.063811916750e-15       1.502193285167e-15 
  440       2.468720736063e-10       2.427071526797e-12      -8.232383865707e-12       0.000000000000e+00       1.149216759724e-13       7.868884132611e-15       1.487574309344e-15 
  441       2.480119904459e-10       2.406356366038e-12      -8.368371920633e-12       0.000000000000e+00       1.140309768408e-13       7.677402742570e-15       1.472910360864e-15 
  442       2.491782143549e-10       2.385357527474e-12      -8.499968449087e-12       0.000000000000e+00       1.131489816818e-13       7.489383355880e-15       1.458209467526e-15 
  443       2.503695939368e-10       2.364086379114e-12      -8.627110162810e-12       0.000000000000e+00       1.122755283519e-13       7.304840983913e-15       1.443479789581e-15 
  444       2.515849526531e-10       2.342554515718e-12      -8.749733563231e-12       0.000000000000e+00       1.114104488258e-13       7.123790034888e-15       1.428729620438e-15 
  445       2.528230886741e-10       2.320773760080e-12      -8.867774942136e-12       0.000000000000e+00       1.105535691569e-13       6.946244308593e-15       1.413967387359e-15 
  446       2.540827747284e-10       2.298756164314e-12      -8.981170382333e-12       0.000000000000e+00       1.097047094365e-13       6.772216991115e-15       1.399201652165e-15 
  447       2.553627579540e-10       2.276514011138e-12      -9.089855758326e-12       0.000000000000e+00       1.088636837538e-13       6.601720649565e-15       1.384441111931e-15 
  448       2.566617597481e-10       2.254059815156e-12      -9.193766736980e-12       0.000000000000e+00       1.080303001563e-13       6.434767226800e-15       1.369694599693e-15 
  449       2.579784756176e-10       2.231406324143e-12      -9.292838778191e-12       0.000000000000e+00       1.072043606088e-13       6.271368036156e-15       1.354971085145e-15 
  450       2.593115750292e-10       2.208566520329e-12      -9.387007135558e-12       0.000000000000e+00       1.063856609541e-13       6.111533756167e-15       1.340279675339e-15 
  451       2.606598290251e-10       2.185553075510e-12      -9.476218619443e-12       0.000000000000e+00       1.055740258221e-13       5.955267557500e-15       1.325628010414e-15 
  452       2.620224979023e-10       2.162376694437e-12      -9.560467302124e-12       0.000000000000e+00       1.047694146790e-13       5.802544250655e-15       1.311017392432e-15 
  453       2.633989557322e-10       2.139047720565e-12      -9.639759964647e-12       0.000000000000e+00       1.039718191171e-13       5.653330455863e-15       1.296447500937e-15 
  454       2.647885636511e-10       2.115576678360e-12      -9.714104446003e-12       0.000000000000e+00       1.031812281945e-13       5.507591400863e-15       1.281917983493e-15 
  455       2.661906697849e-10       2.091974274261e-12      -9.783509650720e-12       0.000000000000e+00       1.023976284149e-13       5.365290911582e-15       1.267428455441e-15 
  456       2.676046091751e-10       2.068251397644e-12      -9.847985556457e-12       0.000000000000e+00       1.016210037090e-13       5.226391402815e-15       1.252978499657e-15 
  457       2.690297037044e-10       2.044419121783e-12      -9.907543221594e-12       0.000000000000e+00       1.008513354139e-13       5.090853868913e-15       1.238567666308e-15 
  458       2.704652620216e-10       2.020488704811e-12      -9.962194792829e-12       0.000000000000e+00       1.000886022544e-13       4.958637874463e-15       1.224195472604e-15 
  459       2.719105794678e-10       1.996471590688e-12      -1.001195351277e-11       0.000000000000e+00       9.933278032292e-14       4.829701544971e-15       1.209861402558e-15 
  460       2.733649380013e-10       1.972379410155e-12      -1.005683372752e-11       0.000000000000e+00       9.858384306024e-14       4.704001557548e-15       1.195564906740e-15 
  461       2.748276061235e-10       1.948223981703e-12      -1.009685089429e-11       0.000000000000e+00       9.784176123571e-14       4.581493131590e-15       1.181305402036e-15 
  462       2.762978388043e-10       1.924017312534e-12      -1.013202158897e-11       0.000000000000e+00       9.710650292782e-14       4.462130019463e-15       1.167082271398e-15 
  463       2.777748774077e-10       1.899771599522e-12      -1.016236351373e-11       0.000000000000e+00       9.637803350463e-14       4.345864497184e-15       1.152894863604e-15 
  464       2.792579496169e-10       1.875499230176e-12      -1.018789550462e-11       0.000000000000e+00       9.565631560415e-14       4.232647355107e-15       1.138742493016e-15 
  465       2.807462693604e-10       1.851212783601e-12      -1.020863753917e-11       0.000000000000e+00       9.494130911484e-14       4.122427888604e-15       1.124624439330e-15 
  466       2.822390367369e-10       1.826925031465e-12      -1.022461074394e-11       0.000000000000e+00       9.423297115602e-14       4.015153888749e-15       1.110539947336e-15 
  467       2.837354379413e-10       1.802648938956e-12      -1.023583740217e-11       0.000000000000e+00       9.353125605832e-14       3.910771633001e-15       1.096488226675e-15 
  468       2.852346451899e-10       1.778397665748e-12      -1.024234096134e-11       0.000000000000e+00       9.283611534410e-14       3.809225875888e-15       1.082468451592e-15 
  469       2.867358166460e-10       1.754184566960e-12      -1.024414604076e-11       0.000000000000e+00       9.214749770793e-14       3.710459839686e-15       1.068479760691e-15 
  470       2.882380963455e-10       1.730023194123e-12      -1.024127843919e-11       0.000000000000e+00       9.146534899698e-14       3.614415205108e-15       1.054521256695e-15 
  471       2.897406141222e-10       1.705927296139e-12      -1.023376514240e-11       0.000000000000e+00       9.078961219148e-14       3.521032101985e-15       1.040592006201e-15 
  472       2.912424855334e-10       1.681910820243e-12      -1.022163433079e-11       0.000000000000e+00       9.012022738518e-14       3.430249099945e-15       1.026691039432e-15 
  473       2.927428117854e-10       1.657987912968e-12      -1.020491538697e-11       0.000000000000e+00       8.945713176574e-14       3.342003199102e-15       1.012817349997e-15 
  474       2.942406796591e-10       1.634172921105e-12      -1.018363890336e-11       0.000000000000e+00       8.880025959523e-14       3.256229820738e-15       9.989698946465e-16 
  475       2.957351614353e-10       1.610480392669e-12      -1.015783668976e-11       0.000000000000e+00       8.814954219051e-14       3.172862797982e-15       9.851475930263e-16 
  476       2.972253148203e-10       1.586925077856e-12      -1.012754178098e-11       0.000000000000e+00       8.750490790373e-14       3.091834366496e-15       9.713493274355e-16 
  477       2.987101828716e-10       1.563521930008e-12      -1.009278844441e-11       0.000000000000e+00       8.686628210270e-14       3.013075155162e-15       9.575739425815e-16 
  478       3.001887939231e-10       1.540286106580e-12      -1.005361218762e-11       0.000000000000e+00       8.623358715138e-14       2.936514176755e-15       9.438202453362e-16 
  479       3.016601615105e-10       1.517232970092e-12      -1.001004976594e-11       0.000000000000e+00       8.560674239031e-14       2.862078818639e-15       9.300870044919e-16 
  480       3.031232842974e-10       1.494378089102e-12      -9.962139190080e-12       0.000000000000e+00       8.498566411704e-14       2.789694833437e-15       9.163729505171e-16 
  481       3.045771460002e-10       1.471737239162e-12      -9.909919733692e-12       0.000000000000e+00       8.437026556657e-14       2.719286329725e-15       9.026767753126e-16 
  482       3.060207153138e-10       1.449326403783e-12      -9.853431940986e-12       0.000000000000e+00       8.376045689179e-14       2.650775762709e-15       8.889971319674e-16 
  483       3.074529458373e-10       1.427161775395e-12      -9.792717634313e-12       0.000000000000e+00       8.315614514392e-14       2.584083924910e-15       8.753326345147e-16 
  484       3.088727759992e-10       1.405259756314e-12      -9.727819921761e-12       0.000000000000e+00       8.255723425295e-14       2.519129936847e-15       8.616818576876e-16 
  485       3.102791289830e-10       1.383636959697e-12      -9.658783204747e-12       0.000000000000e+00       8.196362500809e-14       2.455831237719e-15       8.480433366753e-16 
  486       3.116709126528e-10       1.362310210514e-12      -9.585653185609e-12       0.000000000000e+00       8.137521503818e-14       2.394103576089e-15       8.344155668790e-16 
  487       3.130470194787e-10       1.341296546502e-12      -9.508476875201e-12       0.000000000000e+00       8.079189879215e-14       2.333861000570e-15       8.207970036676e-16 
  488       3.144063264625e-10       1.320613219131e-12      -9.427302600488e-12       0.000000000000e+00       8.021356751948e-14       2.275015850503e-15       8.071860621341e-16 
  489       3.157476950626e-10       1.300277694566e-12      -9.342180012132e-12       0.000000000000e+00       7.964010925057e-14       2.217478746641e-15       7.935811168510e-16 
  490       3.170699711205e-10       1.280307654631e-12      -9.253160092092e-12       0.000000000000e+00       7.907140877727e-14       2.161158581838e-15       7.799805016266e-16 
  491       3.183721307557e-10       1.260719277855e-12      -9.160296825697e-12       0.000000000000e+00       7.850736664739e-14       2.105979238752e-15       7.663830363909e-16 
  492       3.196537229593e-10       1.241522024652e-12      -9.063652256916e-12       0.000000000000e+00       7.794795680717e-14       2.051930306705e-15       7.527896255193e-16 
  493       3.209144399653e-10       1.222723699558e-12      -8.963291597808e-12       0.000000000000e+00       7.739317062790e-14       1.999017848892e-15       7.392017063767e-16 
  494       3.221539724637e-10       1.204332157279e-12      -8.859281585971e-12       0.000000000000e+00       7.684299803607e-14       1.947247810198e-15       7.256207264857e-16 
  495       3.233720095986e-10       1.186355302804e-12      -8.751690492971e-12       0.000000000000e+00       7.629742750322e-14       1.896626016191e-15       7.120481435450e-16 
  496       3.245682389663e-10       1.168801091512e-12      -8.640588132753e-12       0.000000000000e+00       7.575644603591e-14       1.847158172117e-15       6.984854254471e-16 
  497       3.257423466130e-10       1.151677529275e-12      -8.526045870069e-12       0.000000000000e+00       7.522003916550e-14       1.798849861885e-15       6.849340502957e-16 
  498       3.268940170333e-10       1.134992672574e-12      -8.408136628892e-12       0.000000000000e+00       7.468819093813e-14       1.751706547067e-15       6.713955064238e-16 
  499       3.280229331677e-10       1.118754628600e-12      -8.286934900839e-12       0.000000000000e+00       7.416088390454e-14       1.705733565885e-15       6.578712924117e-16 
  500       3.291287764010e-10       1.102971555366e-12      -8.162516753589e-12       0.000000000000e+00       7.363809910997e-14       1.660936132205e-15       6.443629171043e-16 
  501       3.302112265600e-10       1.087651661815e-12      -8.034959839304e-12       0.000000000000e+00       7.311981608407e-14       1.617319334531e-15       6.308718996290e-16 
  502       3.312699619119e-10       1.072803207926e-12      -7.904343403051e-12       0.000000000000e+00       7.260601283075e-14       1.574888134993e-15       6.173997694140e-16 
  503       3.323046591619e-10       1.058434504824e-12      -7.770748291215e-12       0.000000000000e+00       7.209666581807e-14       1.533647368343e-15       6.039480662053e-16 
  504       3.333149934514e-10       1.044553914885e-12      -7.634256959929e-12       0.000000000000e+00       7.159174996816e-14       1.493601740946e-15       5.905183400852e-16 
  505       3.343006383562e-10       1.031169851850e-12      -7.494953483485e-12       0.000000000000e+00       7.109123864704e-14       1.454755829770e-15       5.771121514894e-16 
  506       3.352612658840e-10       1.018290780925e-12      -7.352923562757e-12       0.000000000000e+00       7.059510365459e-14       1.417114081384e-15       5.637310712256e-16 
  507       3.361965464731e-10       1.005925218896e-12      -7.208254533624e-12       0.000000000000e+00       7.010331521434e-14       1.380680810941e-15       5.503766804905e-16 
  508       3.371061489898e-10       9.940817342340e-13      -7.061035375385e-12       0.000000000000e+00       6.961584196342e-14       1.345460201181e-15       5.370505708880e-16 
  509       3.379897407267e-10       9.827689472024e-13      -6.911356719182e-12       0.000000000000e+00       6.913265094242e-14       1.311456301415e-15       5.237543444471e-16 
  510       3.388469874007e-10       9.719955299667e-13      -6.759310856418e-12       0.000000000000e+00       6.865370758528e-14       1.278673026521e-15       5.104896136393e-16 
  511       3.396775531511e-10       9.617702067016e-13      -6.604991747179e-12       0.000000000000e+00       6.817897570919e-14       1.247114155933e-15       4.972580013966e-16 
  512       3.404811005372e-10       9.521017536992e-13      -6.448495028651e-12       0.000000000000e+00       6.770841750441e-14       1.216783332640e-15       4.840611411295e-16 
  513       3.412572905369e-10       9.429989994772e-13      -6.289918023545e-12       0.000000000000e+00       6.724199352426e-14       1.187684062169e-15       4.709006767444e-16 
  514       3.420057825442e-10       9.344708248869e-13      -6.129359748509e-12       0.000000000000e+00       6.677966267490e-14       1.159819711584e-15       4.577782626615e-16 
  515       3.427262343677e-10       9.265261632209e-13      -5.966920922557e-12       0.000000000000e+00       6.632138220528e-14       1.133193508477e-15       4.446955638327e-16 
  516       3.434183022281e-10       9.191740003217e-13      -5.802703975481e-12       0.000000000000e+00       6.586710769701e-14       1.107808539957e-15       4.316542557595e-16 
  517       3.440816407565e-10       9.124233746892e-13      -5.636813056276e-12       0.000000000000e+00       6.541679305422e-14       1.083667751646e-15       4.186560245105e-16 
  518       3.447159029925e-10       9.062833775891e-13      -5.469354041557e-12       0.000000000000e+00       6.497039049347e-14       1.060773946669e-15       4.057025667392e-16 
  519       3.453207403820e-10       9.007631531610e-13      -5.300434543981e-12       0.000000000000e+00       6.452785053364e-14       1.039129784647e-15       3.927955897020e-16 
  520       3.458958027752e-10       8.958718985258e-13      -5.130163920667e-12       0.000000000000e+00       6.408912198579e-14       1.018737780691e-15       3.799368112759e-16 
  521       3.464407384248e-10       8.916188638945e-13      -4.958653281611e-12       0.000000000000e+00       6.365415194306e-14       9.996003043882e-16       3.671279599763e-16 
  522       3.469551939840e-10       8.880133526760e-13      -4.786015498114e-12       0.000000000000e+00       6.322288577053e-14       9.817195788022e-16       3.543707749747e-16 
  523       3.474388145043e-10       8.850647215849e-13      -4.612365211196e-12       0.000000000000e+00       6.279526709516e-14       9.650976794595e-16       3.416670061165e-16 
  524       3.478912434337e-10       8.827823807496e-13      -4.437818840016e-12       0.000000000000e+00       6.237123779561e-14       9.497365333437e-16       3.290184139390e-16 
  525       3.483121226147e-10       8.811757938208e-13      -4.262494590297e-12       0.000000000000e+00       6.195073799217e-14       9.356379178878e-16       3.164267696889e-16 
  526       3.487010922821e-10       8.802544780787e-13      -4.086512462739e-12       0.000000000000e+00       6.153370603662e-14       9.228034599660e-16       3.038938553403e-16 
  527       3.490577910613e-10       8.800280045420e-13      -3.909994261443e-12       0.000000000000e+00       6.112007850211e-14       9.112346348858e-16       2.914214636122e-16 
  528       3.493818559663e-10       8.805059980751e-13      -3.733063602332e-12       0.000000000000e+00       6.070979017308e-14       9.009327653810e-16       2.790113979867e-16 
  529       3.496729223975e-10       8.816981374967e-13      -3.555845921567e-12       0.000000000000e+00       6.030277403509e-14       8.918990206028e-16       2.666654727265e-16 
  530       3.499306241396e-10       8.836141556874e-13      -3.378468483971e-12       0.000000000000e+00       5.989896126478e-14       8.841344151128e-16       2.543855128928e-16 
  531       3.501546851095e-10       8.862619845495e-13      -3.201050835648e-12       0.000000000000e+00       5.949829218703e-14       8.776372707621e-16       2.421731212209e-16 
  532       3.503451973656e-10       8.896421337694e-13      -3.023675857091e-12       0.000000000000e+00       5.910074949751e-14       8.723955278968e-16       2.300289716866e-16 
  533       3.505023507144e-10       8.937531581944e-13      -2.846417933272e-12       0.000000000000e+00       5.870632593083e-14       8.683942214200e-16       2.179534966122e-16 
  534       3.506263416871e-10       8.985934983655e-13      -2.669352442017e-12       0.000000000000e+00       5.831501337007e-14       8.656179967618e-16       2.059471179757e-16 
  535       3.507173735769e-10       9.041614798377e-13      -2.492555758371e-12       0.000000000000e+00       5.792680284139e-14       8.640511077931e-16       1.940102473303e-16 
  536       3.507756564757e-10       9.104553125000e-13      -2.316105258955e-12       0.000000000000e+00       5.754168450848e-14       8.636774147403e-16       1.821432857221e-16 
  537       3.508014073112e-10       9.174730898951e-13      -2.140079326330e-12       0.000000000000e+00       5.715964766721e-14       8.644803821001e-16       1.703466236100e-16 
  538       3.507948498839e-10       9.252127885399e-13      -1.964557353353e-12       0.000000000000e+00       5.678068074006e-14       8.664430765534e-16       1.586206407833e-16 
  539       3.507562149040e-10       9.336722672448e-13      -1.789619747542e-12       0.000000000000e+00       5.640477127077e-14       8.695481648799e-16       1.469657062815e-16 
  540       3.506857400288e-10       9.428492664345e-13      -1.615347935435e-12       0.000000000000e+00       5.603190591880e-14       8.737779118731e-16       1.353821783123e-16 
  541       3.505836698989e-10       9.527414074671e-13      -1.441824366950e-12       0.000000000000e+00       5.566207045393e-14       8.791141782539e-16       1.238704041708e-16 
  542       3.504502561759e-10       9.633461919551e-13      -1.269132519747e-12       0.000000000000e+00       5.529524975076e-14       8.855384185858e-16       1.124307201579e-16 
  543       3.502857575790e-10       9.746610010842e-13      -1.097356903589e-12       0.000000000000e+00       5.493142778329e-14       8.930316791890e-16       1.010634514994e-16 
  544       3.500904399223e-10       9.866830949344e-13      -9.265830646996e-13       0.000000000000e+00       5.457058761943e-14       9.015745960548e-16       8.976891226437e-17 
  545       3.498645761513e-10       9.994096117993e-13      -7.568975901278e-13       0.000000000000e+00       5.421271141557e-14       9.111473927605e-16       7.854740528437e-17 
  546       3.496084463805e-10       1.012837567506e-12      -5.883881121061e-13       0.000000000000e+00       5.385778041112e-14       9.217298783833e-16       6.739922207178e-17 
  547       3.493223379298e-10       1.026963854737e-12      -4.211433124119e-13       0.000000000000e+00       5.350577492303e-14       9.333014454151e-16       5.632464273874e-17 
  548       3.490065453620e-10       1.041785242345e-12      -2.552529267283e-13       0.000000000000e+00       5.315667434035e-14       9.458410676769e-16       4.532393591591e-17 
  549       3.486613705193e-10       1.057298374681e-12      -9.080774900443e-14       0.000000000000e+00       5.281045711878e-14       9.593272982333e-16       3.439735867114e-17 
  550       3.482871225607e-10       1.073499770906e-12       7.210036418346e-14       0.000000000000e+00       5.246710077521e-14       9.737382673069e-16       2.354515642831e-17 
  551       3.478841179987e-10       1.090385824316e-12       2.333784892716e-13       0.000000000000e+00       5.212658188223e-14       9.890516801928e-16       1.276756288602e-17 
  552       3.474526807364e-10       1.107952801662e-12       3.929326313478e-13       0.000000000000e+00       5.178887606274e-14       1.005244815173e-15       2.064799936346e-18 
  553       3.469931421048e-10       1.126196842468e-12       5.506677197909e-13       0.000000000000e+00       5.145395798442e-14       1.022294521431e-15      -8.562922416363e-18 
  554       3.465058408989e-10       1.145113958350e-12       7.064876039103e-13       0.000000000000e+00       5.112180135433e-14       1.040177216966e-15      -1.911540613679e-17 
  555       3.459911234158e-10       1.164700032339e-12       8.602950485847e-13       0.000000000000e+00       5.079237891343e-14       1.058868886507e-15      -2.959246523985e-17 
  556       3.454493434909e-10       1.184950818200e-12       1.011991729902e-12       0.000000000000e+00       5.046566243111e-14       1.078345079430e-15      -3.999392587200e-17 
  557       3.448808625351e-10       1.205861939751e-12       1.161478230798e-12       0.000000000000e+00       5.014162269975e-14       1.098580907668e-15      -5.031962639242e-17 
  558       3.442860495719e-10       1.227428890185e-12       1.308654036697e-12       0.000000000000e+00       4.982022952928e-14       1.119551043628e-15      -6.056941745430e-17 
  559       3.436652812742e-10       1.249647031386e-12       1.453417531148e-12       0.000000000000e+00       4.950145174167e-14       1.141229718105e-15      -7.074316208608e-17 
  560       3.430189420017e-10       1.272511593255e-12       1.595665991469e-12       0.000000000000e+00       4.918525716553e-14       1.163590718199e-15      -8.084073577272e-17 
  561       3.423474238371e-10       1.296017673023e-12       1.735295584383e-12       0.000000000000e+00       4.887161263062e-14       1.186607385225e-15      -9.086202653689e-17 
  562       3.416511266241e-10       1.320160234577e-12       1.872201361655e-12       0.000000000000e+00       4.856048396241e-14       1.210252612630e-15      -1.008069350203e-16 
  563       3.409304580033e-10       1.344934107777e-12       2.006277255737e-12       0.000000000000e+00       4.825183597661e-14       1.234498843906e-15      -1.106753745649e-16 
  564       3.401858334503e-10       1.370333987776e-12       2.137416075405e-12       0.000000000000e+00       4.794563247373e-14       1.259318070507e-15      -1.204672712941e-16 
  565       3.394176763116e-10       1.396354434342e-12       2.265509501394e-12       0.000000000000e+00       4.764183623359e-14       1.284681829763e-15      -1.301825641940e-16 
  566       3.386264178425e-10       1.422989871174e-12       2.390448082046e-12       0.000000000000e+00       4.734040900990e-14       1.310561202790e-15      -1.398212051950e-16 
  567       3.378124972435e-10       1.450234585228e-12       2.512121228940e-12       0.000000000000e+00       4.704131152478e-14       1.336926812411e-15      -1.493831592523e-16 
  568       3.369763616976e-10       1.478082726030e-12       2.630417212539e-12       0.000000000000e+00       4.674450346333e-14       1.363748821066e-15      -1.588684044279e-16 
  569       3.361184664071e-10       1.506528305002e-12       2.745223157823e-12       0.000000000000e+00       4.644994346814e-14       1.390996928729e-15      -1.682769319714e-16 
  570       3.352392746306e-10       1.535565194778e-12       2.856425039935e-12       0.000000000000e+00       4.615758913384e-14       1.418640370819e-15      -1.776087464014e-16 
  571       3.343392591618e-10       1.565186431065e-12       2.963922409660e-12       0.000000000000e+00       4.586740351782e-14       1.446651481406e-15      -1.868637566336e-16 
  572       3.334189067317e-10       1.595382100031e-12       3.067672991358e-12       0.000000000000e+00       4.557937486581e-14       1.475016486893e-15      -1.960414461491e-16 
  573       3.324787137914e-10       1.626141395698e-12       3.167649213798e-12       0.000000000000e+00       4.529349737859e-14       1.503724983482e-15      -2.051411945747e-16 
  574       3.315191851184e-10       1.657453311591e-12       3.263823584276e-12       0.000000000000e+00       4.500976473826e-14       1.532766396023e-15      -2.141623859163e-16 
  575       3.305408338538e-10       1.689306639803e-12       3.356168689671e-12       0.000000000000e+00       4.472817010520e-14       1.562129977240e-15      -2.231044086000e-16 
  576       3.295441815401e-10       1.721689970056e-12       3.444657197491e-12       0.000000000000e+00       4.444870611500e-14       1.591804806954e-15      -2.319666555133e-16 
  577       3.285297581585e-10       1.754591688770e-12       3.529261856928e-12       0.000000000000e+00       4.417136487542e-14       1.621779791304e-15      -2.407485240464e-16 
  578       3.274981021665e-10       1.787999978123e-12       3.609955499909e-12       0.000000000000e+00       4.389613796329e-14       1.652043661978e-15      -2.494494161332e-16 
  579       3.264497605356e-10       1.821902815115e-12       3.686711042142e-12       0.000000000000e+00       4.362301642148e-14       1.682584975433e-15      -2.580687382930e-16 
  580       3.253852887884e-10       1.856287970634e-12       3.759501484175e-12       0.000000000000e+00       4.335199075582e-14       1.713392112118e-15      -2.666059016712e-16 
  581       3.243052510363e-10       1.891143008515e-12       3.828299912442e-12       0.000000000000e+00       4.308305093202e-14       1.744453275705e-15      -2.750603220807e-16 
  582       3.232102200174e-10       1.926455284610e-12       3.893079500315e-12       0.000000000000e+00       4.281618637266e-14       1.775756492305e-15      -2.834314200433e-16 
  583       3.221007771333e-10       1.962211945847e-12       3.953813509157e-12       0.000000000000e+00       4.255138595408e-14       1.807289609698e-15      -2.917186208307e-16 
  584       3.209775124873e-10       1.998399929295e-12       4.010475289370e-12       0.000000000000e+00       4.228863800332e-14       1.839040296556e-15      -2.999213545057e-16 
  585       3.198410249214e-10       2.035005961228e-12       4.063038281450e-12       0.000000000000e+00       4.202793029509e-14       1.870996041667e-15      -3.080390559637e-16 
  586       3.186919220541e-10       2.072016556190e-12       4.111476017036e-12       0.000000000000e+00       4.176925004867e-14       1.903144153161e-15      -3.160711649734e-16 
  587       3.175308203178e-10       2.109418016056e-12       4.155762119959e-12       0.000000000000e+00       4.151258392489e-14       1.935471757729e-15      -3.240171262186e-16 
  588       3.163583449966e-10       2.147196429098e-12       4.195870307299e-12       0.000000000000e+00       4.125791802300e-14       1.967965799857e-15      -3.318763893392e-16 
  589       3.151751302632e-10       2.185337669047e-12       4.231774390431e-12       0.000000000000e+00       4.100523787769e-14       2.000613041039e-15      -3.396484089721e-16 
  590       3.139818192172e-10       2.223827394160e-12       4.263448276078e-12       0.000000000000e+00       4.075452845595e-14       2.033400059011e-15      -3.473326447930e-16 
  591       3.127790639217e-10       2.262651046278e-12       4.290865967363e-12       0.000000000000e+00       4.050577415407e-14       2.066313246969e-15      -3.549285615571e-16 
  592       3.115675254419e-10       2.301793849896e-12       4.314001564858e-12       0.000000000000e+00       4.025895879453e-14       2.099338812799e-15      -3.624356291406e-16 
  593       3.103478738816e-10       2.341240811223e-12       4.332829267638e-12       0.000000000000e+00       4.001406562298e-14       2.132462778295e-15      -3.698533225819e-16 
  594       3.091207884214e-10       2.380976717245e-12       4.347323374330e-12       0.000000000000e+00       3.977107730513e-14       2.165670978389e-15      -3.771811221227e-16 
  595       3.078869573558e-10       2.420986134793e-12       4.357458284165e-12       0.000000000000e+00       3.952997592372e-14       2.198949060371e-15      -3.844185132492e-16 
  596       3.066470781311e-10       2.461253409602e-12       4.363208498030e-12       0.000000000000e+00       3.929074297546e-14       2.232282483116e-15      -3.915649867338e-16 
  597       3.054018573825e-10       2.501762665377e-12       4.364548619516e-12       0.000000000000e+00       3.905335936793e-14       2.265656516309e-15      -3.986200386753e-16 
  598       3.041520109720e-10       2.542497802859e-12       4.361453355973e-12       0.000000000000e+00       3.881780541659e-14       2.299056239666e-15      -4.055831705413e-16 
  599       3.028982640256e-10       2.583442498882e-12       4.353897519560e-12       0.000000000000e+00       3.858406084161e-14       2.332466542164e-15      -4.124538892086e-16 
  600       3.016413509711e-10       2.624580205445e-12       4.341856028296e-12       0.000000000000e+00       3.835210476492e-14       2.365872121258e-15      -4.192317070047e-16 
  601       3.003820155752e-10       2.665894148770e-12       4.325303907109e-12       0.000000000000e+00       3.812191570706e-14       2.399257482110e-15      -4.259161417491e-16 
  602       2.991210109816e-10       2.707367328366e-12       4.304216288891e-12       0.000000000000e+00       3.789347158418e-14       2.432606936816e-15      -4.325067167942e-16 
  603       2.978590997481e-10       2.748982516098e-12       4.278568415548e-12       0.000000000000e+00       3.766674970491e-14       2.465904603624e-15      -4.390029610669e-16 
  604       2.965970538841e-10       2.790722255243e-12       4.248335639048e-12       0.000000000000e+00       3.744172676739e-14       2.499134406161e-15      -4.454044091097e-16 
  605       2.953356548883e-10       2.832568859559e-12       4.213493422477e-12       0.000000000000e+00       3.721837885611e-14       2.532280072659e-15      -4.517106011218e-16 
  606       2.940756937864e-10       2.874504412350e-12       4.174017341087e-12       0.000000000000e+00       3.699668143891e-14       2.565325135180e-15      -4.579210830003e-16 
  607       2.928179711679e-10       2.916510765523e-12       4.129883083348e-12       0.000000000000e+00       3.677660936390e-14       2.598252928834e-15      -4.640354063817e-16 
  608       2.915632972245e-10       2.958569538658e-12       4.081066452000e-12       0.000000000000e+00       3.655813685637e-14       2.631046591013e-15      -4.700531286828e-16 
  609       2.903124917870e-10       3.000662118070e-12       4.027543365103e-12       0.000000000000e+00       3.634123751580e-14       2.663689060606e-15      -4.759738131420e-16 
  610       2.890663843631e-10       3.042769655871e-12       3.969289857089e-12       0.000000000000e+00       3.612588431271e-14       2.696163077231e-15      -4.817970288607e-16 
  611       2.878257422303e-10       3.084874138570e-12       3.906292663297e-12       0.000000000000e+00       3.591205358654e-14       2.728454392644e-15      -4.875224250953e-16 
  612       2.865910527569e-10       3.126961622744e-12       3.838581248629e-12       0.000000000000e+00       3.569973714999e-14       2.760561490650e-15      -4.931499559960e-16 
  613       2.853627359648e-10       3.169019074670e-12       3.766196544674e-12       0.000000000000e+00       3.548893046723e-14       2.792486097425e-15      -4.986796613084e-16 
  614       2.841412160186e-10       3.211033307180e-12       3.689180439790e-12       0.000000000000e+00       3.527962867738e-14       2.824229990562e-15      -5.041115926720e-16 
  615       2.829269212397e-10       3.252990979067e-12       3.607575783546e-12       0.000000000000e+00       3.507182659270e-14       2.855794999324e-15      -5.094458136861e-16 
  616       2.817202841214e-10       3.294878594499e-12       3.521426391178e-12       0.000000000000e+00       3.486551869683e-14       2.887183004899e-15      -5.146823999738e-16 
  617       2.805217413425e-10       3.336682502416e-12       3.430777048029e-12       0.000000000000e+00       3.466069914303e-14       2.918395940655e-15      -5.198214392481e-16 
  618       2.793317337825e-10       3.378388895944e-12       3.335673514001e-12       0.000000000000e+00       3.445736175234e-14       2.949435792397e-15      -5.248630313759e-16 
  619       2.781507065354e-10       3.419983811801e-12       3.236162527998e-12       0.000000000000e+00       3.425550001187e-14       2.980304598622e-15      -5.298072884439e-16 
  620       2.769791089245e-10       3.461453129702e-12       3.132291812381e-12       0.000000000000e+00       3.405510707298e-14       3.011004450773e-15      -5.346543348234e-16 
  621       2.758173945169e-10       3.502782571765e-12       3.024110077408e-12       0.000000000000e+00       3.385617574953e-14       3.041537493494e-15      -5.394043072349e-16 
  622       2.746660211374e-10       3.543957701922e-12       2.911667025687e-12       0.000000000000e+00       3.365869851605e-14       3.071905924886e-15      -5.440573548138e-16 
  623       2.735254508836e-10       3.584963925324e-12       2.795013356618e-12       0.000000000000e+00       3.346266750604e-14       3.102111996762e-15      -5.486136391751e-16 
  624       2.723961501399e-10       3.625786487747e-12       2.674200770848e-12       0.000000000000e+00       3.326807451011e-14       3.132158014905e-15      -5.530733344786e-16 
  625       2.712785895919e-10       3.666410474998e-12       2.549281974712e-12       0.000000000000e+00       3.307491097425e-14       3.162046339316e-15      -5.574366274935e-16 
  626       2.701732442413e-10       3.706820812326e-12       2.420310684683e-12       0.000000000000e+00       3.288316799804e-14       3.191779384477e-15      -5.617037176642e-16 
  627       2.690805934197e-10       3.747002263826e-12       2.287341631822e-12       0.000000000000e+00       3.269283633287e-14       3.221359619602e-15      -5.658748171747e-16 
  628       2.680011208034e-10       3.786939431847e-12       2.150430566219e-12       0.000000000000e+00       3.250390638018e-14       3.250789568894e-15      -5.699501510141e-16 
  629       2.669353144279e-10       3.826616756397e-12       2.009634261448e-12       0.000000000000e+00       3.231636818961e-14       3.280071811798e-15      -5.739299570412e-16 
  630       2.658836667019e-10       3.866018514552e-12       1.865010519011e-12       0.000000000000e+00       3.213021145734e-14       3.309208983259e-15      -5.778144860499e-16 
  631       2.648466744224e-10       3.905128819864e-12       1.716618172785e-12       0.000000000000e+00       3.194542552419e-14       3.338203773975e-15      -5.816040018342e-16 
  632       2.638248387883e-10       3.943931621765e-12       1.564517093471e-12       0.000000000000e+00       3.176199937392e-14       3.367058930653e-15      -5.852987812531e-16 
  633       2.628186654156e-10       3.982410704975e-12       1.408768193042e-12       0.000000000000e+00       3.157992163144e-14       3.395777256265e-15      -5.888991142956e-16 
  634       2.618286643514e-10       4.020549688910e-12       1.249433429186e-12       0.000000000000e+00       3.139918056099e-14       3.424361610302e-15      -5.924053041462e-16 
  635       2.608553500884e-10       4.058332027090e-12       1.086575809762e-12       0.000000000000e+00       3.121976406440e-14       3.452814909030e-15      -5.958176672493e-16 
  636       2.598992415793e-10       4.095741006540e-12       9.202593972403e-13       0.000000000000e+00       3.104165967932e-14       3.481140125746e-15      -5.991365333747e-16 
  637       2.589608622515e-10       4.132759747206e-12       7.505493131519e-13       0.000000000000e+00       3.086485457738e-14       3.509340291029e-15      -6.023622456825e-16 
  638       2.580407400209e-10       4.169371201353e-12       5.775117425379e-13       0.000000000000e+00       3.068933556250e-14       3.537418493001e-15      -6.054951607883e-16 
  639       2.571394073072e-10       4.205558152980e-12       4.012139383958e-13       0.000000000000e+00       3.051508906904e-14       3.565377877580e-15      -6.085356488278e-16 
  640       2.562574010475e-10       4.241303217220e-12       2.217242261267e-13       0.000000000000e+00       3.034210116003e-14       3.593221648733e-15      -6.114840935223e-16 
  641       2.553952627114e-10       4.276588839752e-12       3.911200798363e-14       0.000000000000e+00       3.017035752544e-14       3.620953068734e-15      -6.143408922438e-16 
  642       2.545535383148e-10       4.311397296205e-12      -1.465522324812e-13       0.000000000000e+00       2.999984348034e-14       3.648575458418e-15      -6.171064560795e-16 
  643       2.537327784350e-10       4.345710691566e-12      -3.351969259689e-13       0.000000000000e+00       2.983054396317e-14       3.676092197437e-15      -6.197812098974e-16 
  644       2.529335382244e-10       4.379510959588e-12      -5.267494129863e-13       0.000000000000e+00       2.966244353392e-14       3.703506724514e-15      -6.223655924111e-16 
  645       2.521563774257e-10       4.412779862195e-12      -7.211359393980e-13       0.000000000000e+00       2.949552637239e-14       3.730822537698e-15      -6.248600562449e-16 
  646       2.514018603856e-10       4.445498988891e-12      -9.182816519796e-13       0.000000000000e+00       2.932977627638e-14       3.758043194624e-15      -6.272650679987e-16 
  647       2.506705560698e-10       4.477649756163e-12      -1.118110593969e-12       0.000000000000e+00       2.916517665992e-14       3.785172312759e-15      -6.295811083135e-16 
  648       2.499630380770e-10       4.509213406894e-12      -1.320545700620e-12       0.000000000000e+00       2.900171055150e-14       3.812213569666e-15      -6.318086719357e-16 
  649       2.492798846537e-10       4.540171009766e-12      -1.525508794755e-12       0.000000000000e+00       2.883936059230e-14       3.839170703255e-15      -6.339482677829e-16 
  650       2.486216787083e-10       4.570503458667e-12      -1.732920582314e-12       0.000000000000e+00       2.867810903437e-14       3.866047512040e-15      -6.360004190085e-16 
  651       2.479889184901e-10       4.600193729600e-12      -1.942700766969e-12       0.000000000000e+00       2.851794029195e-14       3.892846171698e-15      -6.379656272715e-16 
  652       2.473817474009e-10       4.629233708077e-12      -2.154768405773e-12       0.000000000000e+00       2.835884866152e-14       3.919562142871e-15      -6.398442645360e-16 
  653       2.468002181628e-10       4.657617513407e-12      -2.369041552675e-12       0.000000000000e+00       2.820083077108e-14       3.946189149863e-15      -6.416366789779e-16 
  654       2.462443815954e-10       4.685339255078e-12      -2.585437135779e-12       0.000000000000e+00       2.804388304164e-14       3.972720853794e-15      -6.433432306157e-16 
  655       2.457142866049e-10       4.712393032805e-12      -2.803870952931e-12       0.000000000000e+00       2.788800168620e-14       3.999150852376e-15      -6.449642913656e-16 
  656       2.452099801730e-10       4.738772936571e-12      -3.024257667306e-12       0.000000000000e+00       2.773318270867e-14       4.025472679694e-15      -6.465002450962e-16 
  657       2.447315073469e-10       4.764473046675e-12      -3.246510802990e-12       0.000000000000e+00       2.757942190285e-14       4.051679805986e-15      -6.479514876835e-16 
  658       2.442789112273e-10       4.789487433777e-12      -3.470542740571e-12       0.000000000000e+00       2.742671485131e-14       4.077765637419e-15      -6.493184270659e-16 
  659       2.438522329587e-10       4.813810158943e-12      -3.696264712722e-12       0.000000000000e+00       2.727505692440e-14       4.103723515872e-15      -6.506014832993e-16 
  660       2.434515117178e-10       4.837435273690e-12      -3.923586799789e-12       0.000000000000e+00       2.712444327915e-14       4.129546718713e-15      -6.518010886114e-16 
  661       2.430767847031e-10       4.860356820030e-12      -4.152417925375e-12       0.000000000000e+00       2.697486885822e-14       4.155228458578e-15      -6.529176874574e-16 
  662       2.427280871238e-10       4.882568830518e-12      -4.382665851927e-12       0.000000000000e+00       2.682632838886e-14       4.180761883152e-15      -6.539517365743e-16 
  663       2.424054521890e-10       4.904065328294e-12      -4.614237176324e-12       0.000000000000e+00       2.667881638184e-14       4.206140074945e-15      -6.549037050363e-16 
  664       2.421089110972e-10       4.924840327131e-12      -4.847037325459e-12       0.000000000000e+00       2.653232713038e-14       4.231356051076e-15      -6.557740743094e-16 
  665       2.418384930250e-10       4.944887831478e-12      -5.080970551829e-12       0.000000000000e+00       2.638685470914e-14       4.256402763048e-15      -6.565633383065e-16 
  666       2.415942251167e-10       4.964201836508e-12      -5.315939929120e-12       0.000000000000e+00       2.624239297310e-14       4.281273096529e-15      -6.572720034423e-16 
  667       2.413761324730e-10       4.982776328159e-12      -5.551847347791e-12       0.000000000000e+00       2.609893555653e-14       4.305959871130e-15      -6.579005886880e-16 
  668       2.411842381408e-10       5.000605283183e-12      -5.788593510662e-12       0.000000000000e+00       2.595647587198e-14       4.330455840187e-15      -6.584496256267e-16 
  669       2.410185631016e-10       5.017682669190e-12      -6.026077928501e-12       0.000000000000e+00       2.581500710912e-14       4.354753690538e-15      -6.589196585079e-16 
  670       2.408791262615e-10       5.034002444691e-12      -6.264198915609e-12       0.000000000000e+00       2.567452223378e-14       4.378846042300e-15      -6.593112443026e-16 
  671       2.407659444396e-10       5.049558559148e-12      -6.502853585404e-12       0.000000000000e+00       2.553501398686e-14       4.402725448653e-15      -6.596249527582e-16 
  672       2.406790323578e-10       5.064344953014e-12      -6.741937846010e-12       0.000000000000e+00       2.539647488324e-14       4.426384395618e-15      -6.598613664535e-16 
  673       2.406184026295e-10       5.078355557783e-12      -6.981346395843e-12       0.000000000000e+00       2.525889721078e-14       4.449815301832e-15      -6.600210808534e-16 
  674       2.405840657490e-10       5.091584296029e-12      -7.220972719195e-12       0.000000000000e+00       2.512227302920e-14       4.473010518333e-15      -6.601047043642e-16 
  675       2.405760300808e-10       5.104025081459e-12      -7.460709081823e-12       0.000000000000e+00       2.498659416910e-14       4.495962328336e-15      -6.601128583881e-16 
  676       2.405943018484e-10       5.115671818952e-12      -7.700446526532e-12       0.000000000000e+00       2.485185223083e-14       4.518662947012e-15      -6.600461773785e-16 
  677       2.406388851238e-10       5.126518404606e-12      -7.940074868763e-12       0.000000000000e+00       2.471803858346e-14       4.541104521269e-15      -6.599053088947e-16 
  678       2.407097818167e-10       5.136558725785e-12      -8.179482692177e-12       0.000000000000e+00       2.458514436375e-14       4.563279129529e-15      -6.596909136569e-16 
  679       2.408069916631e-10       5.145786661161e-12      -8.418557344245e-12       0.000000000000e+00       2.445316047505e-14       4.585178781509e-15      -6.594036656012e-16 
  680       2.409305122154e-10       5.154196080763e-12      -8.657184931832e-12       0.000000000000e+00       2.432207758627e-14       4.606795418000e-15      -6.590442519342e-16 
  681       2.410803388307e-10       5.161780846019e-12      -8.895250316780e-12       0.000000000000e+00       2.419188613081e-14       4.628120910646e-15      -6.586133731885e-16 
  682       2.412564646606e-10       5.168534809802e-12      -9.132637111500e-12       0.000000000000e+00       2.406257630551e-14       4.649147061721e-15      -6.581117432771e-16 
  683       2.414588806398e-10       5.174451816475e-12      -9.369227674552e-12       0.000000000000e+00       2.393413806959e-14       4.669865603914e-15      -6.575400895485e-16 
  684       2.416875754759e-10       5.179525701940e-12      -9.604903106238e-12       0.000000000000e+00       2.380656114360e-14       4.690268200101e-15      -6.568991528418e-16 
  685       2.419425356382e-10       5.183750293675e-12      -9.839543244180e-12       0.000000000000e+00       2.367983500835e-14       4.710346443129e-15      -6.561896875413e-16 
  686       2.422237453467e-10       5.187119410788e-12      -1.007302665891e-11       0.000000000000e+00       2.355394890386e-14       4.730091855595e-15      -6.554124616318e-16 
  687       2.425311865618e-10       5.189626864057e-12      -1.030523064947e-11       0.000000000000e+00       2.342889182830e-14       4.749495889620e-15      -6.545682567532e-16 
  688       2.428648389729e-10       5.191266455976e-12      -1.053603123896e-11       0.000000000000e+00       2.330465253694e-14       4.768549926638e-15      -6.536578682557e-16 
  689       2.432246799881e-10       5.192031980802e-12      -1.076530317017e-11       0.000000000000e+00       2.318121954109e-14       4.787245277166e-15      -6.526821052543e-16 
  690       2.436106847229e-10       5.191917224598e-12      -1.099291990113e-11       0.000000000000e+00       2.305858110704e-14       4.805573180586e-15      -6.516417906843e-16 
  691       2.440227765147e-10       5.190917971017e-12      -1.121876404815e-11       0.000000000000e+00       2.293672687974e-14       4.823526534602e-15      -6.505376431938e-16 
  692       2.444606773413e-10       5.189038065007e-12      -1.144275896566e-11       0.000000000000e+00       2.281565279359e-14       4.841105124090e-15      -6.493699199761e-16 
  693       2.449240542246e-10       5.186283477141e-12      -1.166483782395e-11       0.000000000000e+00       2.269535626316e-14       4.858310502136e-15      -6.481387665099e-16 
  694       2.454125683969e-10       5.182660310012e-12      -1.188493322029e-11       0.000000000000e+00       2.257583456722e-14       4.875144270569e-15      -6.468443340642e-16 
  695       2.459258752771e-10       5.178174798781e-12      -1.210297717719e-11       0.000000000000e+00       2.245708484807e-14       4.891608080172e-15      -6.454867797230e-16 
  696       2.464636244479e-10       5.172833311726e-12      -1.231890114055e-11       0.000000000000e+00       2.233910411091e-14       4.907703630897e-15      -6.440662664114e-16 
  697       2.470254596326e-10       5.166642350792e-12      -1.253263597790e-11       0.000000000000e+00       2.222188922317e-14       4.923432672075e-15      -6.425829629201e-16 
  698       2.476110186714e-10       5.159608552136e-12      -1.274411197658e-11       0.000000000000e+00       2.210543691385e-14       4.938797002633e-15      -6.410370439313e-16 
  699       2.482199334986e-10       5.151738686681e-12      -1.295325884200e-11       0.000000000000e+00       2.198974377293e-14       4.953798471305e-15      -6.394286900435e-16 
  700       2.488518301192e-10       5.143039660660e-12      -1.316000569577e-11       0.000000000000e+00       2.187480625064e-14       4.968438976846e-15      -6.377580877970e-16 
  701       2.495063285855e-10       5.133518516164e-12      -1.336428107399e-11       0.000000000000e+00       2.176062065688e-14       4.982720468245e-15      -6.360254296992e-16 
  702       2.501830429741e-10       5.123182431696e-12      -1.356601292539e-11       0.000000000000e+00       2.164718316051e-14       4.996644944940e-15      -6.342309142498e-16 
  703       2.508815813627e-10       5.112038722712e-12      -1.376512860960e-11       0.000000000000e+00       2.153448978877e-14       5.010214457029e-15      -6.323747459662e-16 
  704       2.516015458066e-10       5.100094842179e-12      -1.396155489530e-11       0.000000000000e+00       2.142253642656e-14       5.023431105482e-15      -6.304571354083e-16 
  705       2.523425323153e-10       5.087358381112e-12      -1.415521795845e-11       0.000000000000e+00       2.131131881585e-14       5.036297042359e-15      -6.284782992046e-16 
  706       2.531041308300e-10       5.073837069134e-12      -1.434604338052e-11       0.000000000000e+00       2.120083255498e-14       5.048814471020e-15      -6.264384600766e-16 
  707       2.538859251996e-10       5.059538775016e-12      -1.453395614668e-11       0.000000000000e+00       2.109107309804e-14       5.060985646339e-15      -6.243378468648e-16 
  708       2.546874931577e-10       5.044471507229e-12      -1.471888064399e-11       0.000000000000e+00       2.098203575424e-14       5.072812874916e-15      -6.221766945534e-16 
  709       2.555084062996e-10       5.028643414494e-12      -1.490074065963e-11       0.000000000000e+00       2.087371568720e-14       5.084298515293e-15      -6.199552442960e-16 
  710       2.563482300587e-10       5.012062786328e-12      -1.507945937912e-11       0.000000000000e+00       2.076610791437e-14       5.095444978165e-15      -6.176737434407e-16 
  711       2.572065236834e-10       4.994738053592e-12      -1.525495938448e-11       0.000000000000e+00       2.065920730632e-14       5.106254726594e-15      -6.153324455553e-16 
  712       2.580828402139e-10       4.976677789045e-12      -1.542716265250e-11       0.000000000000e+00       2.055300858613e-14       5.116730276223e-15      -6.129316104526e-16 
  713       2.589767264590e-10       4.957890707883e-12      -1.559599055291e-11       0.000000000000e+00       2.044750632873e-14       5.126874195487e-15      -6.104715042157e-16 
  714       2.598877229724e-10       4.938385668298e-12      -1.576136384657e-11       0.000000000000e+00       2.034269496026e-14       5.136689105830e-15      -6.079523992236e-16 
  715       2.608153640304e-10       4.918171672019e-12      -1.592320268373e-11       0.000000000000e+00       2.023856875739e-14       5.146177681915e-15      -6.053745741758e-16 
  716       2.617591776076e-10       4.897257864863e-12      -1.608142660221e-11       0.000000000000e+00       2.013512184670e-14       5.155342651839e-15      -6.027383141182e-16 
  717       2.627186853543e-10       4.875653537286e-12      -1.623595452560e-11       0.000000000000e+00       2.003234820402e-14       5.164186797344e-15      -6.000439104679e-16 
  718       2.636934025732e-10       4.853368124927e-12      -1.638670476146e-11       0.000000000000e+00       1.993024165379e-14       5.172712954033e-15      -5.972916610387e-16 
  719       2.646828381959e-10       4.830411209159e-12      -1.653359499958e-11       0.000000000000e+00       1.982879586839e-14       5.180924011585e-15      -5.944818700667e-16 
  720       2.656864947599e-10       4.806792517639e-12      -1.667654231013e-11       0.000000000000e+00       1.972800436753e-14       5.188822913960e-15      -5.916148482347e-16 
  721       2.667038683851e-10       4.782521924853e-12      -1.681546314190e-11       0.000000000000e+00       1.962786051753e-14       5.196412659623e-15      -5.886909126985e-16 
  722       2.677344487508e-10       4.757609452668e-12      -1.695027332048e-11       0.000000000000e+00       1.952835753076e-14       5.203696301750e-15      -5.857103871113e-16 
  723       2.687777190726e-10       4.732065270879e-12      -1.708088804651e-11       0.000000000000e+00       1.942948846492e-14       5.210676948442e-15      -5.826736016497e-16 
  724       2.698331560784e-10       4.705899697756e-12      -1.720722189385e-11       0.000000000000e+00       1.933124622242e-14       5.217357762943e-15      -5.795808930382e-16 
  725       2.709002299863e-10       4.679123200595e-12      -1.732918880781e-11       0.000000000000e+00       1.923362354974e-14       5.223741963846e-15      -5.764326045754e-16 
  726       2.719784044802e-10       4.651746396266e-12      -1.744670210333e-11       0.000000000000e+00       1.913661303675e-14       5.229832825313e-15      -5.732290861583e-16 
  727       2.730671366874e-10       4.623780051762e-12      -1.755967446325e-11       0.000000000000e+00       1.904020711610e-14       5.235633677286e-15      -5.699706943084e-16 
  728       2.741658771549e-10       4.595235084744e-12      -1.766801793643e-11       0.000000000000e+00       1.894439806252e-14       5.241147905697e-15      -5.666577921965e-16 
  729       2.752740698264e-10       4.566122564095e-12      -1.777164393603e-11       0.000000000000e+00       1.884917799223e-14       5.246378952686e-15      -5.632907496679e-16 
  730       2.763911520189e-10       4.536453710465e-12      -1.787046323769e-11       0.000000000000e+00       1.875453886225e-14       5.251330316813e-15      -5.598699432682e-16 
  731       2.775165720001e-10       4.506240319744e-12      -1.796439990629e-11       0.000000000000e+00       1.866047355912e-14       5.256004496211e-15      -5.563958499722e-16 
  732       2.786498421516e-10       4.475496041644e-12      -1.805343338474e-11       0.000000000000e+00       1.856697919025e-14       5.260399794492e-15      -5.528693303727e-16 
  733       2.797904868204e-10       4.444235127712e-12      -1.813755724140e-11       0.000000000000e+00       1.847405385697e-14       5.264513451539e-15      -5.492913511922e-16 
  734       2.809380247953e-10       4.412472011361e-12      -1.821676531894e-11       0.000000000000e+00       1.838169557070e-14       5.268342694765e-15      -5.456628921367e-16 
  735       2.820919692871e-10       4.380221308513e-12      -1.829105173560e-11       0.000000000000e+00       1.828990225252e-14       5.271884739087e-15      -5.419849459416e-16 
  736       2.832518279097e-10       4.347497818244e-12      -1.836041088661e-11       0.000000000000e+00       1.819867173281e-14       5.275136786907e-15      -5.382585184187e-16 
  737       2.844171026610e-10       4.314316523423e-12      -1.842483744545e-11       0.000000000000e+00       1.810800175082e-14       5.278096028088e-15      -5.344846285017e-16 
  738       2.855872899030e-10       4.280692591360e-12      -1.848432636524e-11       0.000000000000e+00       1.801788995425e-14       5.280759639926e-15      -5.306643082931e-16 
  739       2.867618803428e-10       4.246641374446e-12      -1.853887288000e-11       0.000000000000e+00       1.792833389889e-14       5.283124787127e-15      -5.267986031102e-16 
  740       2.879403590137e-10       4.212178410800e-12      -1.858847250607e-11       0.000000000000e+00       1.783933104817e-14       5.285188621790e-15      -5.228885715314e-16 
  741       2.891222052551e-10       4.177319424909e-12      -1.863312104336e-11       0.000000000000e+00       1.775087877277e-14       5.286948283373e-15      -5.189352854426e-16 
  742       2.903068926940e-10       4.142080328271e-12      -1.867281457674e-11       0.000000000000e+00       1.766297435023e-14       5.288400898677e-15      -5.149398300833e-16 
  743       2.914938892251e-10       4.106477220044e-12      -1.870754947733e-11       0.000000000000e+00       1.757561496452e-14       5.289543581819e-15      -5.109033040932e-16 
  744       2.926826569917e-10       4.070526387682e-12      -1.873732240388e-11       0.000000000000e+00       1.748879770566e-14       5.290373434209e-15      -5.068268195581e-16 
  745       2.938726523667e-10       4.034244307584e-12      -1.876213030403e-11       0.000000000000e+00       1.740251956930e-14       5.290887544525e-15      -5.027115020564e-16 
  746       2.950633259328e-10       3.997647645734e-12      -1.878197041571e-11       0.000000000000e+00       1.731677745630e-14       5.291082988691e-15      -4.985584907056e-16 
  747       2.962541224635e-10       3.960753258345e-12      -1.879684026844e-11       0.000000000000e+00       1.723156817237e-14       5.290956829852e-15      -4.943689382080e-16 
  748       2.974444809039e-10       3.923578192506e-12      -1.880673768467e-11       0.000000000000e+00       1.714688842762e-14       5.290506118351e-15      -4.901440108976e-16 
  749       2.986338343512e-10       3.886139686820e-12      -1.881166078111e-11       0.000000000000e+00       1.706273483618e-14       5.289727891705e-15      -4.858848887861e-16 
  750       2.998216100352e-10       3.848455172050e-12      -1.881160797003e-11       0.000000000000e+00       1.697910391577e-14       5.288619174580e-15      -4.815927656090e-16 
  751       3.010072292996e-10       3.810542271763e-12      -1.880657796066e-11       0.000000000000e+00       1.689599208735e-14       5.287176978770e-15      -4.772688488724e-16 
  752       3.021901075821e-10       3.772418802972e-12      -1.879656976047e-11       0.000000000000e+00       1.681339567464e-14       5.285398303170e-15      -4.729143598989e-16 
  753       3.033696543956e-10       3.734102776780e-12      -1.878158267650e-11       0.000000000000e+00       1.673131090378e-14       5.283280133755e-15      -4.685305338738e-16 
  754       3.045452733084e-10       3.695612399025e-12      -1.876161631672e-11       0.000000000000e+00       1.664973390286e-14       5.280819443554e-15      -4.641186198918e-16 
  755       3.057163619255e-10       3.656966070919e-12      -1.873667059135e-11       0.000000000000e+00       1.656866070161e-14       5.278013192627e-15      -4.596798810029e-16 
  756       3.068823118686e-10       3.618182389696e-12      -1.870674571417e-11       0.000000000000e+00       1.648808723088e-14       5.274858328043e-15      -4.552155942590e-16 
  757       3.080425087574e-10       3.579280149254e-12      -1.867184220389e-11       0.000000000000e+00       1.640800932233e-14       5.271351783852e-15      -4.507270507598e-16 
  758       3.091963321900e-10       3.540278340798e-12      -1.863196088545e-11       0.000000000000e+00       1.632842270797e-14       5.267490481068e-15      -4.462155556995e-16 
  759       3.103431557239e-10       3.501196153480e-12      -1.858710289138e-11       0.000000000000e+00       1.624932301978e-14       5.263271327636e-15      -4.416824284128e-16 
  760       3.114823468560e-10       3.462052975051e-12      -1.853726966309e-11       0.000000000000e+00       1.617070578929e-14       5.258691218418e-15      -4.371290024215e-16 
  761       3.126132670042e-10       3.422868392495e-12      -1.848246295224e-11       0.000000000000e+00       1.609256644720e-14       5.253747035161e-15      -4.325566254802e-16 
  762       3.137352714876e-10       3.383662192680e-12      -1.842268482207e-11       0.000000000000e+00       1.601490032294e-14       5.248435646478e-15      -4.279666596233e-16 
  763       3.148477095072e-10       3.344454362994e-12      -1.835793764869e-11       0.000000000000e+00       1.593770264428e-14       5.242753907825e-15      -4.233604812108e-16 
  764       3.159499241267e-10       3.305265091996e-12      -1.828822412247e-11       0.000000000000e+00       1.586096853695e-14       5.236698661472e-15      -4.187394809748e-16 
  765       3.170412522533e-10       3.266114770054e-12      -1.821354724933e-11       0.000000000000e+00       1.578469302418e-14       5.230266736483e-15      -4.141050640657e-16 
  766       3.181210246181e-10       3.227023989990e-12      -1.813391035209e-11       0.000000000000e+00       1.570887102637e-14       5.223454948695e-15      -4.094586500984e-16 
  767       3.191885657572e-10       3.188013547725e-12      -1.804931707178e-11       0.000000000000e+00       1.563349736060e-14       5.216260100686e-15      -4.048016731990e-16 
  768       3.202431939921e-10       3.149104442918e-12      -1.795977136901e-11       0.000000000000e+00       1.555856674029e-14       5.208678981760e-15      -4.001355820505e-16 
  769       3.212842214106e-10       3.110317879615e-12      -1.786527752526e-11       0.000000000000e+00       1.548407377476e-14       5.200708367916e-15      -3.954618399395e-16 
  770       3.223109538472e-10       3.071675266890e-12      -1.776584014425e-11       0.000000000000e+00       1.541001296887e-14       5.192345021832e-15      -3.907819248023e-16 
  771       3.233227580205e-10       3.033196736337e-12      -1.766147275475e-11       0.000000000000e+00       1.533637944404e-14       5.183587400570e-15      -3.860970971492e-16 
  772       3.243192643764e-10       2.994896662497e-12      -1.755222379501e-11       0.000000000000e+00       1.526317111744e-14       5.174440814222e-15      -3.814076989269e-16 
  773       3.253001680448e-10       2.956788058941e-12      -1.743815112267e-11       0.000000000000e+00       1.519038656325e-14       5.164912364829e-15      -3.767138414804e-16 
  774       3.262651620251e-10       2.918884054089e-12      -1.731931346084e-11       0.000000000000e+00       1.511802429467e-14       5.155009247816e-15      -3.720156364731e-16 
  775       3.272139371805e-10       2.881197891551e-12      -1.719577040119e-11       0.000000000000e+00       1.504608276365e-14       5.144738752309e-15      -3.673131958860e-16 
  776       3.281461822326e-10       2.843742930473e-12      -1.706758240699e-11       0.000000000000e+00       1.497456036063e-14       5.134108261451e-15      -3.626066320175e-16 
  777       3.290615837550e-10       2.806532645881e-12      -1.693481081617e-11       0.000000000000e+00       1.490345541430e-14       5.123125252730e-15      -3.578960574823e-16 
  778       3.299598261680e-10       2.769580629023e-12      -1.679751784443e-11       0.000000000000e+00       1.483276619129e-14       5.111797298294e-15      -3.531815852116e-16 
  779       3.308405917328e-10       2.732900587718e-12      -1.665576658826e-11       0.000000000000e+00       1.476249089596e-14       5.100132065275e-15      -3.484633284521e-16 
  780       3.317035605456e-10       2.696506346697e-12      -1.650962102801e-11       0.000000000000e+00       1.469262767012e-14       5.088137316106e-15      -3.437414007656e-16 
  781       3.325484105319e-10       2.660411847947e-12      -1.635914603100e-11       0.000000000000e+00       1.462317459277e-14       5.075820908845e-15      -3.390159160287e-16 
  782       3.333748174407e-10       2.624631151059e-12      -1.620440735452e-11       0.000000000000e+00       1.455412967986e-14       5.063190797493e-15      -3.342869884321e-16 
  783       3.341824548388e-10       2.589178433568e-12      -1.604547164895e-11       0.000000000000e+00       1.448549088398e-14       5.050255032316e-15      -3.295547324799e-16 
  784       3.349709941051e-10       2.554067991301e-12      -1.588240646080e-11       0.000000000000e+00       1.441725609418e-14       5.037021760166e-15      -3.248192629896e-16 
  785       3.357401044248e-10       2.519314238717e-12      -1.571528023578e-11       0.000000000000e+00       1.434942313562e-14       5.023499224799e-15      -3.200806950910e-16 
  786       3.364894527835e-10       2.484931709258e-12      -1.554416232185e-11       0.000000000000e+00       1.428198976938e-14       5.009695767197e-15      -3.153391442263e-16 
  787       3.372187039615e-10       2.450935055686e-12      -1.536912297234e-11       0.000000000000e+00       1.421495369218e-14       4.995619825889e-15      -3.105947261491e-16 
  788       3.379275205282e-10       2.417339050434e-12      -1.519023334895e-11       0.000000000000e+00       1.414831253610e-14       4.981279937273e-15      -3.058475569239e-16 
  789       3.386155628364e-10       2.384158585944e-12      -1.500756552483e-11       0.000000000000e+00       1.408206386835e-14       4.966684735932e-15      -3.010977529261e-16 
  790       3.392824890161e-10       2.351408675018e-12      -1.482119248770e-11       0.000000000000e+00       1.401620519099e-14       4.951842954958e-15      -2.963454308409e-16 
  791       3.399279549692e-10       2.319104451156e-12      -1.463118814284e-11       0.000000000000e+00       1.395073394069e-14       4.936763426272e-15      -2.915907076631e-16 
  792       3.405516143634e-10       2.287261168906e-12      -1.443762731621e-11       0.000000000000e+00       1.388564748843e-14       4.921455080943e-15      -2.868337006966e-16 
  793       3.411531186267e-10       2.255894204203e-12      -1.424058575748e-11       0.000000000000e+00       1.382094313930e-14       4.905926949512e-15      -2.820745275535e-16 
  794       3.417321169417e-10       2.225019054719e-12      -1.404014014313e-11       0.000000000000e+00       1.375661813219e-14       4.890188162308e-15      -2.773133061544e-16 
  795       3.422882562394e-10       2.194651340203e-12      -1.383636807949e-11       0.000000000000e+00       1.369266963955e-14       4.874247949772e-15      -2.725501547270e-16 
  796       3.428211811939e-10       2.164806802828e-12      -1.362934810580e-11       0.000000000000e+00       1.362909476716e-14       4.858115642776e-15      -2.677851918061e-16 
  797       3.433305342165e-10       2.135501307532e-12      -1.341915969730e-11       0.000000000000e+00       1.356589055379e-14       4.841800672943e-15      -2.630185362329e-16 
  798       3.438159554499e-10       2.106750842366e-12      -1.320588326830e-11       0.000000000000e+00       1.350305397103e-14       4.825312572969e-15      -2.582503071548e-16 
  799       3.442770827622e-10       2.078571518839e-12      -1.298960017520e-11       0.000000000000e+00       1.344058192298e-14       4.808660976944e-15      -2.534806240242e-16 
  800       3.447135517419e-10       2.050979572257e-12      -1.277039271961e-11       0.000000000000e+00       1.337847124599e-14       4.791855620668e-15      -2.487096065990e-16 
  801       3.451249956912e-10       2.023991362074e-12      -1.254834415139e-11       0.000000000000e+00       1.331671870843e-14       4.774906341978e-15      -2.439373749411e-16 
  802       3.455110456209e-10       1.997623372231e-12      -1.232353867170e-11       0.000000000000e+00       1.325532101041e-14       4.757823081064e-15      -2.391640494164e-16 
  803       3.458713302443e-10       1.971892211502e-12      -1.209606143610e-11       0.000000000000e+00       1.319427478352e-14       4.740615880792e-15      -2.343897506943e-16 
  804       3.462054759717e-10       1.946814613842e-12      -1.186599855758e-11       0.000000000000e+00       1.313357659056e-14       4.723294887021e-15      -2.296145997471e-16 
  805       3.465131069044e-10       1.922407438726e-12      -1.163343710968e-11       0.000000000000e+00       1.307322292531e-14       4.705870348929e-15      -2.248387178493e-16 
  806       3.467938448291e-10       1.898687671496e-12      -1.139846512948e-11       0.000000000000e+00       1.301321021226e-14       4.688352619328e-15      -2.200622265776e-16 
  807       3.470473092121e-10       1.875672423705e-12      -1.116117162074e-11       0.000000000000e+00       1.295353480633e-14       4.670752154988e-15      -2.152852478097e-16 
  808       3.472731171936e-10       1.853378933462e-12      -1.092164655689e-11       0.000000000000e+00       1.289419299264e-14       4.653079516956e-15      -2.105079037245e-16 
  809       3.474708835816e-10       1.831824565776e-12      -1.067998088419e-11       0.000000000000e+00       1.283518098622e-14       4.635345370878e-15      -2.057303168008e-16 
  810       3.476402208468e-10       1.811026812899e-12      -1.043626652470e-11       0.000000000000e+00       1.277649493178e-14       4.617560487318e-15      -2.009526098178e-16 
  811       3.477808118925e-10       1.791000833122e-12      -1.019059458872e-11       0.000000000000e+00       1.271813139759e-14       4.599733621062e-15      -1.961749955343e-16 
  812       3.478926298142e-10       1.771752017896e-12      -9.943049970413e-12       0.000000000000e+00       1.266008886747e-14       4.581865106546e-15      -1.913980475010e-16 
  813       3.479757220831e-10       1.753283291649e-12      -9.693716660986e-12       0.000000000000e+00       1.260236627513e-14       4.563953147824e-15      -1.866224341202e-16 
  814       3.480301381357e-10       1.735597561113e-12      -9.442679533319e-12       0.000000000000e+00       1.254496251228e-14       4.545995929071e-15      -1.818488294231e-16 
  815       3.480559293811e-10       1.718697715218e-12      -9.190024344694e-12       0.000000000000e+00       1.248787642849e-14       4.527991614525e-15      -1.770779130849e-16 
  816       3.480531492087e-10       1.702586624991e-12      -8.935837739534e-12       0.000000000000e+00       1.243110683095e-14       4.509938348412e-15      -1.723103704415e-16 
  817       3.480218529954e-10       1.687267143450e-12      -8.680207252147e-12       0.000000000000e+00       1.237465248438e-14       4.491834254890e-15      -1.675468925043e-16 
  818       3.479620981137e-10       1.672742105499e-12      -8.423221309464e-12       0.000000000000e+00       1.231851211081e-14       4.473677437972e-15      -1.627881759769e-16 
  819       3.478739439386e-10       1.659014327827e-12      -8.164969233776e-12       0.000000000000e+00       1.226268438942e-14       4.455465981471e-15      -1.580349232704e-16 
  820       3.477574518552e-10       1.646086608801e-12      -7.905541245476e-12       0.000000000000e+00       1.220716795638e-14       4.437197948924e-15      -1.532878425197e-16 
  821       3.476126852666e-10       1.633961728362e-12      -7.645028465796e-12       0.000000000000e+00       1.215196140468e-14       4.418871383535e-15      -1.485476475986e-16 
  822       3.474397096009e-10       1.622642447922e-12      -7.383522919551e-12       0.000000000000e+00       1.209706328394e-14       4.400484308101e-15      -1.438150581366e-16 
  823       3.472385923192e-10       1.612131510261e-12      -7.121117537872e-12       0.000000000000e+00       1.204247210028e-14       4.382034724953e-15      -1.390907995339e-16 
  824       3.470094029225e-10       1.602431639417e-12      -6.857906160951e-12       0.000000000000e+00       1.198818631610e-14       4.363520615885e-15      -1.343756029775e-16 
  825       3.467522129599e-10       1.593545540591e-12      -6.593983540778e-12       0.000000000000e+00       1.193420434996e-14       4.344939942090e-15      -1.296702054574e-16 
  826       3.464670960355e-10       1.585475900033e-12      -6.329445343878e-12       0.000000000000e+00       1.188052457639e-14       4.326290644094e-15      -1.249753497818e-16 
  827       3.461541278163e-10       1.578225384947e-12      -6.064388154057e-12       0.000000000000e+00       1.182714532569e-14       4.307570641690e-15      -1.202917845934e-16 
  828       3.458133860394e-10       1.571796643379e-12      -5.798909475133e-12       0.000000000000e+00       1.177406488381e-14       4.288777833873e-15      -1.156202643850e-16 
  829       3.454449505198e-10       1.566192304119e-12      -5.533107733682e-12       0.000000000000e+00       1.172128149216e-14       4.269910098771e-15      -1.109615495155e-16 
  830       3.450489031577e-10       1.561414976591e-12      -5.267082281776e-12       0.000000000000e+00       1.166879334745e-14       4.250965293581e-15      -1.063164062255e-16 
  831       3.446253279460e-10       1.557467250755e-12      -5.000933399720e-12       0.000000000000e+00       1.161659860147e-14       4.231941254504e-15      -1.016856066535e-16 
  832       3.441743109780e-10       1.554351696998e-12      -4.734762298791e-12       0.000000000000e+00       1.156469536102e-14       4.212835796678e-15      -9.706992885122e-17 
  833       3.436959404548e-10       1.552070866033e-12      -4.468671123984e-12       0.000000000000e+00       1.151308168762e-14       4.193646714112e-15      -9.247015679992e-17 
  834       3.431903066926e-10       1.550627288791e-12      -4.202762956743e-12       0.000000000000e+00       1.146175559745e-14       4.174371779619e-15      -8.788708042595e-17 
  835       3.426575021304e-10       1.550023476321e-12      -3.937141817705e-12       0.000000000000e+00       1.141071506111e-14       4.155008744751e-15      -8.332149561665e-17 
  836       3.420976213376e-10       1.550261919684e-12      -3.671912669439e-12       0.000000000000e+00       1.135995800348e-14       4.135555339736e-15      -7.877420423620e-17 
  837       3.415107610214e-10       1.551345089849e-12      -3.407181419183e-12       0.000000000000e+00       1.130948230354e-14       4.116009273404e-15      -7.424601414144e-17 
  838       3.408970200342e-10       1.553275437588e-12      -3.143054921588e-12       0.000000000000e+00       1.125928579420e-14       4.096368233131e-15      -6.973773919770e-17 
  839       3.402564993811e-10       1.556055393372e-12      -2.879640981453e-12       0.000000000000e+00       1.120936626214e-14       4.076629884765e-15      -6.525019929462e-17 
  840       3.395893022278e-10       1.559687367270e-12      -2.617048356467e-12       0.000000000000e+00       1.115972144765e-14       4.056791872565e-15      -6.078422036202e-17 
  841       3.388955339075e-10       1.564173748839e-12      -2.355386759945e-12       0.000000000000e+00       1.111034904441e-14       4.036851819131e-15      -5.634063438568e-17 
  842       3.381753019288e-10       1.569516907024e-12      -2.094766863572e-12       0.000000000000e+00       1.106124669939e-14       4.016807325342e-15      -5.192027942320e-17 
  843       3.374287159831e-10       1.575719190055e-12      -1.835300300141e-12       0.000000000000e+00       1.101241201262e-14       3.996655970287e-15      -4.752399961984e-17 
  844       3.366558879522e-10       1.582782925338e-12      -1.577099666289e-12       0.000000000000e+00       1.096384253708e-14       3.976395311202e-15      -4.315264522433e-17 
  845       3.358569319157e-10       1.590710419354e-12      -1.320278525241e-12       0.000000000000e+00       1.091553577846e-14       3.956022883401e-15      -3.880707260472e-17 
  846       3.350319641583e-10       1.599503957554e-12      -1.064951409547e-12       0.000000000000e+00       1.086748919506e-14       3.935536200211e-15      -3.448814426418e-17 
  847       3.341811031778e-10       1.609165804258e-12      -8.112338238215e-13       0.000000000000e+00       1.081970019756e-14       3.914932752906e-15      -3.019672885689e-17 
  848       3.333044696922e-10       1.619698202545e-12      -5.592422474827e-13       0.000000000000e+00       1.077216614891e-14       3.894210010642e-15      -2.593370120379e-17 
  849       3.324021866472e-10       1.631103374151e-12      -3.090941374934e-13       0.000000000000e+00       1.072488436410e-14       3.873365420391e-15      -2.169994230850e-17 
  850       3.314743792242e-10       1.643383519369e-12      -6.090793109871e-14       0.000000000000e+00       1.067785211004e-14       3.852396406872e-15      -1.749633937308e-17 
  851       3.305212100100e-10       1.656538942178e-12       1.852075707071e-13       0.000000000000e+00       1.063106694649e-14       3.831301002446e-15      -1.332363363671e-17 
  852       3.295429851554e-10       1.670562390608e-12       4.291852579202e-13       0.000000000000e+00       1.058452775567e-14       3.810079748752e-15      -9.181960998835e-18 
  853       3.285400500527e-10       1.685444619096e-12       6.709682011576e-13       0.000000000000e+00       1.053823372999e-14       3.788733827558e-15      -5.071303548182e-18 
  854       3.275127543509e-10       1.701176254040e-12       9.104990812283e-13       0.000000000000e+00       1.049218403241e-14       3.767264433792e-15      -9.916410165766e-19 
  855       3.264614519693e-10       1.717747793377e-12       1.147720188151e-12       0.000000000000e+00       1.044637779628e-14       3.745672775585e-15       3.057049230412e-18 
  856       3.253865011107e-10       1.735149606178e-12       1.382573420174e-12       0.000000000000e+00       1.040081412532e-14       3.723960074309e-15       7.074792202830e-18 
  857       3.242882642746e-10       1.753371932225e-12       1.615000282791e-12       0.000000000000e+00       1.035549209341e-14       3.702127564614e-15       1.106161529569e-17 
  858       3.231671082708e-10       1.772404881602e-12       1.844941887760e-12       0.000000000000e+00       1.031041074454e-14       3.680176494465e-15       1.501754829832e-17 
  859       3.220234042322e-10       1.792238434278e-12       2.072338952121e-12       0.000000000000e+00       1.026556909267e-14       3.658108125183e-15       1.894262340374e-17 
  860       3.208575276288e-10       1.812862439694e-12       2.297131797218e-12       0.000000000000e+00       1.022096612163e-14       3.635923731483e-15       2.283687521799e-17 
  861       3.196698582807e-10       1.834266616347e-12       2.519260347711e-12       0.000000000000e+00       1.017660078500e-14       3.613624601511e-15       2.670034076950e-17 
  862       3.184607803712e-10       1.856440551377e-12       2.738664130598e-12       0.000000000000e+00       1.013247200599e-14       3.591212036882e-15       3.053305951844e-17 
  863       3.172306824606e-10       1.879373700152e-12       2.955282274232e-12       0.000000000000e+00       1.008857867734e-14       3.568687352720e-15       3.433507336608e-17 
  864       3.159799574990e-10       1.903055385853e-12       3.169053507341e-12       0.000000000000e+00       1.004491966120e-14       3.546051877694e-15       3.810642666413e-17 
  865       3.147090028400e-10       1.927474799061e-12       3.379916158043e-12       0.000000000000e+00       1.000149378903e-14       3.523306954059e-15       4.184716622411e-17 
  866       3.134182202541e-10       1.952620997339e-12       3.587808152866e-12       0.000000000000e+00       9.958299861455e-15       3.500453937692e-15       4.555734132671e-17 
  867       3.121080159416e-10       1.978482904823e-12       3.792667015767e-12       0.000000000000e+00       9.915336648186e-15       3.477494198132e-15       4.923700373112e-17 
  868       3.107788005462e-10       2.005049311804e-12       3.994429867148e-12       0.000000000000e+00       9.872602887893e-15       3.454429118616e-15       5.288620768441e-17 
  869       3.094309891684e-10       2.032308874313e-12       4.193033422876e-12       0.000000000000e+00       9.830097288088e-15       3.431260096121e-15       5.650500993086e-17 
  870       3.080650013785e-10       2.060250113709e-12       4.388413993299e-12       0.000000000000e+00       9.787818525021e-15       3.407988541397e-15       6.009346972135e-17 
  871       3.066812612304e-10       2.088861416263e-12       4.580507482267e-12       0.000000000000e+00       9.745765243559e-15       3.384615879011e-15       6.365164882266e-17 
  872       3.052801972744e-10       2.118131032742e-12       4.769249386149e-12       0.000000000000e+00       9.703936057078e-15       3.361143547382e-15       6.717961152690e-17 
  873       3.038622425709e-10       2.148047077999e-12       4.954574792848e-12       0.000000000000e+00       9.662329547349e-15       3.337572998817e-15       7.067742466079e-17 
  874       3.024278347036e-10       2.178597530555e-12       5.136418380826e-12       0.000000000000e+00       9.620944264422e-15       3.313905699557e-15       7.414515759505e-17 
  875       3.009774157927e-10       2.209770232184e-12       5.314714418115e-12       0.000000000000e+00       9.579778726518e-15       3.290143129806e-15       7.758288225377e-17 
  876       2.995114325087e-10       2.241552887503e-12       5.489396761340e-12       0.000000000000e+00       9.538831419912e-15       3.266286783776e-15       8.099067312373e-17 
  877       2.980303360848e-10       2.273933063551e-12       5.660398854734e-12       0.000000000000e+00       9.498100798820e-15       3.242338169723e-15       8.436860726379e-17 
  878       2.965345823314e-10       2.306898189381e-12       5.827653729160e-12       0.000000000000e+00       9.457585285291e-15       3.218298809984e-15       8.771676431419e-17 
  879       2.950246316483e-10       2.340435555641e-12       5.991094001124e-12       0.000000000000e+00       9.417283269085e-15       3.194170241017e-15       9.103522650598e-17 
  880       2.935009490388e-10       2.374532314161e-12       6.150651871798e-12       0.000000000000e+00       9.377193107569e-15       3.169954013439e-15       9.432407867032e-17 
  881       2.919640041228e-10       2.409175477541e-12       6.306259126034e-12       0.000000000000e+00       9.337313125599e-15       3.145651692065e-15       9.758340824784e-17 
  882       2.904142711499e-10       2.444351918730e-12       6.457847131386e-12       0.000000000000e+00       9.297641615408e-15       3.121264855944e-15       1.008133052980e-16 
  883       2.888522290131e-10       2.480048370620e-12       6.605346837126e-12       0.000000000000e+00       9.258176836492e-15       3.096795098398e-15       1.040138625085e-16 
  884       2.872783612617e-10       2.516251425626e-12       6.748688773262e-12       0.000000000000e+00       9.218917015500e-15       3.072244027064e-15       1.071851752045e-16 
  885       2.856931561151e-10       2.552947535271e-12       6.887803049557e-12       0.000000000000e+00       9.179860346118e-15       3.047613263925e-15       1.103273413582e-16 
  886       2.840971064758e-10       2.590123009775e-12       7.022619354546e-12       0.000000000000e+00       9.141004988956e-15       3.022904445357e-15       1.134404615978e-16 
  887       2.824907099426e-10       2.627764017640e-12       7.153066954557e-12       0.000000000000e+00       9.102349071438e-15       2.998119222158e-15       1.165246392174e-16 
  888       2.808744688244e-10       2.665856585233e-12       7.279074692725e-12       0.000000000000e+00       9.063890687684e-15       2.973259259595e-15       1.195799801858e-16 
  889       2.792488901532e-10       2.704386596372e-12       7.400570988012e-12       0.000000000000e+00       9.025627898402e-15       2.948326237437e-15       1.226065931564e-16 
  890       2.776144856972e-10       2.743339791916e-12       7.517483834229e-12       0.000000000000e+00       8.987558730773e-15       2.923321849994e-15       1.256045894760e-16 
  891       2.759717535373e-10       2.782701657047e-12       7.629753399498e-12       0.000000000000e+00       8.949681419454e-15       2.898248473334e-15       1.285740242671e-16 
  892       2.743211224366e-10       2.822457081957e-12       7.737370052912e-12       0.000000000000e+00       8.911995134154e-15       2.873111178841e-15       1.315147185958e-16 
  893       2.726630065856e-10       2.862590694780e-12       7.840336959014e-12       0.000000000000e+00       8.874499263758e-15       2.847915752724e-15       1.344264344087e-16 
  894       2.709978239673e-10       2.903086972960e-12       7.938657534742e-12       0.000000000000e+00       8.837193176211e-15       2.822668031971e-15       1.373089331962e-16 
  895       2.693259963678e-10       2.943930242812e-12       8.032335450347e-12       0.000000000000e+00       8.800076218443e-15       2.797373904486e-15       1.401619759934e-16 
  896       2.676479493871e-10       2.985104679097e-12       8.121374630319e-12       0.000000000000e+00       8.763147716292e-15       2.772039309232e-15       1.429853233803e-16 
  897       2.659641124491e-10       3.026594304587e-12       8.205779254298e-12       0.000000000000e+00       8.726406974427e-15       2.746670236364e-15       1.457787354826e-16 
  898       2.642749188129e-10       3.068382989637e-12       8.285553758007e-12       0.000000000000e+00       8.689853276271e-15       2.721272727372e-15       1.485419719715e-16 
  899       2.625808055824e-10       3.110454451748e-12       8.360702834160e-12       0.000000000000e+00       8.653485883927e-15       2.695852875219e-15       1.512747920650e-16 
  900       2.608822137176e-10       3.152792255140e-12       8.431231433393e-12       0.000000000000e+00       8.617304038097e-15       2.670416824481e-15       1.539769545276e-16 
  901       2.591795880449e-10       3.195379810322e-12       8.497144765177e-12       0.000000000000e+00       8.581306958009e-15       2.644970771485e-15       1.566482176712e-16 
  902       2.574733772676e-10       3.238200373654e-12       8.558448298746e-12       0.000000000000e+00       8.545493841340e-15       2.619520964448e-15       1.592883393556e-16 
  903       2.557640339764e-10       3.281237046923e-12       8.615147764011e-12       0.000000000000e+00       8.509863864136e-15       2.594073703614e-15       1.618970769886e-16 
  904       2.540520146599e-10       3.324472776907e-12       8.667249152483e-12       0.000000000000e+00       8.474416180741e-15       2.568635341399e-15       1.644741875267e-16 
  905       2.523377797156e-10       3.367890354944e-12       8.714758718195e-12       0.000000000000e+00       8.439149923714e-15       2.543212282524e-15       1.670194274756e-16 
  906       2.506217934595e-10       3.411472416502e-12       8.757682978622e-12       0.000000000000e+00       8.404064203758e-15       2.517810984157e-15       1.695325528904e-16 
  907       2.489045241378e-10       3.455201440749e-12       8.796028715600e-12       0.000000000000e+00       8.369158109639e-15       2.492437956049e-15       1.720133193764e-16 
  908       2.471864439365e-10       3.499059750117e-12       8.829802976250e-12       0.000000000000e+00       8.334430708114e-15       2.467099760679e-15       1.744614820895e-16 
  909       2.454680289924e-10       3.543029509873e-12       8.859013073894e-12       0.000000000000e+00       8.299881043849e-15       2.441803013387e-15       1.768767957361e-16 
  910       2.437497594034e-10       3.587092727690e-12       8.883666588980e-12       0.000000000000e+00       8.265508139346e-15       2.416554382515e-15       1.792590145745e-16 
  911       2.420321192394e-10       3.631231253212e-12       8.903771370001e-12       0.000000000000e+00       8.231310994867e-15       2.391360589547e-15       1.816078924145e-16 
  912       2.403155965525e-10       3.675426777624e-12       8.919335534415e-12       0.000000000000e+00       8.197288588353e-15       2.366228409248e-15       1.839231826185e-16 
  913       2.386006833876e-10       3.719660833221e-12       8.930367469565e-12       0.000000000000e+00       8.163439875352e-15       2.341164669802e-15       1.862046381014e-16 
  914       2.368878757929e-10       3.763914792975e-12       8.936875833604e-12       0.000000000000e+00       8.129763788940e-15       2.316176252949e-15       1.884520113316e-16 
  915       2.351776738309e-10       3.808169870107e-12       8.938869556409e-12       0.000000000000e+00       8.096259239646e-15       2.291270094130e-15       1.906650543310e-16 
  916       2.334705815881e-10       3.852407117651e-12       8.936357840508e-12       0.000000000000e+00       8.062925115373e-15       2.266453182620e-15       1.928435186757e-16 
  917       2.317671071864e-10       3.896607428025e-12       8.929350161995e-12       0.000000000000e+00       8.029760281324e-15       2.241732561670e-15       1.949871554964e-16 
  918       2.300677627930e-10       3.940751532601e-12       8.917856271457e-12       0.000000000000e+00       7.996763579921e-15       2.217115328647e-15       1.970957154789e-16 
  919       2.283730646312e-10       3.984820001272e-12       8.901886194888e-12       0.000000000000e+00       7.963933830735e-15       2.192608635168e-15       1.991689488646e-16 
  920       2.266835329910e-10       4.028793242019e-12       8.881450234614e-12       0.000000000000e+00       7.931269830403e-15       2.168219687246e-15       2.012066054506e-16 
  921       2.249996922397e-10       4.072651500482e-12       8.856558970213e-12       0.000000000000e+00       7.898770352558e-15       2.143955745422e-15       2.032084345907e-16 
  922       2.233220708319e-10       4.116374859528e-12       8.827223259434e-12       0.000000000000e+00       7.866434147743e-15       2.119824124912e-15       2.051741851956e-16 
  923       2.216512013208e-10       4.159943238820e-12       8.793454239120e-12       0.000000000000e+00       7.834259943345e-15       2.095832195736e-15       2.071036057330e-16 
  924       2.199876203683e-10       4.203336394384e-12       8.755263326125e-12       0.000000000000e+00       7.802246443511e-15       2.071987382868e-15       2.089964442289e-16 
  925       2.183318687556e-10       4.246533918180e-12       8.712662218240e-12       0.000000000000e+00       7.770392329072e-15       2.048297166365e-15       2.108524482672e-16 
  926       2.166844913937e-10       4.289515237667e-12       8.665662895109e-12       0.000000000000e+00       7.738696257472e-15       2.024769081513e-15       2.126713649907e-16 
  927       2.150460373340e-10       4.332259615375e-12       8.614277619151e-12       0.000000000000e+00       7.707156862684e-15       2.001410718963e-15       2.144529411013e-16 
  928       2.134170597789e-10       4.374746148473e-12       8.558518936483e-12       0.000000000000e+00       7.675772755137e-15       1.978229724871e-15       2.161969228606e-16 
  929       2.117981160924e-10       4.416953768336e-12       8.498399677837e-12       0.000000000000e+00       7.644542521642e-15       1.955233801035e-15       2.179030560902e-16 
  930       2.101897678102e-10       4.458861240114e-12       8.433932959481e-12       0.000000000000e+00       7.613464725309e-15       1.932430705038e-15       2.195710861723e-16 
  931       2.085925254751e-10       4.500448848498e-12       8.365139239678e-12       0.000000000000e+00       7.582538074963e-15       1.909826441222e-15       2.212008463162e-16 
  932       2.070066821713e-10       4.541703484848e-12       8.292067607453e-12       0.000000000000e+00       7.551761936442e-15       1.887419802260e-15       2.227925238737e-16 
  933       2.054324773998e-10       4.582613638998e-12       8.214774829557e-12       0.000000000000e+00       7.521135829164e-15       1.865207742247e-15       2.243463982013e-16 
  934       2.038701520206e-10       4.623167720094e-12       8.133318327091e-12       0.000000000000e+00       7.490659257314e-15       1.843187177991e-15       2.258627527862e-16 
  935       2.023199482552e-10       4.663354056396e-12       8.047756177404e-12       0.000000000000e+00       7.460331709792e-15       1.821354988902e-15       2.273418752581e-16 
  936       2.007821096895e-10       4.703160895079e-12       7.958147115989e-12       0.000000000000e+00       7.430152660158e-15       1.799708016880e-15       2.287840574026e-16 
  937       1.992568812772e-10       4.742576402037e-12       7.864550538380e-12       0.000000000000e+00       7.400121566579e-15       1.778243066204e-15       2.301895951733e-16 
  938       1.977445093424e-10       4.781588661683e-12       7.767026502049e-12       0.000000000000e+00       7.370237871777e-15       1.756956903423e-15       2.315587887048e-16 
  939       1.962452415821e-10       4.820185676750e-12       7.665635728299e-12       0.000000000000e+00       7.340501002976e-15       1.735846257238e-15       2.328919423253e-16 
  940       1.947593270701e-10       4.858355368096e-12       7.560439604166e-12       0.000000000000e+00       7.310910371847e-15       1.714907818401e-15       2.341893645691e-16 
  941       1.932870162588e-10       4.896085574502e-12       7.451500184310e-12       0.000000000000e+00       7.281465374456e-15       1.694138239595e-15       2.354513681895e-16 
  942       1.918285609831e-10       4.933364052476e-12       7.338880192913e-12       0.000000000000e+00       7.252165391210e-15       1.673534135326e-15       2.366782701714e-16 
  943       1.903842144624e-10       4.970178476056e-12       7.222643025580e-12       0.000000000000e+00       7.223009786805e-15       1.653092081815e-15       2.378703917438e-16 
  944       1.889542313043e-10       5.006516436609e-12       7.102852751227e-12       0.000000000000e+00       7.193997910174e-15       1.632808616880e-15       2.390280583927e-16 
  945       1.875388675070e-10       5.042365442632e-12       6.979574113985e-12       0.000000000000e+00       7.165129094428e-15       1.612680239830e-15       2.401515998735e-16 
  946       1.861383804624e-10       5.077712919560e-12       6.852872535093e-12       0.000000000000e+00       7.136402656810e-15       1.592703411355e-15       2.412413502240e-16 
  947       1.847530289590e-10       5.112546209558e-12       6.722814114794e-12       0.000000000000e+00       7.107817898638e-15       1.572874553408e-15       2.422976477767e-16 
  948       1.833830731848e-10       5.146852571333e-12       6.589465634232e-12       0.000000000000e+00       7.079374105253e-15       1.553190049101e-15       2.433208351718e-16 
  949       1.820287747300e-10       5.180619179930e-12       6.452894557349e-12       0.000000000000e+00       7.051070545963e-15       1.533646242590e-15       2.443112593697e-16 
  950       1.806903965905e-10       5.213833126532e-12       6.313169032783e-12       0.000000000000e+00       7.022906473994e-15       1.514239438965e-15       2.452692716636e-16 
  951       1.793682031700e-10       5.246481418269e-12       6.170357895759e-12       0.000000000000e+00       6.994881126436e-15       1.494965904137e-15       2.461952276922e-16 
  952       1.780624602836e-10       5.278550978011e-12       6.024530669991e-12       0.000000000000e+00       6.966993724186e-15       1.475821864729e-15       2.470894874525e-16 
  953       1.767734351603e-10       5.310028644179e-12       5.875757569576e-12       0.000000000000e+00       6.939243471899e-15       1.456803507967e-15       2.479524153124e-16 
  954       1.755013964460e-10       5.340901170537e-12       5.724109500891e-12       0.000000000000e+00       6.911629557933e-15       1.437906981561e-15       2.487843800231e-16 
  955       1.742466142067e-10       5.371155226002e-12       5.569658064489e-12       0.000000000000e+00       6.884151154296e-15       1.419128393602e-15       2.495857547323e-16 
  956       1.730093599308e-10       5.400777394442e-12       5.412475556995e-12       0.000000000000e+00       6.856807416595e-15       1.400463812446e-15       2.503569169964e-16 
  957       1.717899065326e-10       5.429754174477e-12       5.252634973004e-12       0.000000000000e+00       6.829597483976e-15       1.381909266607e-15       2.510982487933e-16 
  958       1.705885283549e-10       5.458071979285e-12       5.090210006976e-12       0.000000000000e+00       6.802520479081e-15       1.363460744640e-15       2.518101365351e-16 
  959       1.694055011721e-10       5.485717136398e-12       4.925275055131e-12       0.000000000000e+00       6.775575507987e-15       1.345114195034e-15       2.524929710809e-16 
  960       1.682411021928e-10       5.512675887507e-12       4.757905217352e-12       0.000000000000e+00       6.748761660153e-15       1.326865526100e-15       2.531471477490e-16 
  961       1.670956100630e-10       5.538934388265e-12       4.588176299071e-12       0.000000000000e+00       6.722078008373e-15       1.308710605860e-15       2.537730663304e-16 
  962       1.659693048689e-10       5.564478708087e-12       4.416164813174e-12       0.000000000000e+00       6.695523608716e-15       1.290645261935e-15       2.543711311004e-16 
  963       1.648624681397e-10       5.589294829950e-12       4.241947981896e-12       0.000000000000e+00       6.669097500477e-15       1.272665281435e-15       2.549417508320e-16 
  964       1.637753828509e-10       5.613368650200e-12       4.065603738712e-12       0.000000000000e+00       6.642798706122e-15       1.254766410845e-15       2.554853388087e-16 
  965       1.627083334268e-10       5.636685978348e-12       3.887210730241e-12       0.000000000000e+00       6.616626231236e-15       1.236944355918e-15       2.560023128362e-16 
  966       1.616616057433e-10       5.659232536876e-12       3.706848318136e-12       0.000000000000e+00       6.590579064467e-15       1.219194781561e-15       2.564930952564e-16 
  967       1.606354871314e-10       5.680993961036e-12       3.524596580986e-12       0.000000000000e+00       6.564656177476e-15       1.201513311723e-15       2.569581129588e-16 
  968       1.596302663796e-10       5.701955798654e-12       3.340536316206e-12       0.000000000000e+00       6.538856524885e-15       1.183895529289e-15       2.573977973941e-16 
  969       1.586462337370e-10       5.722103509929e-12       3.154749041941e-12       0.000000000000e+00       6.513179044217e-15       1.166336975961e-15       2.578125845863e-16 
  970       1.576836809162e-10       5.741422467240e-12       2.967316998955e-12       0.000000000000e+00       6.487622655850e-15       1.148833152154e-15       2.582029151456e-16 
  971       1.567428447545e-10       5.759900343452e-12       2.778320995145e-12       0.000000000000e+00       6.462186386910e-15       1.131380855355e-15       2.585691330053e-16 
  972       1.558237372636e-10       5.777534316621e-12       2.587833899726e-12       0.000000000000e+00       6.436869745100e-15       1.113982217502e-15       2.589111799386e-16 
  973       1.549263130295e-10       5.794323973264e-12       2.395927054950e-12       0.000000000000e+00       6.411672350391e-15       1.096640728111e-15       2.592288964717e-16 
  974       1.540505253182e-10       5.810268929780e-12       2.202672426250e-12       0.000000000000e+00       6.386593811538e-15       1.079359901369e-15       2.595221227436e-16 
  975       1.531963260712e-10       5.825368832556e-12       2.008142603854e-12       0.000000000000e+00       6.361633726053e-15       1.062143276190e-15       2.597906985051e-16 
  976       1.523636659016e-10       5.839623358071e-12       1.812410804414e-12       0.000000000000e+00       6.336791680157e-15       1.044994416276e-15       2.600344631192e-16 
  977       1.515524940895e-10       5.853032213002e-12       1.615550872624e-12       0.000000000000e+00       6.312067248750e-15       1.027916910175e-15       2.602532555605e-16 
  978       1.507627585779e-10       5.865595134329e-12       1.417637282842e-12       0.000000000000e+00       6.287459995371e-15       1.010914371338e-15       2.604469144151e-16 
  979       1.499944059686e-10       5.877311889442e-12       1.218745140714e-12       0.000000000000e+00       6.262969472159e-15       9.939904381833e-16       2.606152778806e-16 
  980       1.492473815175e-10       5.888182276243e-12       1.018950184797e-12       0.000000000000e+00       6.238595219821e-15       9.771487741499e-16       2.607581837654e-16 
  981       1.485216291309e-10       5.898206123257e-12       8.183287881770e-13       0.000000000000e+00       6.214336767585e-15       9.603930677598e-16       2.608754694891e-16 
  982       1.478170913608e-10       5.907383289731e-12       6.169579600960e-13       0.000000000000e+00       6.190193633174e-15       9.437270326756e-16       2.609669720818e-16 
  983       1.471337094009e-10       5.915713665746e-12       4.149153475704e-13       0.000000000000e+00       6.166165322759e-15       9.271544077601e-16       2.610325281841e-16 
  984       1.464714230823e-10       5.923197172317e-12       2.122792370147e-13       0.000000000000e+00       6.142251330928e-15       9.106789571352e-16       2.610719740467e-16 
  985       1.458301708692e-10       5.929833761500e-12       9.128555863703e-15       0.000000000000e+00       6.118451140644e-15       8.943044702406e-16       2.610851455306e-16 
  986       1.452098898546e-10       5.935623416502e-12      -1.944571258058e-13       0.000000000000e+00       6.094764223212e-15       8.780347618931e-16       2.610718781064e-16 
  987       1.446105157560e-10       5.940566151778e-12      -3.983975936528e-13       0.000000000000e+00       6.071190038236e-15       8.618736723455e-16       2.610320068545e-16 
  988       1.440319829115e-10       5.944662013144e-12      -6.026119874498e-13       0.000000000000e+00       6.047728033587e-15       8.458250673454e-16       2.609653664645e-16 
  989       1.434742242751e-10       5.947911077879e-12      -8.070187994608e-13       0.000000000000e+00       6.024377645364e-15       8.298928381946e-16       2.608717912354e-16 
  990       1.429371714127e-10       5.950313454831e-12      -1.011535872819e-12       0.000000000000e+00       6.001138297853e-15       8.140809018077e-16       2.607511150751e-16 
  991       1.424207544978e-10       5.951869284521e-12      -1.216080399906e-12       0.000000000000e+00       5.978009403496e-15       7.983932007713e-16       2.606031715001e-16 
  992       1.419249023072e-10       5.952578739253e-12      -1.420568920726e-12       0.000000000000e+00       5.954990362847e-15       7.828337034029e-16       2.604277936356e-16 
  993       1.414495422167e-10       5.952442023214e-12      -1.624917321290e-12       0.000000000000e+00       5.932080564540e-15       7.674064038100e-16       2.602248142152e-16 
  994       1.409946001971e-10       5.951459372582e-12      -1.829040831986e-12       0.000000000000e+00       5.909279385247e-15       7.521153219489e-16       2.599940655806e-16 
  995       1.405600008095e-10       5.949631055634e-12      -2.032854025963e-12       0.000000000000e+00       5.886586189644e-15       7.369645036840e-16       2.597353796812e-16 
  996       1.401456672017e-10       5.946957372845e-12      -2.236270817506e-12       0.000000000000e+00       5.864000330372e-15       7.219580208464e-16       2.594485880743e-16 
  997       1.397515211031e-10       5.943438657000e-12      -2.439204460415e-12       0.000000000000e+00       5.841521148001e-15       7.070999712933e-16       2.591335219248e-16 
  998       1.393774828212e-10       5.939075273296e-12      -2.641567546382e-12       0.000000000000e+00       5.819147970989e-15       6.923944789665e-16       2.587900120046e-16 
  999       1.390234712369e-10       5.933867619448e-12      -2.843272003370e-12       0.000000000000e+00       5.796880115649e-15       6.778456939521e-16       2.584178886928e-16 
 1000       1.386894038004e-10       5.927816125796e-12      -3.044229093989e-12       0.000000000000e+00       5.774716886110e-15       6.634577925387e-16       2.580169819754e-16 
 1001       1.383751965271e-10       5.920921255408e-12      -3.244349413876e-12       0.000000000000e+00       5.752657574277e-15       6.492349772769e-16       2.575871214450e-16 
 1002       1.380807639929e-10       5.913183504187e-12      -3.443542890072e-12       0.000000000000e+00       5.730701459797e-15       6.351814770382e-16       2.571281363007e-16 
 1003       1.378060193305e-10       5.904603400975e-12      -3.641718779399e-12       0.000000000000e+00       5.708847810021e-15       6.213015470739e-16       2.566398553475e-16 
 1004       1.375508742246e-10       5.895181507662e-12      -3.838785666839e-12       0.000000000000e+00       5.687095879964e-15       6.075994690741e-16       2.561221069969e-16 
 1005       1.373152389082e-10       5.884918419288e-12      -4.034651463913e-12       0.000000000000e+00       5.665444912271e-15       5.940795512268e-16       2.555747192658e-16 
 1006       1.370990221578e-10       5.873814764148e-12      -4.229223407055e-12       0.000000000000e+00       5.643894137178e-15       5.807461282768e-16       2.549975197768e-16 
 1007       1.369021312895e-10       5.861871203901e-12      -4.422408055993e-12       0.000000000000e+00       5.622442772474e-15       5.676035615847e-16       2.543903357580e-16 
 1008       1.367244721547e-10       5.849088433673e-12      -4.614111292129e-12       0.000000000000e+00       5.601090023464e-15       5.546562391859e-16       2.537529940424e-16 
 1009       1.365659491357e-10       5.835467182164e-12      -4.804238316911e-12       0.000000000000e+00       5.579835082932e-15       5.419085758497e-16       2.530853210683e-16 
 1010       1.364264651417e-10       5.821008211749e-12      -4.992693650214e-12       0.000000000000e+00       5.558677131103e-15       5.293650131380e-16       2.523871428783e-16 
 1011       1.363058956932e-10       5.805713910571e-12      -5.179390337542e-12       0.000000000000e+00       5.537615429136e-15       5.170286920151e-16       2.516584055328e-16 
 1012       1.362040107755e-10       5.789593093776e-12      -5.364277720604e-12       0.000000000000e+00       5.516649601154e-15       5.048974495500e-16       2.508995382537e-16 
 1013       1.361205518476e-10       5.772656271852e-12      -5.547314064758e-12       0.000000000000e+00       5.495779356213e-15       4.929677644894e-16       2.501110955268e-16 
 1014       1.360552576441e-10       5.754914065237e-12      -5.728457386026e-12       0.000000000000e+00       5.475004395119e-15       4.812360793668e-16       2.492936371788e-16 
 1015       1.360078641674e-10       5.736377204601e-12      -5.907665450553e-12       0.000000000000e+00       5.454324410395e-15       4.696988004051e-16       2.484477283904e-16 
 1016       1.359781046804e-10       5.717056531149e-12      -6.084895774065e-12       0.000000000000e+00       5.433739086263e-15       4.583522974206e-16       2.475739397112e-16 
 1017       1.359657096998e-10       5.696962996904e-12      -6.260105621326e-12       0.000000000000e+00       5.413248098610e-15       4.471929037257e-16       2.466728470727e-16 
 1018       1.359704069882e-10       5.676107665004e-12      -6.433252005597e-12       0.000000000000e+00       5.392851114966e-15       4.362169160328e-16       2.457450318029e-16 
 1019       1.359919215468e-10       5.654501709995e-12      -6.604291688094e-12       0.000000000000e+00       5.372547794476e-15       4.254205943571e-16       2.447910806398e-16 
 1020       1.360299756086e-10       5.632156418120e-12      -6.773181177443e-12       0.000000000000e+00       5.352337787872e-15       4.148001619199e-16       2.438115857457e-16 
 1021       1.360842886307e-10       5.609083187613e-12      -6.939876729144e-12       0.000000000000e+00       5.332220737453e-15       4.043518050523e-16       2.428071447205e-16 
 1022       1.361545772872e-10       5.585293528990e-12      -7.104334345022e-12       0.000000000000e+00       5.312196277047e-15       3.940716730983e-16       2.417783606163e-16 
 1023       1.362405554617e-10       5.560799065344e-12      -7.266509772690e-12       0.000000000000e+00       5.292264031998e-15       3.839558783179e-16       2.407258419507e-16 
 1024       1.363419342402e-10       5.535611532633e-12      -7.426358505005e-12       0.000000000000e+00       5.272423619128e-15       3.740004957907e-16       2.396502027213e-16 
 1025       1.364584219037e-10       5.509742779975e-12      -7.583835779526e-12       0.000000000000e+00       5.252674646718e-15       3.642015633190e-16       2.385520624190e-16 
 1026       1.365897239210e-10       5.483204769942e-12      -7.738896577973e-12       0.000000000000e+00       5.233016714478e-15       3.545550813312e-16       2.374320460425e-16 
 1027       1.367355429413e-10       5.456009578847e-12      -7.891495625684e-12       0.000000000000e+00       5.213449413521e-15       3.450570127851e-16       2.362907841117e-16 
 1028       1.368955787871e-10       5.428169397039e-12      -8.041587391071e-12       0.000000000000e+00       5.193972326339e-15       3.357032830710e-16       2.351289126819e-16 
 1029       1.370695284465e-10       5.399696529196e-12      -8.189126085083e-12       0.000000000000e+00       5.174585026773e-15       3.264897799155e-16       2.339470733578e-16 
 1030       1.372570860664e-10       5.370603394618e-12      -8.334065660659e-12       0.000000000000e+00       5.155287079988e-15       3.174123532842e-16       2.327459133071e-16 
 1031       1.374579429449e-10       5.340902527514e-12      -8.476359812188e-12       0.000000000000e+00       5.136078042447e-15       3.084668152852e-16       2.315260852745e-16 
 1032       1.376717875241e-10       5.310606577301e-12      -8.615961974968e-12       0.000000000000e+00       5.116957461885e-15       2.996489400728e-16       2.302882475960e-16 
 1033       1.378983053826e-10       5.279728308891e-12      -8.752825324663e-12       0.000000000000e+00       5.097924877281e-15       2.909544637501e-16       2.290330642121e-16 
 1034       1.381371792288e-10       5.248280602985e-12      -8.886902776759e-12       0.000000000000e+00       5.078979818831e-15       2.823790842729e-16       2.277612046824e-16 
 1035       1.383880888927e-10       5.216276456367e-12      -9.018146986025e-12       0.000000000000e+00       5.060121807925e-15       2.739184613526e-16       2.264733441991e-16 
 1036       1.386507113196e-10       5.183728982193e-12      -9.146510345970e-12       0.000000000000e+00       5.041350357117e-15       2.655682163599e-16       2.251701636009e-16 
 1037       1.389247205620e-10       5.150651410284e-12      -9.271944988300e-12       0.000000000000e+00       5.022664970100e-15       2.573239322276e-16       2.238523493873e-16 
 1038       1.392097877726e-10       5.117057087422e-12      -9.394402782377e-12       0.000000000000e+00       5.004065141681e-15       2.491811533543e-16       2.225205937321e-16 
 1039       1.395055811972e-10       5.082959477636e-12      -9.513835334677e-12       0.000000000000e+00       4.985550357751e-15       2.411353855075e-16       2.211755944973e-16 
 1040       1.398117661671e-10       5.048372162498e-12      -9.630193988246e-12       0.000000000000e+00       4.967120095262e-15       2.331820957271e-16       2.198180552476e-16 
 1041       1.401280050921e-10       5.013308841414e-12      -9.743429822161e-12       0.000000000000e+00       4.948773822196e-15       2.253167122283e-16       2.184486852633e-16 
 1042       1.404539574528e-10       4.977783331919e-12      -9.853493650986e-12       0.000000000000e+00       4.930510997546e-15       2.175346243054e-16       2.170681995554e-16 
 1043       1.407892797938e-10       4.941809569964e-12      -9.960336024230e-12       0.000000000000e+00       4.912331071282e-15       2.098311822348e-16       2.156773188784e-16 
 1044       1.411336257159e-10       4.905401610212e-12      -1.006390722581e-11       0.000000000000e+00       4.894233484329e-15       2.022016971782e-16       2.142767697449e-16 
 1045       1.414866458693e-10       4.868573626329e-12      -1.016415727349e-11       0.000000000000e+00       4.876217668538e-15       1.946414410862e-16       2.128672844394e-16 
 1046       1.418479879459e-10       4.831339911277e-12      -1.026103591837e-11       0.000000000000e+00       4.858283046662e-15       1.871456466015e-16       2.114496010321e-16 
 1047       1.422172966723e-10       4.793714877605e-12      -1.035449264432e-11       0.000000000000e+00       4.840429032328e-15       1.797095069620e-16       2.100244633927e-16 
 1048       1.425942138022e-10       4.755713057742e-12      -1.044447666745e-11       0.000000000000e+00       4.822655030011e-15       1.723281759045e-16       2.085926212045e-16 
 1049       1.429783781095e-10       4.717349104289e-12      -1.053093693555e-11       0.000000000000e+00       4.804960435006e-15       1.649967675674e-16       2.071548299785e-16 
 1050       1.433694253807e-10       4.678637790310e-12      -1.061382212758e-11       0.000000000000e+00       4.787344633405e-15       1.577103563946e-16       2.057118510667e-16 
 1051       1.437670027689e-10       4.639593888383e-12      -1.069309083447e-11       0.000000000000e+00       4.769807066392e-15       1.504651229380e-16       2.042642888980e-16 
 1052       1.441708120898e-10       4.600231805307e-12      -1.076874225779e-11       0.000000000000e+00       4.752347424183e-15       1.432618089039e-16       2.028121001777e-16 
 1053       1.445805671127e-10       4.560565942896e-12      -1.084078593672e-11       0.000000000000e+00       4.734965454728e-15       1.361023099421e-16       2.013550778931e-16 
 1054       1.449959792490e-10       4.520610819042e-12      -1.090923160599e-11       0.000000000000e+00       4.717660899617e-15       1.289885341291e-16       1.998930134694e-16 
 1055       1.454167575456e-10       4.480381067993e-12      -1.097408919641e-11       0.000000000000e+00       4.700433494054e-15       1.219224019959e-16       1.984256967660e-16 
 1056       1.458426086796e-10       4.439891440632e-12      -1.103536883543e-11       0.000000000000e+00       4.683282966843e-15       1.149058465554e-16       1.969529160730e-16 
 1057       1.462732369526e-10       4.399156804755e-12      -1.109308084771e-11       0.000000000000e+00       4.666209040366e-15       1.079408133303e-16       1.954744581074e-16 
 1058       1.467083442847e-10       4.358192145352e-12      -1.114723575570e-11       0.000000000000e+00       4.649211430564e-15       1.010292603805e-16       1.939901080089e-16 
 1059       1.471476302092e-10       4.317012564886e-12      -1.119784428017e-11       0.000000000000e+00       4.632289846915e-15       9.417315833107e-17       1.924996493367e-16 
 1060       1.475907918661e-10       4.275633283571e-12      -1.124491734079e-11       0.000000000000e+00       4.615443992419e-15       8.737449039978e-17       1.910028640655e-16 
 1061       1.480375239973e-10       4.234069639650e-12      -1.128846605670e-11       0.000000000000e+00       4.598673563577e-15       8.063525242473e-17       1.894995325816e-16 
 1062       1.484875189402e-10       4.192337089677e-12      -1.132850174707e-11       0.000000000000e+00       4.581978250368e-15       7.395745289208e-17       1.879894336796e-16 
 1063       1.489404666222e-10       4.150451208794e-12      -1.136503593165e-11       0.000000000000e+00       4.565357736235e-15       6.734311296368e-17       1.864723445581e-16 
 1064       1.493960545550e-10       4.108427691009e-12      -1.139808033134e-11       0.000000000000e+00       4.548811698061e-15       6.079426650476e-17       1.849480408162e-16 
 1065       1.498539678287e-10       4.066282349478e-12      -1.142764686876e-11       0.000000000000e+00       4.532339806154e-15       5.431296011160e-17       1.834162964499e-16 
 1066       1.503138891062e-10       4.024031116782e-12      -1.145374766881e-11       0.000000000000e+00       4.515941724220e-15       4.790125313917e-17       1.818768838480e-16 
 1067       1.507754986175e-10       3.981690045206e-12      -1.147639505922e-11       0.000000000000e+00       4.499617109355e-15       4.156121772882e-17       1.803295737886e-16 
 1068       1.512384741539e-10       3.939275307020e-12      -1.149560157113e-11       0.000000000000e+00       4.483365612013e-15       3.529493883595e-17       1.787741354353e-16 
 1069       1.517024910622e-10       3.896803194754e-12      -1.151137993964e-11       0.000000000000e+00       4.467186875997e-15       2.910451425767e-17       1.772103363334e-16 
 1070       1.521672222391e-10       3.854290121481e-12      -1.152374310440e-11       0.000000000000e+00       4.451080538432e-15       2.299205466045e-17       1.756379424061e-16 
 1071       1.526323381252e-10       3.811752621096e-12      -1.153270421013e-11       0.000000000000e+00       4.435046229749e-15       1.695968360782e-17       1.740567179508e-16 
 1072       1.530975066998e-10       3.769207348592e-12      -1.153827660722e-11       0.000000000000e+00       4.419083573667e-15       1.100953758804e-17       1.724664256355e-16 
 1073       1.535623934746e-10       3.726671080339e-12      -1.154047385226e-11       0.000000000000e+00       4.403192187169e-15       5.143766041702e-18       1.708668264945e-16 
 1074       1.540266614881e-10       3.684160714369e-12      -1.153930970864e-11       0.000000000000e+00       4.387371680487e-15      -6.354686105113e-19       1.692576799255e-16 
 1075       1.544899713002e-10       3.641693270646e-12      -1.153479814709e-11       0.000000000000e+00       4.371621657080e-15      -6.325990940222e-18       1.676387436851e-16 
 1076       1.549519809860e-10       3.599285891354e-12      -1.152695334624e-11       0.000000000000e+00       4.355941713615e-15      -1.192561248367e-17       1.660097738853e-16 
 1077       1.554123461305e-10       3.556955841168e-12      -1.151578969320e-11       0.000000000000e+00       4.340331439946e-15      -1.743213171403e-17       1.643705249899e-16 
 1078       1.558707198224e-10       3.514720507540e-12      -1.150132178410e-11       0.000000000000e+00       4.324790419100e-15      -2.284333401378e-17       1.627207498105e-16 
 1079       1.563267526488e-10       3.472597400972e-12      -1.148356442467e-11       0.000000000000e+00       4.309318227251e-15      -2.815699164701e-17       1.610601995030e-16 
 1080       1.567800926892e-10       3.430604155301e-12      -1.146253263082e-11       0.000000000000e+00       4.293914433702e-15      -3.337086373174e-17       1.593886235634e-16 
 1081       1.572303855099e-10       3.388758527971e-12      -1.143824162916e-11       0.000000000000e+00       4.278578600871e-15      -3.848269621230e-17       1.577057698245e-16 
 1082       1.576772741581e-10       3.347078400319e-12      -1.141070685759e-11       0.000000000000e+00       4.263310284263e-15      -4.349022183160e-17       1.560113844522e-16 
 1083       1.581203991564e-10       3.305581777850e-12      -1.137994396585e-11       0.000000000000e+00       4.248109032457e-15      -4.839116010352e-17       1.543052119411e-16 
 1084       1.585593984968e-10       3.264286790517e-12      -1.134596881611e-11       0.000000000000e+00       4.232974387084e-15      -5.318321728521e-17       1.525869951116e-16 
 1085       1.589939076352e-10       3.223211693000e-12      -1.130879748350e-11       0.000000000000e+00       4.217905882807e-15      -5.786408634944e-17       1.508564751052e-16 
 1086       1.594235594856e-10       3.182374864985e-12      -1.126844625669e-11       0.000000000000e+00       4.202903047303e-15      -6.243144695689e-17       1.491133913817e-16 
 1087       1.598479844142e-10       3.141794811442e-12      -1.122493163845e-11       0.000000000000e+00       4.187965401244e-15      -6.688296542856e-17       1.473574817149e-16 
 1088       1.602668102338e-10       3.101490162907e-12      -1.117827034622e-11       0.000000000000e+00       4.173092458273e-15      -7.121629471804e-17       1.455884821888e-16 
 1089       1.606796621983e-10       3.061479675759e-12      -1.112847931265e-11       0.000000000000e+00       4.158283724992e-15      -7.542907438385e-17       1.438061271940e-16 
 1090       1.610861629965e-10       3.021782232496e-12      -1.107557568620e-11       0.000000000000e+00       4.143538700935e-15      -7.951893056179e-17       1.420101494242e-16 
 1091       1.614859729381e-10       2.982415185580e-12      -1.101958199440e-11       0.000000000000e+00       4.128856933703e-15      -8.348397849787e-17       1.402004110172e-16 
 1092       1.618789111120e-10       2.943389364092e-12      -1.096054170834e-11       0.000000000000e+00       4.114238185195e-15      -8.732433757268e-17       1.383772989118e-16 
 1093       1.622648358396e-10       2.904714000751e-12      -1.089850388777e-11       0.000000000000e+00       4.099682267562e-15      -9.104063651270e-17       1.365413347786e-16 
 1094       1.626436046281e-10       2.866398382406e-12      -1.083351803835e-11       0.000000000000e+00       4.085188988250e-15      -9.463351269271e-17       1.346930443646e-16 
 1095       1.630150741692e-10       2.828451850144e-12      -1.076563411274e-11       0.000000000000e+00       4.070758149977e-15      -9.810361215875e-17       1.328329575024e-16 
 1096       1.633791003375e-10       2.790883799402e-12      -1.069490251167e-11       0.000000000000e+00       4.056389550730e-15      -1.014515896510e-16       1.309616081196e-16 
 1097       1.637355381884e-10       2.753703680083e-12      -1.062137408502e-11       0.000000000000e+00       4.042082983742e-15      -1.046781086270e-16       1.290795342486e-16 
 1098       1.640842419571e-10       2.716920996667e-12      -1.054510013293e-11       0.000000000000e+00       4.027838237485e-15      -1.077838412840e-16       1.271872780357e-16 
 1099       1.644250650562e-10       2.680545308318e-12      -1.046613240685e-11       0.000000000000e+00       4.013655095651e-15      -1.107694685827e-16       1.252853857508e-16 
 1100       1.647578600742e-10       2.644586229006e-12      -1.038452311066e-11       0.000000000000e+00       3.999533337141e-15      -1.136356802697e-16       1.233744077964e-16 
 1101       1.650824787743e-10       2.609053427609e-12      -1.030032490169e-11       0.000000000000e+00       3.985472736049e-15      -1.163831749003e-16       1.214548987179e-16 
 1102       1.653987720920e-10       2.573956628032e-12      -1.021359089189e-11       0.000000000000e+00       3.971473061650e-15      -1.190126598622e-16       1.195274172121e-16 
 1103       1.657065901339e-10       2.539305609317e-12      -1.012437464885e-11       0.000000000000e+00       3.957534078386e-15      -1.215248513975e-16       1.175925261375e-16 
 1104       1.660057821759e-10       2.505110205755e-12      -1.003273019687e-11       0.000000000000e+00       3.943655545850e-15      -1.239204746265e-16       1.156507925229e-16 
 1105       1.662961966614e-10       2.471380306997e-12      -9.938712018126e-12       0.000000000000e+00       3.929837218775e-15      -1.262002635699e-16       1.137027875776e-16 
 1106       1.665776811997e-10       2.438125858169e-12      -9.842375053661e-12       0.000000000000e+00       3.916078847017e-15      -1.283649611725e-16       1.117490867006e-16 
 1107       1.668500825642e-10       2.405356859983e-12      -9.743774704522e-12       0.000000000000e+00       3.902380175543e-15      -1.304153193255e-16       1.097902694898e-16 
 1108       1.671132466911e-10       2.373083368849e-12      -9.642966832825e-12       0.000000000000e+00       3.888740944417e-15      -1.323520988899e-16       1.078269197518e-16 
 1109       1.673670186771e-10       2.341315496984e-12      -9.540007762842e-12       0.000000000000e+00       3.875160888786e-15      -1.341760697191e-16       1.058596255113e-16 
 1110       1.676112427783e-10       2.310063412532e-12      -9.434954282082e-12       0.000000000000e+00       3.861639738865e-15      -1.358880106823e-16       1.038889790201e-16 
 1111       1.678457624080e-10       2.279337339669e-12      -9.327863642375e-12       0.000000000000e+00       3.848177219925e-15      -1.374887096869e-16       1.019155767674e-16 
 1112       1.680704201356e-10       2.249147558717e-12      -9.218793560954e-12       0.000000000000e+00       3.834773052276e-15      -1.389789637020e-16       9.994001948857e-17 
 1113       1.682850576842e-10       2.219504406257e-12      -9.107802221542e-12       0.000000000000e+00       3.821426951257e-15      -1.403595787809e-16       9.796291217468e-17 
 1114       1.684895159296e-10       2.190418275243e-12      -8.994948275427e-12       0.000000000000e+00       3.808138627220e-15      -1.416313700843e-16       9.598486408226e-17 
 1115       1.686836348981e-10       2.161899615111e-12      -8.880290842555e-12       0.000000000000e+00       3.794907785516e-15      -1.427951619034e-16       9.400648874252e-17 
 1116       1.688672537652e-10       2.133958931891e-12      -8.763889512605e-12       0.000000000000e+00       3.781734126479e-15      -1.438517876822e-16       9.202840397086e-17 
 1117       1.690402108535e-10       2.106606788324e-12      -8.645804346073e-12       0.000000000000e+00       3.768617345419e-15      -1.448020900414e-16       9.005123187635e-17 
 1118       1.692023436315e-10       2.079853803966e-12      -8.526095875362e-12       0.000000000000e+00       3.755557132598e-15      -1.456469208005e-16       8.807559887111e-17 
 1119       1.693534887116e-10       2.053710655310e-12      -8.404825105855e-12       0.000000000000e+00       3.742553173226e-15      -1.463871410013e-16       8.610213567984e-17 
 1120       1.694934818482e-10       2.028188075889e-12      -8.282053517005e-12       0.000000000000e+00       3.729605147440e-15      -1.470236209306e-16       8.413147734925e-17 
 1121       1.696221579366e-10       2.003296856395e-12      -8.157843063415e-12       0.000000000000e+00       3.716712730294e-15      -1.475572401432e-16       8.216426325749e-17 
 1122       1.697393510110e-10       1.979047844787e-12      -8.032256175923e-12       0.000000000000e+00       3.703875591743e-15      -1.479888874849e-16       8.020113712364e-17 
 1123       1.698448942425e-10       1.955451946406e-12      -7.905355762681e-12       0.000000000000e+00       3.691093396629e-15      -1.483194611154e-16       7.824274701711e-17 
 1124       1.699386199381e-10       1.932520124085e-12      -7.777205210245e-12       0.000000000000e+00       3.678365804671e-15      -1.485498685313e-16       7.628974536716e-17 
 1125       1.700203595383e-10       1.910263398262e-12      -7.647868384649e-12       0.000000000000e+00       3.665692470444e-15      -1.486810265890e-16       7.434278897231e-17 
 1126       1.700899436160e-10       1.888692847092e-12      -7.517409632496e-12       0.000000000000e+00       3.653073043371e-15      -1.487138615276e-16       7.240253900980e-17 
 1127       1.701472018745e-10       1.867819606561e-12      -7.385893782036e-12       0.000000000000e+00       3.640507167707e-15      -1.486493089921e-16       7.046966104505e-17 
 1128       1.701919631458e-10       1.847654870594e-12      -7.253386144252e-12       0.000000000000e+00       3.627994482526e-15      -1.484883140560e-16       6.854482504111e-17 
 1129       1.702240553890e-10       1.828209891172e-12      -7.119952513940e-12       0.000000000000e+00       3.615534621705e-15      -1.482318312446e-16       6.662870536811e-17 
 1130       1.702433056887e-10       1.809495978442e-12      -6.985659170796e-12       0.000000000000e+00       3.603127213911e-15      -1.478808245577e-16       6.472198081272e-17 
 1131       1.702495795071e-10       1.791522409778e-12      -6.850570627484e-12       0.000000000000e+00       3.590771918716e-15      -1.474362629215e-16       6.282523360112e-17 
 1132       1.702428990000e-10       1.774290127168e-12      -6.714742839824e-12       0.000000000000e+00       3.578468535479e-15      -1.468991064338e-16       6.093864502036e-17 
 1133       1.702233262263e-10       1.757797958612e-12      -6.578229911025e-12       0.000000000000e+00       3.566216895839e-15      -1.462703199866e-16       5.906229588289e-17 
 1134       1.701909240345e-10       1.742044701710e-12      -6.441086337613e-12       0.000000000000e+00       3.554016827711e-15      -1.455508778439e-16       5.719626715636e-17 
 1135       1.701457560652e-10       1.727029123569e-12      -6.303367010303e-12       0.000000000000e+00       3.541868155269e-15      -1.447417636637e-16       5.534063996363e-17 
 1136       1.700878867523e-10       1.712749960729e-12      -6.165127214865e-12       0.000000000000e+00       3.529770698943e-15      -1.438439705212e-16       5.349549558272e-17 
 1137       1.700173813258e-10       1.699205919069e-12      -6.026422633004e-12       0.000000000000e+00       3.517724275399e-15      -1.428585009307e-16       5.166091544681e-17 
 1138       1.699343058133e-10       1.686395673732e-12      -5.887309343225e-12       0.000000000000e+00       3.505728697536e-15      -1.417863668685e-16       4.983698114424e-17 
 1139       1.698387270421e-10       1.674317869035e-12      -5.747843821709e-12       0.000000000000e+00       3.493783774474e-15      -1.406285897954e-16       4.802377441849e-17 
 1140       1.697307126412e-10       1.662971118391e-12      -5.608082943182e-12       0.000000000000e+00       3.481889311541e-15      -1.393862006790e-16       4.622137716816e-17 
 1141       1.696103310433e-10       1.652354004219e-12      -5.468083981791e-12       0.000000000000e+00       3.470045110263e-15      -1.380602400164e-16       4.442987144698e-17 
 1142       1.694776514868e-10       1.642465077864e-12      -5.327904611971e-12       0.000000000000e+00       3.458250968356e-15      -1.366517578569e-16       4.264933946377e-17 
 1143       1.693327440179e-10       1.633302859512e-12      -5.187602909318e-12       0.000000000000e+00       3.446506679713e-15      -1.351618138239e-16       4.087986358245e-17 
 1144       1.691756794924e-10       1.624865838106e-12      -5.047237351463e-12       0.000000000000e+00       3.434812034396e-15      -1.335914771383e-16       3.912152632201e-17 
 1145       1.690065295776e-10       1.617152471265e-12      -4.906866818942e-12       0.000000000000e+00       3.423166818620e-15      -1.319418266402e-16       3.737441035653e-17 
 1146       1.688253667548e-10       1.610161185196e-12      -4.766550596068e-12       0.000000000000e+00       3.411570814750e-15      -1.302139508120e-16       3.563859851511e-17 
 1147       1.686322643207e-10       1.603890374611e-12      -4.626348371805e-12       0.000000000000e+00       3.400023801285e-15      -1.284089478006e-16       3.391417378193e-17 
 1148       1.684272963897e-10       1.598338402647e-12      -4.486320240636e-12       0.000000000000e+00       3.388525552849e-15      -1.265279254401e-16       3.220121929617e-17 
 1149       1.682105378960e-10       1.593503600778e-12      -4.346526703436e-12       0.000000000000e+00       3.377075840181e-15      -1.245720012743e-16       3.049981835207e-17 
 1150       1.679820645952e-10       1.589384268732e-12      -4.207028668346e-12       0.000000000000e+00       3.365674430123e-15      -1.225423025791e-16       2.881005439883e-17 
 1151       1.677419530667e-10       1.585978674409e-12      -4.067887451644e-12       0.000000000000e+00       3.354321085612e-15      -1.204399663851e-16       2.713201104068e-17 
 1152       1.674902807154e-10       1.583285053795e-12      -3.929164778615e-12       0.000000000000e+00       3.343015565668e-15      -1.182661395002e-16       2.546577203682e-17 
 1153       1.672271257739e-10       1.581301610881e-12      -3.790922784423e-12       0.000000000000e+00       3.331757625381e-15      -1.160219785320e-16       2.381142130143e-17 
 1154       1.669525673044e-10       1.580026517575e-12      -3.653224014986e-12       0.000000000000e+00       3.320547015906e-15      -1.137086499105e-16       2.216904290364e-17 
 1155       1.666666852005e-10       1.579457913622e-12      -3.516131427844e-12       0.000000000000e+00       3.309383484448e-15      -1.113273299104e-16       2.053872106752e-17 
 1156       1.663695601898e-10       1.579593906520e-12      -3.379708393033e-12       0.000000000000e+00       3.298266774253e-15      -1.088792046737e-16       1.892054017211e-17 
 1157       1.660612738351e-10       1.580432571432e-12      -3.244018693956e-12       0.000000000000e+00       3.287196624596e-15      -1.063654702322e-16       1.731458475133e-17 
 1158       1.657419085368e-10       1.581971951108e-12      -3.109126528256e-12       0.000000000000e+00       3.276172770773e-15      -1.037873325304e-16       1.572093949403e-17 
 1159       1.654115475352e-10       1.584210055796e-12      -2.975096508686e-12       0.000000000000e+00       3.265194944090e-15      -1.011460074474e-16       1.413968924398e-17 
 1160       1.650702749117e-10       1.587144863163e-12      -2.841993663982e-12       0.000000000000e+00       3.254262871850e-15      -9.844272081971e-17       1.257091899981e-17 
 1161       1.647181755917e-10       1.590774318207e-12      -2.709883439733e-12       0.000000000000e+00       3.243376277344e-15      -9.567870846399e-17       1.101471391503e-17 
 1162       1.643553353457e-10       1.595096333176e-12      -2.578831699257e-12       0.000000000000e+00       3.232534879843e-15      -9.285521619924e-17       9.471159298013e-18 
 1163       1.639818407920e-10       1.600108787483e-12      -2.448904724467e-12       0.000000000000e+00       3.221738394583e-15      -8.997349986950e-17       7.940340611998e-18 
 1164       1.635977793985e-10       1.605809527621e-12      -2.320169216750e-12       0.000000000000e+00       3.210986532756e-15      -8.703482536632e-17       6.422343475048e-18 
 1165       1.632032394844e-10       1.612196367083e-12      -2.192692297831e-12       0.000000000000e+00       3.200279001501e-15      -8.404046865130e-17       4.917253660060e-18 
 1166       1.627983102225e-10       1.619267086274e-12      -2.066541510651e-12       0.000000000000e+00       3.189615503894e-15      -8.099171577861e-17       3.425157094743e-18 
 1167       1.623830816410e-10       1.627019432429e-12      -1.941784820233e-12       0.000000000000e+00       3.178995738932e-15      -7.788986291752e-17       1.946139861611e-18 
 1168       1.619576446259e-10       1.635451119529e-12      -1.818490614563e-12       0.000000000000e+00       3.168419401530e-15      -7.473621637492e-17       4.802881979695e-19 
 1169       1.615220909224e-10       1.644559828219e-12      -1.696727705450e-12       0.000000000000e+00       3.157886182505e-15      -7.153209261784e-17      -9.723115040983e-19 
 1170       1.610765131373e-10       1.654343205721e-12      -1.576565329407e-12       0.000000000000e+00       3.147395768568e-15      -6.827881829597e-17      -2.411572697741e-18 
 1171       1.606210210716e-10       1.664797616344e-12      -1.458065746154e-12       0.000000000000e+00       3.136947874812e-15      -6.497776595760e-17      -3.837458274029e-18 
 1172       1.601557909389e-10       1.675914376111e-12      -1.341261931255e-12       0.000000000000e+00       3.126542342649e-15      -6.163046164007e-17      -5.250130017609e-18 
 1173       1.596810167650e-10       1.687683470968e-12      -1.226179606791e-12       0.000000000000e+00       3.116179043076e-15      -5.823847866693e-17      -6.649801016458e-18 
 1174       1.591968941168e-10       1.700094801737e-12      -1.112844618697e-12       0.000000000000e+00       3.105857844277e-15      -5.480340210195e-17      -8.036686242735e-18 
 1175       1.587036201055e-10       1.713138183925e-12      -1.001282936990e-12       0.000000000000e+00       3.095578611615e-15      -5.132682877477e-17      -9.411002557137e-18 
 1176       1.582013933898e-10       1.726803347527e-12      -8.915206559863e-13       0.000000000000e+00       3.085341207625e-15      -4.781036730658e-17      -1.077296871324e-17 
 1177       1.576904141799e-10       1.741079936838e-12      -7.835839945344e-13       0.000000000000e+00       3.075145492008e-15      -4.425563813568e-17      -1.212280536185e-17 
 1178       1.571708842401e-10       1.755957510254e-12      -6.774992962336e-13       0.000000000000e+00       3.064991321618e-15      -4.066427354323e-17      -1.346073505536e-17 
 1179       1.566430068930e-10       1.771425540086e-12      -5.732930296611e-13       0.000000000000e+00       3.054878550461e-15      -3.703791767881e-17      -1.478698225207e-17 
 1180       1.561069870223e-10       1.787473412359e-12      -4.709917885959e-13       0.000000000000e+00       3.044807029684e-15      -3.337822658610e-17      -1.610177332059e-17 
 1181       1.555630310768e-10       1.804090426627e-12      -3.706222922436e-13       0.000000000000e+00       3.034776607565e-15      -2.968686822854e-17      -1.740533654411e-17 
 1182       1.550113470732e-10       1.821265795773e-12      -2.722113854610e-13       0.000000000000e+00       3.024787129509e-15      -2.596552251495e-17      -1.869790212482e-17 
 1183       1.544521446002e-10       1.838988645821e-12      -1.757860389803e-13       0.000000000000e+00       3.014838438041e-15      -2.221588132518e-17      -1.997970218823e-17 
 1184       1.538856348214e-10       1.857248015738e-12      -8.137334963420e-14       0.000000000000e+00       3.004930372794e-15      -1.843964853575e-17      -2.125097078750e-17 
 1185       1.533120304786e-10       1.876032857248e-12       1.099945941988e-14       0.000000000000e+00       2.995062770503e-15      -1.463854004552e-17      -2.251194390783e-17 
 1186       1.527315458961e-10       1.895332034632e-12       1.013050384751e-13       0.000000000000e+00       2.985235465001e-15      -1.081428380131e-17      -2.376285947078e-17 
 1187       1.521443969829e-10       1.915134324537e-12       1.895159110508e-13       0.000000000000e+00       2.975448287206e-15      -6.968619823558e-18      -2.500395733860e-17 
 1188       1.515508012372e-10       1.935428415787e-12       2.756044736676e-13       0.000000000000e+00       2.965701065115e-15      -3.103300231946e-18      -2.623547931862e-17 
 1189       1.509509777492e-10       1.956202909183e-12       3.595429956232e-13       0.000000000000e+00       2.955993623799e-15       7.799107289254e-19      -2.745766916759e-17 
 1190       1.503451472047e-10       1.977446317316e-12       4.413036187674e-13       0.000000000000e+00       2.946325785393e-15       4.679236663913e-18      -2.867077259600e-17 
 1191       1.497335318883e-10       1.999147064371e-12       5.208583572779e-13       0.000000000000e+00       2.936697369085e-15       8.592889001681e-18      -2.987503727244e-17 
 1192       1.491163556875e-10       2.021293485935e-12       5.981790974357e-13       0.000000000000e+00       2.927108191117e-15       1.251906696905e-17      -3.107071282799e-17 
 1193       1.484938440951e-10       2.043873828801e-12       6.732375974002e-13       0.000000000000e+00       2.917558064767e-15       1.645595756537e-17      -3.225805086049e-17 
 1194       1.478662242135e-10       2.066876250780e-12       7.460054869849e-13       0.000000000000e+00       2.908046800351e-15       2.040173553684e-17      -3.343730493896e-17 
 1195       1.472337247578e-10       2.090288820505e-12       8.164542674328e-13       0.000000000000e+00       2.898574205208e-15       2.435456335091e-17      -3.460873060791e-17 
 1196       1.465965760591e-10       2.114099517237e-12       8.845553111919e-13       0.000000000000e+00       2.889140083694e-15       2.831259117059e-17      -3.577258539169e-17 
 1197       1.459550100679e-10       2.138296230674e-12       9.502798616903e-13       0.000000000000e+00       2.879744237179e-15       3.227395682885e-17      -3.692912879886e-17 
 1198       1.453092603580e-10       2.162866760758e-12       1.013599033112e-12       0.000000000000e+00       2.870386464032e-15       3.623678580292e-17      -3.807862232652e-17 
 1199       1.446595621291e-10       2.187798817480e-12       1.074483810172e-12       0.000000000000e+00       2.861066559618e-15       4.019919118871e-17      -3.922132946465e-17 
 1200       1.440061522111e-10       2.213080020688e-12       1.132905047892e-12       0.000000000000e+00       2.851784316291e-15       4.415927367511e-17      -4.035751570049e-17 
 1201       1.433492690670e-10       2.238697899895e-12       1.188833471377e-12       0.000000000000e+00       2.842539523382e-15       4.811512151837e-17      -4.148744852286e-17 
 1202       1.426891527962e-10       2.264639894085e-12       1.242239675586e-12       0.000000000000e+00       2.833331967195e-15       5.206481051644e-17      -4.261139742651e-17 
 1203       1.420260451384e-10       2.290893351517e-12       1.293094125115e-12       0.000000000000e+00       2.824161430998e-15       5.600640398337e-17      -4.372963391649e-17 
 1204       1.413601894767e-10       2.317445529540e-12       1.341367153966e-12       0.000000000000e+00       2.815027695015e-15       5.993795272359e-17      -4.484243151246e-17 
 1205       1.406918308411e-10       2.344283594391e-12       1.387028965325e-12       0.000000000000e+00       2.805930536420e-15       6.385749500634e-17      -4.595006575310e-17 
 1206       1.400212159118e-10       2.371394621006e-12       1.430049631338e-12       0.000000000000e+00       2.796869729326e-15       6.776305653996e-17      -4.705281420039e-17 
 1207       1.393485930229e-10       2.398765592830e-12       1.470399092884e-12       0.000000000000e+00       2.787845044781e-15       7.165265044631e-17      -4.815095644400e-17 
 1208       1.386742121654e-10       2.426383401615e-12       1.508047159353e-12       0.000000000000e+00       2.778856250758e-15       7.552427723505e-17      -4.924477410562e-17 
 1209       1.379983249912e-10       2.454234847239e-12       1.542963508422e-12       0.000000000000e+00       2.769903112149e-15       7.937592477807e-17      -5.033455084332e-17 
 1210       1.373211848160e-10       2.482306637502e-12       1.575117685826e-12       0.000000000000e+00       2.760985390753e-15       8.320556828379e-17      -5.142057235589e-17 
 1211       1.366430348721e-10       2.510585644614e-12       1.604486684601e-12       0.000000000000e+00       2.752102868339e-15       8.701180320693e-17      -5.250302477052e-17 
 1212       1.359640729049e-10       2.539059678417e-12       1.631077783383e-12       0.000000000000e+00       2.743255416127e-15       9.079575239138e-17      -5.358168845444e-17 
 1213       1.352844861560e-10       2.567716722110e-12       1.654905983327e-12       0.000000000000e+00       2.734442926125e-15       9.455918189617e-17      -5.465624051617e-17 
 1214       1.346044630773e-10       2.596544676250e-12       1.675986454043e-12       0.000000000000e+00       2.725665288140e-15       9.830387017417e-17      -5.572635608292e-17 
 1215       1.339241933341e-10       2.625531358579e-12       1.694334533990e-12       0.000000000000e+00       2.716922389768e-15       1.020316080982e-16      -5.679170829670e-17 
 1216       1.332438678069e-10       2.654664503853e-12       1.709965730872e-12       0.000000000000e+00       2.708214116389e-15       1.057441989872e-16      -5.785196831035e-17 
 1217       1.325636785943e-10       2.683931763670e-12       1.722895722034e-12       0.000000000000e+00       2.699540351162e-15       1.094434586323e-16      -5.890680528356e-17 
 1218       1.318838190151e-10       2.713320706294e-12       1.733140354855e-12       0.000000000000e+00       2.690900975021e-15       1.131312153228e-16      -5.995588637891e-17 
 1219       1.312044836113e-10       2.742818816489e-12       1.740715647145e-12       0.000000000000e+00       2.682295866664e-15       1.168093098724e-16      -6.099887675792e-17 
 1220       1.305258681499e-10       2.772413495345e-12       1.745637787539e-12       0.000000000000e+00       2.673724902554e-15       1.204795956454e-16      -6.203543957712e-17 
 1221       1.298481696258e-10       2.802092060101e-12       1.747923135895e-12       0.000000000000e+00       2.665187956906e-15       1.241439385825e-16      -6.306523598402e-17 
 1222       1.291715862643e-10       2.831841743982e-12       1.747588223683e-12       0.000000000000e+00       2.656684901688e-15       1.278042172274e-16      -6.408792511321e-17 
 1223       1.284963175231e-10       2.861649696017e-12       1.744649754385e-12       0.000000000000e+00       2.648215606608e-15       1.314623227522e-16      -6.510316408239e-17 
 1224       1.278225640953e-10       2.891502980876e-12       1.739124603891e-12       0.000000000000e+00       2.639779939117e-15       1.351201589841e-16      -6.611060798838e-17 
 1225       1.271505279116e-10       2.921388578691e-12       1.731029820890e-12       0.000000000000e+00       2.631377764395e-15       1.387796424314e-16      -6.710990990319e-17 
 1226       1.264804121426e-10       2.951293384888e-12       1.720382627266e-12       0.000000000000e+00       2.623008945348e-15       1.424427023092e-16      -6.810072087006e-17 
 1227       1.258124212016e-10       2.981204210014e-12       1.707200418498e-12       0.000000000000e+00       2.614673342606e-15       1.461112805661e-16      -6.908268989948e-17 
 1228       1.251467607469e-10       3.011107779563e-12       1.691500764049e-12       0.000000000000e+00       2.606370814511e-15       1.497873319099e-16      -7.005546396525e-17 
 1229       1.244836376842e-10       3.040990733806e-12       1.673301407763e-12       0.000000000000e+00       2.598101217114e-15       1.534728238337e-16      -7.101868800050e-17 
 1230       1.238232601691e-10       3.070839627620e-12       1.652620268261e-12       0.000000000000e+00       2.589864404173e-15       1.571697366423e-16      -7.197200489375e-17 
 1231       1.231658376097e-10       3.100640930312e-12       1.629475439337e-12       0.000000000000e+00       2.581660227138e-15       1.608800634780e-16      -7.291505548495e-17 
 1232       1.225115806688e-10       3.130381025452e-12       1.603885190350e-12       0.000000000000e+00       2.573488535155e-15       1.646058103468e-16      -7.384747856150e-17 
 1233       1.218607012665e-10       3.160046210697e-12       1.575867966624e-12       0.000000000000e+00       2.565349175054e-15       1.683489961445e-16      -7.476891085431e-17 
 1234       1.212134125827e-10       3.189622697618e-12       1.545442389836e-12       0.000000000000e+00       2.557241991345e-15       1.721116526830e-16      -7.567898703382e-17 
 1235       1.205699290596e-10       3.219096611534e-12       1.512627258417e-12       0.000000000000e+00       2.549166826212e-15       1.758958247161e-16      -7.657733970608e-17 
 1236       1.199304664040e-10       3.248453991333e-12       1.477441547947e-12       0.000000000000e+00       2.541123519509e-15       1.797035699657e-16      -7.746359940873e-17 
 1237       1.192952415898e-10       3.277680789306e-12       1.439904411547e-12       0.000000000000e+00       2.533111908752e-15       1.835369591479e-16      -7.833739460711e-17 
 1238       1.186644728605e-10       3.306762870968e-12       1.400035180274e-12       0.000000000000e+00       2.525131829111e-15       1.873980759994e-16      -7.919835169023e-17 
 1239       1.180383797316e-10       3.335686014893e-12       1.357853363520e-12       0.000000000000e+00       2.517183113411e-15       1.912890173030e-16      -8.004609496686e-17 
 1240       1.174171829934e-10       3.364435912537e-12       1.313378649403e-12       0.000000000000e+00       2.509265592121e-15       1.952118929141e-16      -8.088024666156e-17 
 1241       1.168011047128e-10       3.392998168070e-12       1.266630905167e-12       0.000000000000e+00       2.501379093347e-15       1.991688257871e-16      -8.170042691071e-17 
 1242       1.161903682363e-10       3.421358298199e-12       1.217630177570e-12       0.000000000000e+00       2.493523442831e-15       2.031619520007e-16      -8.250625375854e-17 
 1243       1.155851981924e-10       3.449501732000e-12       1.166396693285e-12       0.000000000000e+00       2.485698463943e-15       2.071934207846e-16      -8.329734315321e-17 
 1244       1.149858204937e-10       3.477413810745e-12       1.112950859294e-12       0.000000000000e+00       2.477903977672e-15       2.112653945456e-16      -8.407330894281e-17 
 1245       1.143924623398e-10       3.505079787728e-12       1.057313263281e-12       0.000000000000e+00       2.470139802628e-15       2.153800488933e-16      -8.483376287141e-17 
 1246       1.138053522195e-10       3.532484828095e-12       9.995046740294e-13       0.000000000000e+00       2.462405755026e-15       2.195395726668e-16      -8.557831457512e-17 
 1247       1.132247199134e-10       3.559614008672e-12       9.395460418154e-13       0.000000000000e+00       2.454701648688e-15       2.237461679600e-16      -8.630657157811e-17 
 1248       1.126507964961e-10       3.586452317792e-12       8.774584988045e-13       0.000000000000e+00       2.447027295036e-15       2.280020501487e-16      -8.701813928866e-17 
 1249       1.120838143392e-10       3.612984655122e-12       8.132633594457e-13       0.000000000000e+00       2.439382503082e-15       2.323094479157e-16      -8.771262099519e-17 
 1250       1.115240071130e-10       3.639195831494e-12       7.469821208671e-13       0.000000000000e+00       2.431767079428e-15       2.366706032777e-16      -8.838961786230e-17 
 1251       1.109715814964e-10       3.665072035779e-12       6.786397594792e-13       0.000000000000e+00       2.424180846271e-15       2.410867588972e-16      -8.904880503473e-17 
 1252       1.104266319381e-10       3.690605254619e-12       6.082746621523e-13       0.000000000000e+00       2.416623695681e-15       2.455551070154e-16      -8.969016093049e-17 
 1253       1.098892249036e-10       3.715788904005e-12       5.359288118771e-13       0.000000000000e+00       2.409095535948e-15       2.500718049181e-16      -9.031374061927e-17 
 1254       1.093594270792e-10       3.740616366845e-12       4.616445027300e-13       0.000000000000e+00       2.401596273621e-15       2.546329843628e-16      -9.091959995949e-17 
 1255       1.088373053713e-10       3.765080992914e-12       3.854643405217e-13       0.000000000000e+00       2.394125813498e-15       2.592347515283e-16      -9.150779560015e-17 
 1256       1.083229269076e-10       3.789176098785e-12       3.074312434442e-13       0.000000000000e+00       2.386684058628e-15       2.638731869624e-16      -9.207838498271e-17 
 1257       1.078163590370e-10       3.812894967778e-12       2.275884427185e-13       0.000000000000e+00       2.379270910302e-15       2.685443455305e-16      -9.263142634298e-17 
 1258       1.073176693295e-10       3.836230849892e-12       1.459794832426e-13       0.000000000000e+00       2.371886268053e-15       2.732442563646e-16      -9.316697871293e-17 
 1259       1.068269255774e-10       3.859176961754e-12       6.264822423893e-14       0.000000000000e+00       2.364530029645e-15       2.779689228114e-16      -9.368510192266e-17 
 1260       1.063441957946e-10       3.881726486550e-12      -2.236116009794e-14       0.000000000000e+00       2.357202091075e-15       2.827143223809e-16      -9.418585660218e-17 
 1261       1.058695482178e-10       3.903872573975e-12      -1.090041799537e-13       0.000000000000e+00       2.349902346566e-15       2.874764066949e-16      -9.466930418333e-17 
 1262       1.054030513060e-10       3.925608340165e-12      -1.972360292466e-13       0.000000000000e+00       2.342630688561e-15       2.922511014355e-16      -9.513550690162e-17 
 1263       1.049447737413e-10       3.946926867642e-12      -2.870115849797e-13       0.000000000000e+00       2.335387007722e-15       2.970343062938e-16      -9.558452779816e-17 
 1264       1.044947844291e-10       3.967821205255e-12      -3.782854065934e-13       0.000000000000e+00       2.328171192923e-15       3.018218949182e-16      -9.601643072144e-17 
 1265       1.040531524981e-10       3.988284368114e-12      -4.710117353177e-13       0.000000000000e+00       2.320983131245e-15       3.066097148629e-16      -9.643128032929e-17 
 1266       1.036199473012e-10       4.008309337540e-12      -5.651444935245e-13       0.000000000000e+00       2.313822707975e-15       3.113935875367e-16      -9.682914209071e-17 
 1267       1.031952384150e-10       4.027889060997e-12      -6.606372840798e-13       0.000000000000e+00       2.306689806599e-15       3.161693081510e-16      -9.721008228772e-17 
 1268       1.027790956409e-10       4.047016452036e-12      -7.574433896964e-13       0.000000000000e+00       2.299584308796e-15       3.209326456688e-16      -9.757416801728e-17 
 1269       1.023715890046e-10       4.065684390236e-12      -8.555157722861e-13       0.000000000000e+00       2.292506094438e-15       3.256793427531e-16      -9.792146719314e-17 
 1270       1.019727887572e-10       4.083885721142e-12      -9.548070723118e-13       0.000000000000e+00       2.285455041582e-15       3.304051157152e-16      -9.825204854769e-17 
 1271       1.015827653747e-10       4.101613256207e-12      -1.055269608140e-12       0.000000000000e+00       2.278431026466e-15       3.351056544634e-16      -9.856598163386e-17 
 1272       1.012015895589e-10       4.118859772732e-12      -1.156855375394e-12       0.000000000000e+00       2.271433923507e-15       3.397766224516e-16      -9.886333682699e-17 
 1273       1.008293322375e-10       4.135618013807e-12      -1.259516046303e-12       0.000000000000e+00       2.264463605294e-15       3.444136566275e-16      -9.914418532667e-17 
 1274       1.004660645642e-10       4.151880688248e-12      -1.363202969061e-12       0.000000000000e+00       2.257519942584e-15       3.490123673813e-16      -9.940859915866e-17 
 1275       1.001118579193e-10       4.167640470541e-12      -1.467867167171e-12       0.000000000000e+00       2.250602804299e-15       3.535683384943e-16      -9.965665117672e-17 
 1276       9.976678390971e-11       4.182890000784e-12      -1.573459338803e-12       0.000000000000e+00       2.243712057519e-15       3.580771270873e-16      -9.988841506450e-17 
 1277       9.943091436943e-11       4.197621884621e-12      -1.679929856145e-12       0.000000000000e+00       2.236847567481e-15       3.625342635692e-16      -1.001039653374e-16 
 1278       9.910432135978e-11       4.211828693186e-12      -1.787228764754e-12       0.000000000000e+00       2.230009197571e-15       3.669352515853e-16      -1.003033773445e-16 
 1279       9.878707716973e-11       4.225502963045e-12      -1.895305782911e-12       0.000000000000e+00       2.223196809322e-15       3.712755679661e-16      -1.004867272703e-16 
 1280       9.847925431610e-11       4.238637196135e-12      -2.004110300969e-12       0.000000000000e+00       2.216410262409e-15       3.755506626755e-16      -1.006540921367e-16 
 1281       9.818092554397e-11       4.251223859701e-12      -2.113591380712e-12       0.000000000000e+00       2.209649414645e-15       3.797559587597e-16      -1.008055498048e-16 
 1282       9.789216382686e-11       4.263255386241e-12      -2.223697754700e-12       0.000000000000e+00       2.202914121973e-15       3.838868522953e-16      -1.009411789770e-16 
 1283       9.761304236711e-11       4.274724173445e-12      -2.334377825626e-12       0.000000000000e+00       2.196204238469e-15       3.879387123382e-16      -1.010610591985e-16 
 1284       9.734363459611e-11       4.285622584134e-12      -2.445579665667e-12       0.000000000000e+00       2.189519616330e-15       3.919068808718e-16      -1.011652708594e-16 
 1285       9.708401417464e-11       4.295942946202e-12      -2.557251015835e-12       0.000000000000e+00       2.182860105874e-15       3.957866727557e-16      -1.012538951966e-16 
 1286       9.683425499313e-11       4.305677552554e-12      -2.669339285335e-12       0.000000000000e+00       2.176225555532e-15       3.995733756740e-16      -1.013270142954e-16 
 1287       9.659443117194e-11       4.314818661050e-12      -2.781791550908e-12       0.000000000000e+00       2.169615811850e-15       4.032622500841e-16      -1.013847110918e-16 
 1288       9.636461706171e-11       4.323358494441e-12      -2.894554556191e-12       0.000000000000e+00       2.163030719476e-15       4.068485291652e-16      -1.014270693741e-16 
 1289       9.614488724358e-11       4.331289240313e-12      -3.007574711067e-12       0.000000000000e+00       2.156470121163e-15       4.103274187664e-16      -1.014541737846e-16 
 1290       9.593531652954e-11       4.338603051026e-12      -3.120798091017e-12       0.000000000000e+00       2.149933857760e-15       4.136940973557e-16      -1.014661098221e-16 
 1291       9.573595455959e-11       4.345293737812e-12      -3.234172813015e-12       0.000000000000e+00       2.143421783542e-15       4.169451393148e-16      -1.014629899914e-16 
 1292       9.554674927790e-11       4.351361874190e-12      -3.347656193974e-12       0.000000000000e+00       2.136933812388e-15       4.200828025670e-16      -1.014450325758e-16 
 1293       9.536762259063e-11       4.356809750228e-12      -3.461207672080e-12       0.000000000000e+00       2.130469872118e-15       4.231107894035e-16      -1.014124837608e-16 
 1294       9.519849568888e-11       4.361639683688e-12      -3.574786437126e-12       0.000000000000e+00       2.124029889202e-15       4.260328275919e-16      -1.013655915701e-16 
 1295       9.503928904714e-11       4.365854020092e-12      -3.688351430036e-12       0.000000000000e+00       2.117613788759e-15       4.288526704278e-16      -1.013046058698e-16 
 1296       9.488992242177e-11       4.369455132781e-12      -3.801861342392e-12       0.000000000000e+00       2.111221494551e-15       4.315740967853e-16      -1.012297783720e-16 
 1297       9.475031484946e-11       4.372445422977e-12      -3.915274615949e-12       0.000000000000e+00       2.104852928985e-15       4.342009111680e-16      -1.011413626382e-16 
 1298       9.462038464568e-11       4.374827319848e-12      -4.028549442167e-12       0.000000000000e+00       2.098508013102e-15       4.367369437603e-16      -1.010396140834e-16 
 1299       9.450004940318e-11       4.376603280568e-12      -4.141643761730e-12       0.000000000000e+00       2.092186666581e-15       4.391860504776e-16      -1.009247899800e-16 
 1300       9.438922599039e-11       4.377775790380e-12      -4.254515264067e-12       0.000000000000e+00       2.085888807729e-15       4.415521130179e-16      -1.007971494612e-16 
 1301       9.428783054996e-11       4.378347362657e-12      -4.367121386882e-12       0.000000000000e+00       2.079614353485e-15       4.438390389121e-16      -1.006569535248e-16 
 1302       9.419577849717e-11       4.378320538966e-12      -4.479419315671e-12       0.000000000000e+00       2.073363219409e-15       4.460507615756e-16      -1.005044650371e-16 
 1303       9.411298451844e-11       4.377697889130e-12      -4.591365983249e-12       0.000000000000e+00       2.067135319686e-15       4.481912403586e-16      -1.003399487366e-16 
 1304       9.403936256972e-11       4.376482011289e-12      -4.702918069271e-12       0.000000000000e+00       2.060930567117e-15       4.502644605973e-16      -1.001636712378e-16 
 1305       9.397482587503e-11       4.374675531962e-12      -4.814031999758e-12       0.000000000000e+00       2.054748873118e-15       4.522744336648e-16      -9.997590103486e-17 
 1306       9.391928692491e-11       4.372281106113e-12      -4.924663946617e-12       0.000000000000e+00       2.048590147716e-15       4.542251970219e-16      -9.977690850532e-17 
 1307       9.387265747484e-11       4.369301417206e-12      -5.034769827168e-12       0.000000000000e+00       2.042454299548e-15       4.561208142683e-16      -9.956696591401e-17 
 1308       9.383484854374e-11       4.365739177276e-12      -5.144305303663e-12       0.000000000000e+00       2.036341235853e-15       4.579653751930e-16      -9.934634741669e-17 
 1309       9.380577041243e-11       4.361597126984e-12      -5.253225782814e-12       0.000000000000e+00       2.030250862475e-15       4.597629958259e-16      -9.911532906380e-17 
 1310       9.378533262211e-11       4.356878035682e-12      -5.361486415313e-12       0.000000000000e+00       2.024183083852e-15       4.615178184880e-16      -9.887418880428e-17 
 1311       9.377344397278e-11       4.351584701476e-12      -5.469042095356e-12       0.000000000000e+00       2.018137803021e-15       4.632340118428e-16      -9.862320648926e-17 
 1312       9.377001252174e-11       4.345719951288e-12      -5.575847460168e-12       0.000000000000e+00       2.012114921607e-15       4.649157709472e-16      -9.836266387583e-17 
 1313       9.377494558204e-11       4.339286640917e-12      -5.681856889525e-12       0.000000000000e+00       2.006114339826e-15       4.665673173019e-16      -9.809284463082e-17 
 1314       9.378814972096e-11       4.332287655101e-12      -5.787024505274e-12       0.000000000000e+00       2.000135956477e-15       4.681928989032e-16      -9.781403433451e-17 
 1315       9.380953075846e-11       4.324725907581e-12      -5.891304170864e-12       0.000000000000e+00       1.994179668941e-15       4.697967902929e-16      -9.752652048440e-17 
 1316       9.383899376563e-11       4.316604341162e-12      -5.994649490863e-12       0.000000000000e+00       1.988245373177e-15       4.713832926100e-16      -9.723059249899e-17 
 1317       9.387644306320e-11       4.307925927776e-12      -6.097013810482e-12       0.000000000000e+00       1.982332963719e-15       4.729567336414e-16      -9.692654172147e-17 
 1318       9.392178221994e-11       4.298693668544e-12      -6.198350215103e-12       0.000000000000e+00       1.976442333674e-15       4.745214678725e-16      -9.661466142356e-17 
 1319       9.397491405120e-11       4.288910593835e-12      -6.298611529795e-12       0.000000000000e+00       1.970573374713e-15       4.760818765386e-16      -9.629524680916e-17 
 1320       9.403574061729e-11       4.278579763335e-12      -6.397750318845e-12       0.000000000000e+00       1.964725977078e-15       4.776423676755e-16      -9.596859501818e-17 
 1321       9.410416322202e-11       4.267704266104e-12      -6.495718885274e-12       0.000000000000e+00       1.958900029566e-15       4.792073761703e-16      -9.563500513028e-17 
 1322       9.418008241113e-11       4.256287220639e-12      -6.592469270367e-12       0.000000000000e+00       1.953095419538e-15       4.807813638128e-16      -9.529477816859e-17 
 1323       9.426339797074e-11       4.244331774936e-12      -6.687953253190e-12       0.000000000000e+00       1.947312032906e-15       4.823688193458e-16      -9.494821710349e-17 
 1324       9.435400892583e-11       4.231841106556e-12      -6.782122350120e-12       0.000000000000e+00       1.941549754136e-15       4.839742585168e-16      -9.459562685635e-17 
 1325       9.445181353873e-11       4.218818422682e-12      -6.874927814362e-12       0.000000000000e+00       1.935808466240e-15       4.856022241279e-16      -9.423731430330e-17 
 1326       9.455670930752e-11       4.205266960184e-12      -6.966320635476e-12       0.000000000000e+00       1.930088050776e-15       4.872572860875e-16      -9.387358827896e-17 
 1327       9.466859296458e-11       4.191189985679e-12      -7.056251538901e-12       0.000000000000e+00       1.924388387844e-15       4.889440414611e-16      -9.350475958019e-17 
 1328       9.478736047496e-11       4.176590795599e-12      -7.144670985474e-12       0.000000000000e+00       1.918709356083e-15       4.906671145220e-16      -9.313114096990e-17 
 1329       9.491290703492e-11       4.161472716245e-12      -7.231529170959e-12       0.000000000000e+00       1.913050832664e-15       4.924311568020e-16      -9.275304718070e-17 
 1330       9.504512707036e-11       4.145839103855e-12      -7.316776025565e-12       0.000000000000e+00       1.907412693292e-15       4.942408471431e-16      -9.237079491875e-17 
 1331       9.518390606843e-11       4.129694249028e-12      -7.400367128883e-12       0.000000000000e+00       1.901794823553e-15       4.960994790799e-16      -9.198463364091e-17 
 1332       9.532909597731e-11       4.113046100749e-12      -7.482281526745e-12       0.000000000000e+00       1.896197153103e-15       4.980047059054e-16      -9.159453704661e-17 
 1333       9.548053953313e-11       4.095903572412e-12      -7.562504109143e-12       0.000000000000e+00       1.890619621851e-15       4.999527489648e-16      -9.120040930293e-17 
 1334       9.563807840022e-11       4.078275640293e-12      -7.641019712495e-12       0.000000000000e+00       1.885062168631e-15       5.019398060375e-16      -9.080215406238e-17 
 1335       9.580155316904e-11       4.060171343679e-12      -7.717813119576e-12       0.000000000000e+00       1.879524731206e-15       5.039620512925e-16      -9.039967446195e-17 
 1336       9.597080335407e-11       4.041599784985e-12      -7.792869059435e-12       0.000000000000e+00       1.874007246262e-15       5.060156352436e-16      -8.999287312222e-17 
 1337       9.614566739175e-11       4.022570129883e-12      -7.866172207323e-12       0.000000000000e+00       1.868509649405e-15       5.080966847049e-16      -8.958165214639e-17 
 1338       9.632598263834e-11       4.003091607419e-12      -7.937707184613e-12       0.000000000000e+00       1.863031875161e-15       5.102013027460e-16      -8.916591311940e-17 
 1339       9.651158536788e-11       3.983173510144e-12      -8.007458558728e-12       0.000000000000e+00       1.857573856972e-15       5.123255686471e-16      -8.874555710690e-17 
 1340       9.670231077010e-11       3.962825194233e-12      -8.075410843061e-12       0.000000000000e+00       1.852135527192e-15       5.144655378548e-16      -8.832048465443e-17 
 1341       9.689799294829e-11       3.942056079606e-12      -8.141548496903e-12       0.000000000000e+00       1.846716817087e-15       5.166172419369e-16      -8.789059578641e-17 
 1342       9.709846491724e-11       3.920875650059e-12      -8.205855925361e-12       0.000000000000e+00       1.841317656831e-15       5.187766885377e-16      -8.745579000522e-17 
 1343       9.730355860118e-11       3.899293453380e-12      -8.268317479286e-12       0.000000000000e+00       1.835937975503e-15       5.209398613338e-16      -8.701596629030e-17 
 1344       9.751310483161e-11       3.877319101475e-12      -8.328917455196e-12       0.000000000000e+00       1.830577701087e-15       5.231027199888e-16      -8.657102309719e-17 
 1345       9.772693334530e-11       3.854962270494e-12      -8.387640095197e-12       0.000000000000e+00       1.825236760466e-15       5.252612001091e-16      -8.612085835657e-17 
 1346       9.794487278216e-11       3.832232700951e-12      -8.444469586911e-12       0.000000000000e+00       1.819915079422e-15       5.274112131986e-16      -8.566536947341e-17 
 1347       9.816675068313e-11       3.809140197849e-12      -8.499390063396e-12       0.000000000000e+00       1.814612582631e-15       5.295486466147e-16      -8.520445332594e-17 
 1348       9.839239348814e-11       3.785694630803e-12      -8.552385603073e-12       0.000000000000e+00       1.809329193664e-15       5.316693635232e-16      -8.473800626478e-17 
 1349       9.862162653398e-11       3.761905934162e-12      -8.603440229647e-12       0.000000000000e+00       1.804064834982e-15       5.337692028533e-16      -8.426592411199e-17 
 1350       9.885427405225e-11       3.737784107137e-12      -8.652537912032e-12       0.000000000000e+00       1.798819427932e-15       5.358439792538e-16      -8.378810216013e-17 
 1351       9.909015916723e-11       3.713339213920e-12      -8.699662564272e-12       0.000000000000e+00       1.793592892749e-15       5.378894830473e-16      -8.330443517132e-17 
 1352       9.932910389382e-11       3.688581383807e-12      -8.744798045472e-12       0.000000000000e+00       1.788385148547e-15       5.399014801863e-16      -8.281481737635e-17 
 1353       9.957092913544e-11       3.663520811326e-12      -8.787928159712e-12       0.000000000000e+00       1.783196113325e-15       5.418757122082e-16      -8.231914247369e-17 
 1354       9.981545468195e-11       3.638167756356e-12      -8.829036655978e-12       0.000000000000e+00       1.778025703955e-15       5.438078961907e-16      -8.181730362858e-17 
 1355       1.000624992075e-10       3.612532544254e-12      -8.868107228082e-12       0.000000000000e+00       1.772873836188e-15       5.456937247068e-16      -8.130919347212e-17 
 1356       1.003118802687e-10       3.586625565973e-12      -8.905123514589e-12       0.000000000000e+00       1.767740424644e-15       5.475288657804e-16      -8.079470410030e-17 
 1357       1.005634143020e-10       3.560457278193e-12      -8.940069098737e-12       0.000000000000e+00       1.762625382814e-15       5.493089628416e-16      -8.027372707309e-17 
 1358       1.008169166222e-10       3.534038203438e-12      -8.972927508361e-12       0.000000000000e+00       1.757528623058e-15       5.510296346819e-16      -7.974615341350e-17 
 1359       1.010722014199e-10       3.507378930202e-12      -9.003682215822e-12       0.000000000000e+00       1.752450056600e-15       5.526864754093e-16      -7.921187360664e-17 
 1360       1.013290817598e-10       3.480490113073e-12      -9.032316637923e-12       0.000000000000e+00       1.747389593524e-15       5.542750544041e-16      -7.867077759880e-17 
 1361       1.015873695783e-10       3.453382472855e-12      -9.058814135838e-12       0.000000000000e+00       1.742347142777e-15       5.557909162737e-16      -7.812275479651e-17 
 1362       1.018468756816e-10       3.426066796694e-12      -9.083158015035e-12       0.000000000000e+00       1.737322612161e-15       5.572295808080e-16      -7.756769406560e-17 
 1363       1.021074097433e-10       3.398553938196e-12      -9.105331525197e-12       0.000000000000e+00       1.732315908334e-15       5.585865429350e-16      -7.700548373029e-17 
 1364       1.023687803028e-10       3.370854817557e-12      -9.125317860149e-12       0.000000000000e+00       1.727326936804e-15       5.598572726757e-16      -7.643601157221e-17 
 1365       1.026307947629e-10       3.342980421683e-12      -9.143100157780e-12       0.000000000000e+00       1.722355601930e-15       5.610372150997e-16      -7.585916482954e-17 
 1366       1.028932593878e-10       3.314941804313e-12      -9.158661499967e-12       0.000000000000e+00       1.717401806919e-15       5.621217902804e-16      -7.527483019601e-17 
 1367       1.031559793009e-10       3.286750086143e-12      -9.171984912499e-12       0.000000000000e+00       1.712465453818e-15       5.631063932501e-16      -7.468289381998e-17 
 1368       1.034187584828e-10       3.258416454951e-12      -9.183053365000e-12       0.000000000000e+00       1.707546443521e-15       5.639863939556e-16      -7.408324130355e-17 
 1369       1.036813997693e-10       3.229952165719e-12      -9.191849770853e-12       0.000000000000e+00       1.702644675758e-15       5.647571372132e-16      -7.347575770157e-17 
 1370       1.039437048490e-10       3.201368540754e-12      -9.198356987124e-12       0.000000000000e+00       1.697760049096e-15       5.654139426644e-16      -7.286032752074e-17 
 1371       1.042054856714e-10       3.172676641574e-12      -9.202563395134e-12       0.000000000000e+00       1.692892470124e-15       5.659534351134e-16      -7.223689649648e-17 
 1372       1.044665988062e-10       3.143886280458e-12      -9.204479707458e-12       0.000000000000e+00       1.688041881112e-15       5.663775511570e-16      -7.160565764630e-17 
 1373       1.047269114460e-10       3.115006998595e-12      -9.204122340032e-12       0.000000000000e+00       1.683208232642e-15       5.666895752001e-16      -7.096686719904e-17 
 1374       1.049862900287e-10       3.086048393477e-12      -9.201507848054e-12       0.000000000000e+00       1.678391474445e-15       5.668928129903e-16      -7.032078300002e-17 
 1375       1.052446002360e-10       3.057020118994e-12      -9.196652926261e-12       0.000000000000e+00       1.673591555398e-15       5.669905916586e-16      -6.966766451412e-17 
 1376       1.055017069917e-10       3.027931885544e-12      -9.189574409209e-12       0.000000000000e+00       1.668808423523e-15       5.669862597591e-16      -6.900777282875e-17 
 1377       1.057574744609e-10       2.998793460131e-12      -9.180289271554e-12       0.000000000000e+00       1.664042025985e-15       5.668831873094e-16      -6.834137065686e-17 
 1378       1.060117660486e-10       2.969614666468e-12      -9.168814628331e-12       0.000000000000e+00       1.659292309090e-15       5.666847658304e-16      -6.766872233998e-17 
 1379       1.062644443977e-10       2.940405385081e-12      -9.155167735232e-12       0.000000000000e+00       1.654559218284e-15       5.663944083871e-16      -6.699009385120e-17 
 1380       1.065153713883e-10       2.911175553412e-12      -9.139365988888e-12       0.000000000000e+00       1.649842698148e-15       5.660155496283e-16      -6.630575279817e-17 
 1381       1.067644081362e-10       2.881935165919e-12      -9.121426927150e-12       0.000000000000e+00       1.645142692400e-15       5.655516458267e-16      -6.561596842614e-17 
 1382       1.070114149914e-10       2.852694274180e-12      -9.101368229362e-12       0.000000000000e+00       1.640459143890e-15       5.650061749195e-16      -6.492101162093e-17 
 1383       1.072562515367e-10       2.823462986995e-12      -9.079207716650e-12       0.000000000000e+00       1.635791994599e-15       5.643826365483e-16      -6.422115491198e-17 
 1384       1.074987765865e-10       2.794251470488e-12      -9.054963352196e-12       0.000000000000e+00       1.631141185637e-15       5.636845520990e-16      -6.351667247532e-17 
 1385       1.077388481854e-10       2.765069948212e-12      -9.028653241517e-12       0.000000000000e+00       1.626506657242e-15       5.629154647427e-16      -6.280784013661e-17 
 1386       1.079763236067e-10       2.735928701249e-12      -9.000295632748e-12       0.000000000000e+00       1.621888348778e-15       5.620789394752e-16      -6.209493537410e-17 
 1387       1.082110593514e-10       2.706838068313e-12      -8.969908916922e-12       0.000000000000e+00       1.617286198729e-15       5.611785631572e-16      -6.137823732171e-17 
 1388       1.084429111463e-10       2.677808445852e-12      -8.937511628246e-12       0.000000000000e+00       1.612700144703e-15       5.602179445550e-16      -6.065802677197e-17 
 1389       1.086717339432e-10       2.648850288152e-12      -8.903122444383e-12       0.000000000000e+00       1.608130123426e-15       5.592007143802e-16      -5.993458617906e-17 
 1390       1.088973819170e-10       2.619974107440e-12      -8.866760186731e-12       0.000000000000e+00       1.603576070742e-15       5.581305253299e-16      -5.920819966183e-17 
 1391       1.091197084648e-10       2.591190473982e-12      -8.828443820706e-12       0.000000000000e+00       1.599037921610e-15       5.570110521270e-16      -5.847915300677e-17 
 1392       1.093385662043e-10       2.562510016191e-12      -8.788192456016e-12       0.000000000000e+00       1.594515610102e-15       5.558459915606e-16      -5.774773367105e-17 
 1393       1.095538069725e-10       2.533943420727e-12      -8.746025346945e-12       0.000000000000e+00       1.590009069403e-15       5.546390625255e-16      -5.701423078553e-17 
 1394       1.097652818243e-10       2.505501432599e-12      -8.701961892632e-12       0.000000000000e+00       1.585518231804e-15       5.533940060631e-16      -5.627893515773e-17 
 1395       1.099728410312e-10       2.477194855268e-12      -8.656021637349e-12       0.000000000000e+00       1.581043028707e-15       5.521145854010e-16      -5.554213927488e-17 
 1396       1.101763340799e-10       2.449034550750e-12      -8.608224270784e-12       0.000000000000e+00       1.576583390617e-15       5.508045859935e-16      -5.480413730692e-17 
 1397       1.103756096709e-10       2.421031439717e-12      -8.558589628315e-12       0.000000000000e+00       1.572139247145e-15       5.494678155618e-16      -5.406522510947e-17 
 1398       1.105705157173e-10       2.393196501604e-12      -8.507137691298e-12       0.000000000000e+00       1.567710527000e-15       5.481081041338e-16      -5.332570022691e-17 
 1399       1.107608993432e-10       2.365540774704e-12      -8.453888587338e-12       0.000000000000e+00       1.563297157993e-15       5.467293040846e-16      -5.258586189530e-17 
 1400       1.109466068824e-10       2.338075356276e-12      -8.398862590576e-12       0.000000000000e+00       1.558899067033e-15       5.453352901768e-16      -5.184601104547e-17 
 1401       1.111274838774e-10       2.310811402647e-12      -8.342080121963e-12       0.000000000000e+00       1.554516180122e-15       5.439299596001e-16      -5.110645030598e-17 
 1402       1.113033750774e-10       2.283760129313e-12      -8.283561749544e-12       0.000000000000e+00       1.550148422358e-15       5.425172320120e-16      -5.036748400613e-17 
 1403       1.114741244375e-10       2.256932811042e-12      -8.223328188736e-12       0.000000000000e+00       1.545795717930e-15       5.411010495779e-16      -4.962941817899e-17 
 1404       1.116395751171e-10       2.230340781975e-12      -8.161400302607e-12       0.000000000000e+00       1.541457990116e-15       5.396853770108e-16      -4.889256056439e-17 
 1405       1.117995694785e-10       2.203995435734e-12      -8.097799102157e-12       0.000000000000e+00       1.537135161282e-15       5.382742016122e-16      -4.815722061193e-17 
 1406       1.119539490855e-10       2.177908225515e-12      -8.032545746597e-12       0.000000000000e+00       1.532827152880e-15       5.368715333117e-16      -4.742370948401e-17 
 1407       1.121025547025e-10       2.152090664202e-12      -7.965661543629e-12       0.000000000000e+00       1.528533885446e-15       5.354814047074e-16      -4.669234005880e-17 
 1408       1.122452262923e-10       2.126554324459e-12      -7.897167949725e-12       0.000000000000e+00       1.524255278597e-15       5.341078711059e-16      -4.596342693327e-17 
 1409       1.123818030156e-10       2.101310838838e-12      -7.827086570410e-12       0.000000000000e+00       1.519991251030e-15       5.327550105628e-16      -4.523728642620e-17 
 1410       1.125121232290e-10       2.076371899882e-12      -7.755439160536e-12       0.000000000000e+00       1.515741720520e-15       5.314269239224e-16      -4.451423658120e-17 
 1411       1.126360459616e-10       2.051748032464e-12      -7.682249686321e-12       0.000000000000e+00       1.511506611215e-15       5.301267262853e-16      -4.379453053018e-17 
 1412       1.127535155894e-10       2.027444896685e-12      -7.607550534277e-12       0.000000000000e+00       1.507285875601e-15       5.288535098913e-16      -4.307815582231e-17 
 1413       1.128644978283e-10       2.003466946867e-12      -7.531376367187e-12       0.000000000000e+00       1.503079472762e-15       5.276053498383e-16      -4.236503302124e-17 
 1414       1.129689583175e-10       1.979818655857e-12      -7.453762068594e-12       0.000000000000e+00       1.498887361102e-15       5.263803097789e-16      -4.165508215486e-17 
 1415       1.130668626191e-10       1.956504515061e-12      -7.374742743209e-12       0.000000000000e+00       1.494709498339e-15       5.251764418995e-16      -4.094822271434e-17 
 1416       1.131581762184e-10       1.933529034474e-12      -7.294353717307e-12       0.000000000000e+00       1.490545841509e-15       5.239917868996e-16      -4.024437365306e-17 
 1417       1.132428645234e-10       1.910896742704e-12      -7.212630539139e-12       0.000000000000e+00       1.486396346961e-15       5.228243739720e-16      -3.954345338567e-17 
 1418       1.133208928653e-10       1.888612187002e-12      -7.129608979331e-12       0.000000000000e+00       1.482260970357e-15       5.216722207813e-16      -3.884537978703e-17 
 1419       1.133922264979e-10       1.866679933293e-12      -7.045325031288e-12       0.000000000000e+00       1.478139666671e-15       5.205333334438e-16      -3.815007019125e-17 
 1420       1.134568305979e-10       1.845104566201e-12      -6.959814911601e-12       0.000000000000e+00       1.474032390185e-15       5.194057065070e-16      -3.745744139064e-17 
 1421       1.135146702645e-10       1.823890689080e-12      -6.873115060448e-12       0.000000000000e+00       1.469939094489e-15       5.182873229285e-16      -3.676740963473e-17 
 1422       1.135657105198e-10       1.803042924041e-12      -6.785262141998e-12       0.000000000000e+00       1.465859732481e-15       5.171761540563e-16      -3.607989062927e-17 
 1423       1.136099163080e-10       1.782565911983e-12      -6.696293044818e-12       0.000000000000e+00       1.461794256363e-15       5.160701596071e-16      -3.539479953521e-17 
 1424       1.136472524964e-10       1.762464312619e-12      -6.606244882272e-12       0.000000000000e+00       1.457742617640e-15       5.149672876469e-16      -3.471205096769e-17 
 1425       1.136776838741e-10       1.742742804504e-12      -6.515154992930e-12       0.000000000000e+00       1.453704767119e-15       5.138654745694e-16      -3.403155899505e-17 
 1426       1.137011751530e-10       1.723406085066e-12      -6.423060940969e-12       0.000000000000e+00       1.449680654909e-15       5.127626450760e-16      -3.335323713782e-17 
 1427       1.137176909671e-10       1.704458870634e-12      -6.330000516577e-12       0.000000000000e+00       1.445670230416e-15       5.116567121553e-16      -3.267699836770e-17 
 1428       1.137271958725e-10       1.685905896466e-12      -6.236011736356e-12       0.000000000000e+00       1.441673442344e-15       5.105455770619e-16      -3.200275510659e-17 
 1429       1.137296543478e-10       1.667751916776e-12      -6.141132843730e-12       0.000000000000e+00       1.437690238691e-15       5.094271292967e-16      -3.133041922552e-17 
 1430       1.137250307933e-10       1.650001704766e-12      -6.045402309345e-12       0.000000000000e+00       1.433720566753e-15       5.082992465853e-16      -3.065990204371e-17 
 1431       1.137132895315e-10       1.632660052651e-12      -5.948858831474e-12       0.000000000000e+00       1.429764373114e-15       5.071597948585e-16      -2.999111432754e-17 
 1432       1.136943948069e-10       1.615731771690e-12      -5.851541336420e-12       0.000000000000e+00       1.425821603653e-15       5.060066282308e-16      -2.932396628954e-17 
 1433       1.136683107858e-10       1.599221692214e-12      -5.753488978922e-12       0.000000000000e+00       1.421892203537e-15       5.048375889803e-16      -2.865836758737e-17 
 1434       1.136350015563e-10       1.583134663653e-12      -5.654741142559e-12       0.000000000000e+00       1.417976117222e-15       5.036505075283e-16      -2.799422732285e-17 
 1435       1.135944311282e-10       1.567475554567e-12      -5.555337440150e-12       0.000000000000e+00       1.414073288448e-15       5.024432024180e-16      -2.733145404093e-17 
 1436       1.135465634332e-10       1.552249252674e-12      -5.455317714163e-12       0.000000000000e+00       1.410183660242e-15       5.012134802948e-16      -2.666995572868e-17 
 1437       1.134913623243e-10       1.537460664875e-12      -5.354722037115e-12       0.000000000000e+00       1.406307174916e-15       4.999591358849e-16      -2.600963981430e-17 
 1438       1.134287915763e-10       1.523114717288e-12      -5.253590711979e-12       0.000000000000e+00       1.402443774060e-15       4.986779519754e-16      -2.535041316612e-17 
 1439       1.133588148853e-10       1.509216355273e-12      -5.151964272585e-12       0.000000000000e+00       1.398593398548e-15       4.973676993934e-16      -2.469218209157e-17 
 1440       1.132813958691e-10       1.495770543462e-12      -5.049883484026e-12       0.000000000000e+00       1.394755988531e-15       4.960261369853e-16      -2.403485233617e-17 
 1441       1.131964980664e-10       1.482782265787e-12      -4.947389343061e-12       0.000000000000e+00       1.390931483437e-15       4.946510115964e-16      -2.337832908257e-17 
 1442       1.131040849375e-10       1.470256525507e-12      -4.844523078518e-12       0.000000000000e+00       1.387119821972e-15       4.932400580505e-16      -2.272251694950e-17 
 1443       1.130041198638e-10       1.458198345240e-12      -4.741326151702e-12       0.000000000000e+00       1.383320942114e-15       4.917909991289e-16      -2.206731999078e-17 
 1444       1.128965661480e-10       1.446612766989e-12      -4.637840256793e-12       0.000000000000e+00       1.379534781114e-15       4.903015455502e-16      -2.141264169432e-17 
 1445       1.127813870136e-10       1.435504852171e-12      -4.534107321254e-12       0.000000000000e+00       1.375761275496e-15       4.887693959494e-16      -2.075838498108e-17 
 1446       1.126585456053e-10       1.424879681646e-12      -4.430169506233e-12       0.000000000000e+00       1.372000361052e-15       4.871922368575e-16      -2.010445220414e-17 
 1447       1.125280049887e-10       1.414742355746e-12      -4.326069206970e-12       0.000000000000e+00       1.368251972843e-15       4.855677426811e-16      -1.945074514759e-17 
 1448       1.123897281503e-10       1.405097994300e-12      -4.221849053196e-12       0.000000000000e+00       1.364516045195e-15       4.838935756813e-16      -1.879716502563e-17 
 1449       1.122436779973e-10       1.395951736670e-12      -4.117551909540e-12       0.000000000000e+00       1.360792511701e-15       4.821673859538e-16      -1.814361248149e-17 
 1450       1.120898173577e-10       1.387308741770e-12      -4.013220875934e-12       0.000000000000e+00       1.357081305216e-15       4.803868114076e-16      -1.748998758644e-17 
 1451       1.119281268062e-10       1.379172876525e-12      -3.908897101298e-12       0.000000000000e+00       1.353382363710e-15       4.785501746835e-16      -1.683621360598e-17 
 1452       1.117586583382e-10       1.371542766701e-12      -3.804613199688e-12       0.000000000000e+00       1.349695647878e-15       4.766585816332e-16      -1.618230856234e-17 
 1453       1.115814822365e-10       1.364415706323e-12      -3.700399768594e-12       0.000000000000e+00       1.346021123701e-15       4.747138439509e-16      -1.552831439130e-17 
 1454       1.113966692957e-10       1.357788965594e-12      -3.596287569910e-12       0.000000000000e+00       1.342358756614e-15       4.727177841724e-16      -1.487427324075e-17 
 1455       1.112042908228e-10       1.351659790850e-12      -3.492307530211e-12       0.000000000000e+00       1.338708511502e-15       4.706722356951e-16      -1.422022747113e-17 
 1456       1.110044186382e-10       1.346025404513e-12      -3.388490741041e-12       0.000000000000e+00       1.335070352696e-15       4.685790427964e-16      -1.356621965569e-17 
 1457       1.107971250769e-10       1.340883005047e-12      -3.284868459182e-12       0.000000000000e+00       1.331444243979e-15       4.664400606534e-16      -1.291229258089e-17 
 1458       1.105824829892e-10       1.336229766907e-12      -3.181472106940e-12       0.000000000000e+00       1.327830148577e-15       4.642571553617e-16      -1.225848924675e-17 
 1459       1.103605657417e-10       1.332062840498e-12      -3.078333272424e-12       0.000000000000e+00       1.324228029165e-15       4.620322039543e-16      -1.160485286717e-17 
 1460       1.101314472183e-10       1.328379352127e-12      -2.975483709822e-12       0.000000000000e+00       1.320637847857e-15       4.597670944213e-16      -1.095142687028e-17 
 1461       1.098952018211e-10       1.325176403954e-12      -2.872955339683e-12       0.000000000000e+00       1.317059566216e-15       4.574637257286e-16      -1.029825489882e-17 
 1462       1.096519044715e-10       1.322451073951e-12      -2.770780249195e-12       0.000000000000e+00       1.313493145243e-15       4.551240078371e-16      -9.645380810461e-18 
 1463       1.094016306109e-10       1.320200415852e-12      -2.668990692466e-12       0.000000000000e+00       1.309938545380e-15       4.527498617218e-16      -8.992848678147e-18 
 1464       1.091444562016e-10       1.318421459108e-12      -2.567619090801e-12       0.000000000000e+00       1.306395726510e-15       4.503432193910e-16      -8.340702790467e-18 
 1465       1.088804577284e-10       1.317111208841e-12      -2.466698032985e-12       0.000000000000e+00       1.302864647952e-15       4.479060239053e-16      -7.688987651989e-18 
 1466       1.086097121985e-10       1.316266645799e-12      -2.366260275559e-12       0.000000000000e+00       1.299345268464e-15       4.454402293968e-16      -7.037747983607e-18 
 1467       1.083322971434e-10       1.315884726306e-12      -2.266338743098e-12       0.000000000000e+00       1.295837546239e-15       4.429478010883e-16      -6.387028722894e-18 
 1468       1.080482906193e-10       1.315962382220e-12      -2.166966528497e-12       0.000000000000e+00       1.292341438904e-15       4.404307153122e-16      -5.736875024447e-18 
 1469       1.077577712083e-10       1.316496520886e-12      -2.068176893244e-12       0.000000000000e+00       1.288856903520e-15       4.378909595297e-16      -5.087332260234e-18 
 1470       1.074608180191e-10       1.317484025087e-12      -1.970003267701e-12       0.000000000000e+00       1.285383896580e-15       4.353305323500e-16      -4.438446019946e-18 
 1471       1.071575106883e-10       1.318921753001e-12      -1.872479251385e-12       0.000000000000e+00       1.281922374009e-15       4.327514435495e-16      -3.790262111341e-18 
 1472       1.068479293810e-10       1.320806538154e-12      -1.775638613246e-12       0.000000000000e+00       1.278472291161e-15       4.301557140905e-16      -3.142826560594e-18 
 1473       1.065321547920e-10       1.323135189373e-12      -1.679515291947e-12       0.000000000000e+00       1.275033602818e-15       4.275453761408e-16      -2.496185612644e-18 
 1474       1.062102681466e-10       1.325904490742e-12      -1.584143396142e-12       0.000000000000e+00       1.271606263190e-15       4.249224730926e-16      -1.850385731542e-18 
 1475       1.058823512015e-10       1.329111201551e-12      -1.489557204757e-12       0.000000000000e+00       1.268190225912e-15       4.222890595815e-16      -1.205473600801e-18 
 1476       1.055484862461e-10       1.332752056256e-12      -1.395791167268e-12       0.000000000000e+00       1.264785444048e-15       4.196472015058e-16      -5.614961237411e-19 
 1477       1.052087561030e-10       1.336823764429e-12      -1.302879903983e-12       0.000000000000e+00       1.261391870080e-15       4.169989760457e-16       8.149957616263e-20 
 1478       1.048632441292e-10       1.341323010713e-12      -1.210858206318e-12       0.000000000000e+00       1.258009455918e-15       4.143464716820e-16       7.234661549295e-19 
 1479       1.045120342169e-10       1.346246454775e-12      -1.119761037077e-12       0.000000000000e+00       1.254638152889e-15       4.116917882158e-16       1.364356047727e-18 
 1480       1.041552107946e-10       1.351590731260e-12      -1.029623530735e-12       0.000000000000e+00       1.251277911743e-15       4.090370367870e-16       2.004121468523e-18 
 1481       1.037928588282e-10       1.357352449747e-12      -9.404809937102e-13       0.000000000000e+00       1.247928682648e-15       4.063843398941e-16       2.642714409738e-18 
 1482       1.034250638213e-10       1.363528194700e-12      -8.523689046519e-13       0.000000000000e+00       1.244590415190e-15       4.037358314125e-16       3.280086641894e-18 
 1483       1.030519118170e-10       1.370114525423e-12      -7.653229147136e-13       0.000000000000e+00       1.241263058372e-15       4.010936566144e-16       3.916189713273e-18 
 1484       1.026734893982e-10       1.377107976014e-12      -6.793788478346e-13       0.000000000000e+00       1.237946560611e-15       3.984599721875e-16       4.550974949562e-18 
 1485       1.022898836888e-10       1.384505055318e-12      -5.945727010194e-13       0.000000000000e+00       1.234640869740e-15       3.958369462541e-16       5.184393453511e-18 
 1486       1.019011823546e-10       1.392302246883e-12      -5.109406446168e-13       0.000000000000e+00       1.231345933003e-15       3.932267583904e-16       5.816396104579e-18 
 1487       1.015074736045e-10       1.400496008911e-12      -4.285190225992e-13       0.000000000000e+00       1.228061697058e-15       3.906315996454e-16       6.446933558594e-18 
 1488       1.011088461909e-10       1.409082774213e-12      -3.473443528423e-13       0.000000000000e+00       1.224788107971e-15       3.880536725603e-16       7.075956247395e-18 
 1489       1.007053894112e-10       1.418058950163e-12      -2.674533274040e-13       0.000000000000e+00       1.221525111221e-15       3.854951911874e-16       7.703414378494e-18 
 1490       1.002971931085e-10       1.427420918653e-12      -1.888828128042e-13       0.000000000000e+00       1.218272651692e-15       3.829583811091e-16       8.329257934722e-18 
 1491       9.988435240503e-11       1.437164414471e-12      -1.116652618987e-13       0.000000000000e+00       1.215030678377e-15       3.804449191370e-16       8.953411336331e-18 
 1492       9.946698195217e-11       1.447282653862e-12      -3.581489970587e-14       0.000000000000e+00       1.211799158534e-15       3.779542463560e-16       9.575697156096e-18 
 1493       9.904520182214e-11       1.457768187517e-12       3.865859737802e-14       0.000000000000e+00       1.208578063663e-15       3.754852385692e-16       1.019591165518e-17 
 1494       9.861913278942e-11       1.468613520403e-12       1.117455254393e-13       0.000000000000e+00       1.205367364821e-15       3.730367651058e-16       1.081385005107e-17 
 1495       9.818889633191e-11       1.479811111681e-12       1.834361530150e-13       0.000000000000e+00       1.202167032619e-15       3.706076888097e-16       1.142930651585e-17 
 1496       9.775461463215e-11       1.491353374628e-12       2.537207210608e-13       0.000000000000e+00       1.198977037221e-15       3.681968660285e-16       1.204207417449e-17 
 1497       9.731641057854e-11       1.503232676556e-12       3.225894429196e-13       0.000000000000e+00       1.195797348343e-15       3.658031466026e-16       1.265194510317e-17 
 1498       9.687440776650e-11       1.515441338735e-12       3.900325042893e-13       0.000000000000e+00       1.192627935252e-15       3.634253738536e-16       1.325871032748e-17 
 1499       9.642873049971e-11       1.527971636308e-12       4.560400631911e-13       0.000000000000e+00       1.189468766767e-15       3.610623845738e-16       1.386215982078e-17 
 1500       9.597950379128e-11       1.540815798218e-12       5.206022499375e-13       0.000000000000e+00       1.186319811254e-15       3.587130090145e-16       1.446208250248e-17 
 1501       9.552685336501e-11       1.553966007122e-12       5.837091671008e-13       0.000000000000e+00       1.183181036631e-15       3.563760708754e-16       1.505826623627e-17 
 1502       9.507090565651e-11       1.567414399317e-12       6.453508894809e-13       0.000000000000e+00       1.180052410359e-15       3.540503872932e-16       1.565049782847e-17 
 1503       9.461178781449e-11       1.581153064655e-12       7.055174640735e-13       0.000000000000e+00       1.176933899449e-15       3.517347688304e-16       1.623856302626e-17 
 1504       9.414962770191e-11       1.595174046469e-12       7.641989100384e-13       0.000000000000e+00       1.173825470456e-15       3.494280194645e-16       1.682224651603e-17 
 1505       9.368455389720e-11       1.609469341486e-12       8.213852186677e-13       0.000000000000e+00       1.170727089481e-15       3.471289365767e-16       1.740133192160e-17 
 1506       9.321669569544e-11       1.624030899756e-12       8.770663533537e-13       0.000000000000e+00       1.167638722168e-15       3.448363109409e-16       1.797560180253e-17 
 1507       9.274618310962e-11       1.638850624564e-12       9.312322495570e-13       0.000000000000e+00       1.164560333703e-15       3.425489267124e-16       1.854483765242e-17 
 1508       9.227314687178e-11       1.653920372356e-12       9.838728147753e-13       0.000000000000e+00       1.161491888815e-15       3.402655614169e-16       1.910881989719e-17 
 1509       9.179771843425e-11       1.669231952658e-12       1.034977928510e-12       0.000000000000e+00       1.158433351774e-15       3.379849859395e-16       1.966732789333e-17 
 1510       9.132002997085e-11       1.684777127993e-12       1.084537442238e-12       0.000000000000e+00       1.155384686389e-15       3.357059645135e-16       2.022013992625e-17 
 1511       9.084021437808e-11       1.700547613808e-12       1.132541179373e-12       0.000000000000e+00       1.152345856009e-15       3.334272547092e-16       2.076703320851e-17 
 1512       9.035840527635e-11       1.716535078387e-12       1.178978935243e-12       0.000000000000e+00       1.149316823520e-15       3.311476074229e-16       2.130778387812e-17 
 1513       8.987473701113e-11       1.732731142775e-12       1.223840477049e-12       0.000000000000e+00       1.146297551345e-15       3.288657668657e-16       2.184216699683e-17 
 1514       8.938934465423e-11       1.749127380700e-12       1.267115543839e-12       0.000000000000e+00       1.143288001446e-15       3.265804705526e-16       2.236995654843e-17 
 1515       8.890236400492e-11       1.765715318490e-12       1.308793846476e-12       0.000000000000e+00       1.140288135316e-15       3.242904492912e-16       2.289092543701e-17 
 1516       8.841393159122e-11       1.782486434994e-12       1.348865067604e-12       0.000000000000e+00       1.137297913986e-15       3.219944271705e-16       2.340484548526e-17 
 1517       8.792418467103e-11       1.799432161504e-12       1.387318861616e-12       0.000000000000e+00       1.134317298018e-15       3.196911215501e-16       2.391148743274e-17 
 1518       8.743326123337e-11       1.816543881673e-12       1.424144854625e-12       0.000000000000e+00       1.131346247507e-15       3.173792430489e-16       2.441062093419e-17 
 1519       8.694129999957e-11       1.833812931437e-12       1.459332644427e-12       0.000000000000e+00       1.128384722079e-15       3.150574955339e-16       2.490201455779e-17 
 1520       8.644844042449e-11       1.851230598936e-12       1.492871800477e-12       0.000000000000e+00       1.125432680892e-15       3.127245761093e-16       2.538543578346e-17 
 1521       8.595482269772e-11       1.868788124431e-12       1.524751863849e-12       0.000000000000e+00       1.122490082631e-15       3.103791751052e-16       2.586065100115e-17 
 1522       8.546058774475e-11       1.886476700227e-12       1.554962347209e-12       0.000000000000e+00       1.119556885513e-15       3.080199760666e-16       2.632742550910e-17 
 1523       8.496587722823e-11       1.904287470595e-12       1.583492734781e-12       0.000000000000e+00       1.116633047281e-15       3.056456557425e-16       2.678552351217e-17 
 1524       8.447083354912e-11       1.922211531686e-12       1.610332482318e-12       0.000000000000e+00       1.113718525202e-15       3.032548840743e-16       2.723470812006e-17 
 1525       8.397559984793e-11       1.940239931460e-12       1.635471017067e-12       0.000000000000e+00       1.110813276074e-15       3.008463241849e-16       2.767474134567e-17 
 1526       8.348032000591e-11       1.958363669596e-12       1.658897737737e-12       0.000000000000e+00       1.107917256215e-15       2.984186323680e-16       2.810538410332e-17 
 1527       8.298513864626e-11       1.976573697424e-12       1.680602014471e-12       0.000000000000e+00       1.105030421470e-15       2.959704580763e-16       2.852639620709e-17 
 1528       8.249020113530e-11       1.994860917835e-12       1.700573188809e-12       0.000000000000e+00       1.102152727205e-15       2.935004439109e-16       2.893753636905e-17 
 1529       8.199565358374e-11       2.013216185207e-12       1.718800573662e-12       0.000000000000e+00       1.099284128310e-15       2.910072256099e-16       2.933856219759e-17 
 1530       8.150164284781e-11       2.031630305324e-12       1.735273453274e-12       0.000000000000e+00       1.096424579194e-15       2.884894320376e-16       2.972923019570e-17 
 1531       8.100830761254e-11       2.050094368745e-12       1.749985157985e-12       0.000000000000e+00       1.093574037626e-15       2.859461079395e-16       3.010937288070e-17 
 1532       8.051575154579e-11       2.068600754558e-12       1.762945331157e-12       0.000000000000e+00       1.090732476284e-15       2.833779866493e-16       3.047913095301e-17 
 1533       8.002406989008e-11       2.087142136055e-12       1.774167779385e-12       0.000000000000e+00       1.087899871315e-15       2.807862295197e-16       3.083872334215e-17 
 1534       7.953335835808e-11       2.105711148097e-12       1.783666408515e-12       0.000000000000e+00       1.085076198505e-15       2.781720042697e-16       3.118837028883e-17 
 1535       7.904371313334e-11       2.124300387045e-12       1.791455223826e-12       0.000000000000e+00       1.082261433273e-15       2.755364849955e-16       3.152829334716e-17 
 1536       7.855523087104e-11       2.142902410702e-12       1.797548330201e-12       0.000000000000e+00       1.079455550677e-15       2.728808521806e-16       3.185871538689e-17 
 1537       7.806800869871e-11       2.161509738246e-12       1.801959932309e-12       0.000000000000e+00       1.076658525412e-15       2.702062927066e-16       3.217986059561e-17 
 1538       7.758214421704e-11       2.180114850172e-12       1.804704334778e-12       0.000000000000e+00       1.073870331804e-15       2.675139998636e-16       3.249195448103e-17 
 1539       7.709773550055e-11       2.198710188226e-12       1.805795942371e-12       0.000000000000e+00       1.071090943817e-15       2.648051733608e-16       3.279522387318e-17 
 1540       7.661488109841e-11       2.217288155343e-12       1.805249260166e-12       0.000000000000e+00       1.068320335045e-15       2.620810193371e-16       3.308989692665e-17 
 1541       7.613368003513e-11       2.235841115588e-12       1.803078893730e-12       0.000000000000e+00       1.065558478717e-15       2.593427503713e-16       3.337620312280e-17 
 1542       7.565423181134e-11       2.254361394085e-12       1.799299549298e-12       0.000000000000e+00       1.062805347693e-15       2.565915854928e-16       3.365437327203e-17 
 1543       7.517663640452e-11       2.272841276965e-12       1.793926033946e-12       0.000000000000e+00       1.060060914464e-15       2.538287501924e-16       3.392463951598e-17 
 1544       7.470099426978e-11       2.291273011295e-12       1.786973255771e-12       0.000000000000e+00       1.057325151151e-15       2.510554764323e-16       3.418723532978e-17 
 1545       7.422740634054e-11       2.309648805017e-12       1.778456224066e-12       0.000000000000e+00       1.054598029505e-15       2.482730026571e-16       3.444239552426e-17 
 1546       7.375597402936e-11       2.327960826891e-12       1.768390049496e-12       0.000000000000e+00       1.051879520906e-15       2.454825738039e-16       3.469035624821e-17 
 1547       7.328679922862e-11       2.346201206425e-12       1.756789944278e-12       0.000000000000e+00       1.049169596362e-15       2.426854413131e-16       3.493135499058e-17 
 1548       7.281998431130e-11       2.364362033816e-12       1.743671222353e-12       0.000000000000e+00       1.046468226508e-15       2.398828631389e-16       3.516563058272e-17 
 1549       7.235563213174e-11       2.382435359888e-12       1.729049299565e-12       0.000000000000e+00       1.043775381606e-15       2.370761037597e-16       3.539342320064e-17 
 1550       7.189384602634e-11       2.400413196025e-12       1.712939693839e-12       0.000000000000e+00       1.041091031544e-15       2.342664341888e-16       3.561497436719e-17 
 1551       7.143472981436e-11       2.418287514116e-12       1.695358025355e-12       0.000000000000e+00       1.038415145834e-15       2.314551319847e-16       3.583052695434e-17 
 1552       7.097838779862e-11       2.436050246484e-12       1.676320016726e-12       0.000000000000e+00       1.035747693614e-15       2.286434812616e-16       3.604032518536e-17 
 1553       7.052492476629e-11       2.453693285830e-12       1.655841493173e-12       0.000000000000e+00       1.033088643644e-15       2.258327727004e-16       3.624461463712e-17 
 1554       7.007444598961e-11       2.471208485167e-12       1.633938382706e-12       0.000000000000e+00       1.030437964307e-15       2.230243035585e-16       3.644364224225e-17 
 1555       6.962705722663e-11       2.488587657757e-12       1.610626716294e-12       0.000000000000e+00       1.027795623610e-15       2.202193776810e-16       3.663765629142e-17 
 1556       6.918286472200e-11       2.505822577051e-12       1.585922628048e-12       0.000000000000e+00       1.025161589179e-15       2.174193055107e-16       3.682690643552e-17 
 1557       6.874197520766e-11       2.522904976623e-12       1.559842355393e-12       0.000000000000e+00       1.022535828262e-15       2.146254040989e-16       3.701164368798e-17 
 1558       6.830449590364e-11       2.539826550110e-12       1.532402239247e-12       0.000000000000e+00       1.019918307726e-15       2.118389971159e-16       3.719212042689e-17 
 1559       6.787053451878e-11       2.556578951149e-12       1.503618724199e-12       0.000000000000e+00       1.017308994057e-15       2.090614148613e-16       3.736859039731e-17 
 1560       6.744019925146e-11       2.573153793314e-12       1.473508358680e-12       0.000000000000e+00       1.014707853360e-15       2.062939942748e-16       3.754130871349e-17 
 1561       6.701359879040e-11       2.589542650051e-12       1.442087795147e-12       0.000000000000e+00       1.012114851358e-15       2.035380789468e-16       3.771053186105e-17 
 1562       6.659084231533e-11       2.605737054621e-12       1.409373790253e-12       0.000000000000e+00       1.009529953390e-15       2.007950191285e-16       3.787651769929e-17 
 1563       6.617203949784e-11       2.621728500031e-12       1.375383205028e-12       0.000000000000e+00       1.006953124410e-15       1.980661717426e-16       3.803952546335e-17 
 1564       6.575730050202e-11       2.637508438977e-12       1.340133005055e-12       0.000000000000e+00       1.004384328990e-15       1.953529003941e-16       3.819981576648e-17 
 1565       6.534673598528e-11       2.653068283776e-12       1.303640260644e-12       0.000000000000e+00       1.001823531315e-15       1.926565753804e-16       3.835765060227e-17 
 1566       6.494045709907e-11       2.668399406308e-12       1.265922147011e-12       0.000000000000e+00       9.992706951834e-16       1.899785737022e-16       3.851329334686e-17 
 1567       6.453857548964e-11       2.683493137951e-12       1.226995944456e-12       0.000000000000e+00       9.967257840076e-16       1.873202790736e-16       3.866700876119e-17 
 1568       6.414120329876e-11       2.698340769518e-12       1.186879038535e-12       0.000000000000e+00       9.941887608119e-16       1.846830819331e-16       3.881906299321e-17 
 1569       6.374845316450e-11       2.712933551196e-12       1.145588920240e-12       0.000000000000e+00       9.916595882324e-16       1.820683794538e-16       3.896972358015e-17 
 1570       6.336043822195e-11       2.727262692484e-12       1.103143186176e-12       0.000000000000e+00       9.891382285157e-16       1.794775755539e-16       3.911925945071e-17 
 1571       6.297725678133e-11       2.741320346015e-12       1.059560860659e-12       0.000000000000e+00       9.866246465972e-16       1.769118290457e-16       3.926787813241e-17 
 1572       6.259894620461e-11       2.755102569193e-12       1.014866375125e-12       0.000000000000e+00       9.841188193658e-16       1.743712954966e-16       3.941553672953e-17 
 1573       6.222552860088e-11       2.768606390010e-12       9.690856261268e-13       0.000000000000e+00       9.816207264836e-16       1.718558783293e-16       3.956212918952e-17 
 1574       6.185702611007e-11       2.781828825647e-12       9.222446570165e-13       0.000000000000e+00       9.791303473151e-16       1.693654800414e-16       3.970754893737e-17 
 1575       6.149346090288e-11       2.794766882459e-12       8.743696581845e-13       0.000000000000e+00       9.766476609259e-16       1.669000022038e-16       3.985168887472e-17 
 1576       6.113485518086e-11       2.807417555960e-12       8.254869673013e-13       0.000000000000e+00       9.741726460827e-16       1.644593454585e-16       3.999444137913e-17 
 1577       6.078123117638e-11       2.819777830807e-12       7.756230695580e-13       0.000000000000e+00       9.717052812524e-16       1.620434095173e-16       4.013569830318e-17 
 1578       6.043261115263e-11       2.831844680789e-12       7.248045979073e-13       0.000000000000e+00       9.692455446017e-16       1.596520931600e-16       4.027535097371e-17 
 1579       6.008901740363e-11       2.843615068806e-12       6.730583333042e-13       0.000000000000e+00       9.667934139963e-16       1.572852942325e-16       4.041329019097e-17 
 1580       5.975047225422e-11       2.855085946859e-12       6.204112049472e-13       0.000000000000e+00       9.643488670003e-16       1.549429096455e-16       4.054940622778e-17 
 1581       5.941699806008e-11       2.866254256035e-12       5.668902905185e-13       0.000000000000e+00       9.619118808758e-16       1.526248353720e-16       4.068358882878e-17 
 1582       5.908861720773e-11       2.877116926489e-12       5.125228164258e-13       0.000000000000e+00       9.594824325822e-16       1.503309664467e-16       4.081572720951e-17 
 1583       5.876535211452e-11       2.887670877431e-12       4.573361580423e-13       0.000000000000e+00       9.570604987756e-16       1.480611969631e-16       4.094571005569e-17 
 1584       5.844722522865e-11       2.897913017115e-12       4.013578399479e-13       0.000000000000e+00       9.546460558080e-16       1.458154200727e-16       4.107342552233e-17 
 1585       5.813425902915e-11       2.907840242814e-12       3.446155361702e-13       0.000000000000e+00       9.522390797271e-16       1.435935279829e-16       4.119876123294e-17 
 1586       5.782647602590e-11       2.917449440819e-12       2.871370704252e-13       0.000000000000e+00       9.498395462753e-16       1.413954119550e-16       4.132160427869e-17 
 1587       5.752389875964e-11       2.926737486410e-12       2.289504163580e-13       0.000000000000e+00       9.474474308894e-16       1.392209623033e-16       4.144184121762e-17 
 1588       5.722654980195e-11       2.935701243853e-12       1.700836977839e-13       0.000000000000e+00       9.450627086999e-16       1.370700683924e-16       4.155935807378e-17 
 1589       5.693445175526e-11       2.944337566377e-12       1.105651889294e-13       0.000000000000e+00       9.426853545302e-16       1.349426186362e-16       4.167404033647e-17 
 1590       5.664762725288e-11       2.952643296165e-12       5.042331467241e-14       0.000000000000e+00       9.403153428964e-16       1.328385004960e-16       4.178577295934e-17 
 1591       5.636609895895e-11       2.960615264334e-12      -1.031334921606e-14       0.000000000000e+00       9.379526480063e-16       1.307576004786e-16       4.189444035963e-17 
 1592       5.608988956850e-11       2.968250290924e-12      -7.161607583165e-14       0.000000000000e+00       9.355972437590e-16       1.286998041347e-16       4.199992641734e-17 
 1593       5.581902180739e-11       2.975545184881e-12      -1.334559868955e-13       0.000000000000e+00       9.332491037445e-16       1.266649960572e-16       4.210211447438e-17 
 1594       5.555351843239e-11       2.982496744046e-12      -1.958040525137e-13       0.000000000000e+00       9.309082012425e-16       1.246530598795e-16       4.220088733379e-17 
 1595       5.529340223110e-11       2.989101755133e-12      -2.586310909358e-13       0.000000000000e+00       9.285745092225e-16       1.226638782738e-16       4.229612725888e-17 
 1596       5.503869602203e-11       2.995356993720e-12      -3.219077683148e-13       0.000000000000e+00       9.262480003426e-16       1.206973329493e-16       4.238771597244e-17 
 1597       5.478942265453e-11       3.001259224234e-12      -3.856045984656e-13       0.000000000000e+00       9.239286469494e-16       1.187533046504e-16       4.247553465592e-17 
 1598       5.454560500885e-11       3.006805199934e-12      -4.496919426245e-13       0.000000000000e+00       9.216164210770e-16       1.168316731553e-16       4.255946394859e-17 
 1599       5.430726599612e-11       3.011991662896e-12      -5.141400092081e-13       0.000000000000e+00       9.193112944468e-16       1.149323172739e-16       4.263938394672e-17 
 1600       5.407442855836e-11       3.016815343999e-12      -5.789188535729e-13       0.000000000000e+00       9.170132384663e-16       1.130551148465e-16       4.271517420279e-17 
 1601       5.384711566844e-11       3.021272962912e-12      -6.439983777738e-13       0.000000000000e+00       9.147222242292e-16       1.111999427416e-16       4.278671372462e-17 
 1602       5.362535033017e-11       3.025361228076e-12      -7.093483303238e-13       0.000000000000e+00       9.124382225143e-16       1.093666768545e-16       4.285388097460e-17 
 1603       5.340915557822e-11       3.029076836690e-12      -7.749383059527e-13       0.000000000000e+00       9.101612037852e-16       1.075551921056e-16       4.291655386884e-17 
 1604       5.319855447816e-11       3.032416474700e-12      -8.407377453667e-13       0.000000000000e+00       9.078911381893e-16       1.057653624385e-16       4.297460977636e-17 
 1605       5.299357012646e-11       3.035376816777e-12      -9.067159350072e-13       0.000000000000e+00       9.056279955578e-16       1.039970608186e-16       4.302792551827e-17 
 1606       5.279422565049e-11       3.037954526309e-12      -9.728420068099e-13       0.000000000000e+00       9.033717454046e-16       1.022501592307e-16       4.307637736694e-17 
 1607       5.260054420851e-11       3.040146255382e-12      -1.039084937964e-12       0.000000000000e+00       9.011223569258e-16       1.005245286782e-16       4.311984104520e-17 
 1608       5.241254898972e-11       3.041948644766e-12      -1.105413550673e-12       0.000000000000e+00       8.988797989991e-16       9.882003918081e-17       4.315819172548e-17 
 1609       5.223026321418e-11       3.043358323903e-12      -1.171796511909e-12       0.000000000000e+00       8.966440401837e-16       9.713655977275e-17       4.319130402904e-17 
 1610       5.205371013290e-11       3.044371910887e-12      -1.238202333178e-12       0.000000000000e+00       8.944150487186e-16       9.547395850144e-17       4.321905202512e-17 
 1611       5.188290086403e-11       3.044987000571e-12      -1.304601090867e-12       0.000000000000e+00       8.921927950600e-16       9.383207889441e-17       4.324132898625e-17 
 1612       5.171779778076e-11       3.045205138715e-12      -1.370969604873e-12       0.000000000000e+00       8.899772595153e-16       9.221066913071e-17       4.325810685199e-17 
 1613       5.155835079100e-11       3.045028874814e-12      -1.437286306520e-12       0.000000000000e+00       8.877684246767e-16       9.060945222296e-17       4.326937730356e-17 
 1614       5.140450947035e-11       3.044460776464e-12      -1.503529522079e-12       0.000000000000e+00       8.855662728903e-16       8.902814948729e-17       4.327513205678e-17 
 1615       5.125622306157e-11       3.043503429393e-12      -1.569677472602e-12       0.000000000000e+00       8.833707862552e-16       8.746648054047e-17       4.327536286222e-17 
 1616       5.111344047402e-11       3.042159437490e-12      -1.635708273763e-12       0.000000000000e+00       8.811819466238e-16       8.592416329720e-17       4.327006150520e-17 
 1617       5.097611028308e-11       3.040431422839e-12      -1.701599935697e-12       0.000000000000e+00       8.789997356005e-16       8.440091396720e-17       4.325921980598e-17 
 1618       5.084418072962e-11       3.038322025745e-12      -1.767330362837e-12       0.000000000000e+00       8.768241345418e-16       8.289644705248e-17       4.324282961979e-17 
 1619       5.071759971943e-11       3.035833904771e-12      -1.832877353752e-12       0.000000000000e+00       8.746551245554e-16       8.141047534453e-17       4.322088283696e-17 
 1620       5.059631482264e-11       3.032969736764e-12      -1.898218600991e-12       0.000000000000e+00       8.724926865000e-16       7.994270992145e-17       4.319337138298e-17 
 1621       5.048027327319e-11       3.029732216887e-12      -1.963331690914e-12       0.000000000000e+00       8.703368009847e-16       7.849286014524e-17       4.316028721860e-17 
 1622       5.036942196825e-11       3.026124058651e-12      -2.028194103537e-12       0.000000000000e+00       8.681874483685e-16       7.706063365892e-17       4.312162233995e-17 
 1623       5.026370746768e-11       3.022147993945e-12      -2.092783212365e-12       0.000000000000e+00       8.660446087600e-16       7.564573638375e-17       4.307736877861e-17 
 1624       5.016307599345e-11       3.017806773066e-12      -2.157076284237e-12       0.000000000000e+00       8.639082620166e-16       7.424787251645e-17       4.302751860170e-17 
 1625       5.006747342909e-11       3.013103164754e-12      -2.221050479160e-12       0.000000000000e+00       8.617783877441e-16       7.286674452636e-17       4.297206391197e-17 
 1626       4.997684531914e-11       3.008039956214e-12      -2.284682850149e-12       0.000000000000e+00       8.596549652967e-16       7.150205315264e-17       4.291099684792e-17 
 1627       4.989113686858e-11       3.002619953159e-12      -2.347950343066e-12       0.000000000000e+00       8.575379737756e-16       7.015349740147e-17       4.284430958386e-17 
 1628       4.981029294225e-11       2.996845979828e-12      -2.410829796456e-12       0.000000000000e+00       8.554273920295e-16       6.882077454328e-17       4.277199433002e-17 
 1629       4.973425806434e-11       2.990720879028e-12      -2.473297941392e-12       0.000000000000e+00       8.533231986533e-16       6.750358010988e-17       4.269404333264e-17 
 1630       4.966297641780e-11       2.984247512157e-12      -2.535331401307e-12       0.000000000000e+00       8.512253719881e-16       6.620160789169e-17       4.261044887407e-17 
 1631       4.959639184377e-11       2.977428759240e-12      -2.596906691834e-12       0.000000000000e+00       8.491338901207e-16       6.491454993496e-17       4.252120327282e-17 
 1632       4.953444784103e-11       2.970267518955e-12      -2.658000220650e-12       0.000000000000e+00       8.470487308829e-16       6.364209653891e-17       4.242629888374e-17 
 1633       4.947708756548e-11       2.962766708669e-12      -2.718588287307e-12       0.000000000000e+00       8.449698718509e-16       6.238393625297e-17       4.232572809801e-17 
 1634       4.942425382950e-11       2.954929264464e-12      -2.778647083076e-12       0.000000000000e+00       8.428972903454e-16       6.113975587395e-17       4.221948334330e-17 
 1635       4.937588910148e-11       2.946758141172e-12      -2.838152690782e-12       0.000000000000e+00       8.408309634306e-16       5.990924044325e-17       4.210755708387e-17 
 1636       4.933193550517e-11       2.938256312404e-12      -2.897081084646e-12       0.000000000000e+00       8.387708679138e-16       5.869207324405e-17       4.198994182059e-17 
 1637       4.929233481922e-11       2.929426770579e-12      -2.955408130122e-12       0.000000000000e+00       8.367169803450e-16       5.748793579850e-17       4.186663009111e-17 
 1638       4.925702847652e-11       2.920272526958e-12      -3.013109583736e-12       0.000000000000e+00       8.346692770164e-16       5.629650786492e-17       4.173761446992e-17 
 1639       4.922595756371e-11       2.910796611673e-12      -3.070161092924e-12       0.000000000000e+00       8.326277339620e-16       5.511746743499e-17       4.160288756844e-17 
 1640       4.919906282062e-11       2.901002073759e-12      -3.126538195870e-12       0.000000000000e+00       8.305923269570e-16       5.395049073097e-17       4.146244203512e-17 
 1641       4.917628463965e-11       2.890891981182e-12      -3.182216321348e-12       0.000000000000e+00       8.285630315173e-16       5.279525220284e-17       4.131627055552e-17 
 1642       4.915756306528e-11       2.880469420876e-12      -3.237170788557e-12       0.000000000000e+00       8.265398228989e-16       5.165142452557e-17       4.116436585243e-17 
 1643       4.914283779346e-11       2.869737498765e-12      -3.291376806961e-12       0.000000000000e+00       8.245226760980e-16       5.051867859624e-17       4.100672068593e-17 
 1644       4.913204817109e-11       2.858699339803e-12      -3.344809476127e-12       0.000000000000e+00       8.225115658498e-16       4.939668353130e-17       4.084332785351e-17 
 1645       4.912513319544e-11       2.847358087997e-12      -3.397443785567e-12       0.000000000000e+00       8.205064666283e-16       4.828510666370e-17       4.067418019015e-17 
 1646       4.912203151359e-11       2.835716906443e-12      -3.449254614571e-12       0.000000000000e+00       8.185073526459e-16       4.718361354016e-17       4.049927056839e-17 
 1647       4.912268142186e-11       2.823778977355e-12      -3.500216732050e-12       0.000000000000e+00       8.165141978529e-16       4.609186791830e-17       4.031859189848e-17 
 1648       4.912702086529e-11       2.811547502097e-12      -3.550304796373e-12       0.000000000000e+00       8.145269759368e-16       4.500953176387e-17       4.013213712842e-17 
 1649       4.913498743704e-11       2.799025701210e-12      -3.599493355206e-12       0.000000000000e+00       8.125456603221e-16       4.393626524793e-17       3.993989924407e-17 
 1650       4.914651837784e-11       2.786216814448e-12      -3.647756845351e-12       0.000000000000e+00       8.105702241698e-16       4.287172674406e-17       3.974187126926e-17 
 1651       4.916154776375e-11       2.773124523503e-12      -3.695072928576e-12       0.000000000000e+00       8.086006424678e-16       4.181568244493e-17       3.953807390901e-17 
 1652       4.917999804321e-11       2.759754224223e-12      -3.741432531767e-12       0.000000000000e+00       8.066368983251e-16       4.076833628005e-17       3.932863874710e-17 
 1653       4.920178842389e-11       2.746111765731e-12      -3.786829895424e-12       0.000000000000e+00       8.046789767326e-16       3.973000291599e-17       3.911372578595e-17 
 1654       4.922683767686e-11       2.732203028796e-12      -3.831259245733e-12       0.000000000000e+00       8.027268624765e-16       3.870099840436e-17       3.889349587170e-17 
 1655       4.925506413594e-11       2.718033925889e-12      -3.874714794548e-12       0.000000000000e+00       8.007805401382e-16       3.768164018385e-17       3.866811069549e-17 
 1656       4.928638569699e-11       2.703610401227e-12      -3.917190739379e-12       0.000000000000e+00       7.988399940936e-16       3.667224708219e-17       3.843773279477e-17 
 1657       4.932071981724e-11       2.688938430826e-12      -3.958681263375e-12       0.000000000000e+00       7.969052085127e-16       3.567313931824e-17       3.820252555467e-17 
 1658       4.935798351463e-11       2.674024022548e-12      -3.999180535311e-12       0.000000000000e+00       7.949761673594e-16       3.468463850395e-17       3.796265320920e-17 
 1659       4.939809336708e-11       2.658873216152e-12      -4.038682709574e-12       0.000000000000e+00       7.930528543913e-16       3.370706764642e-17       3.771828084266e-17 
 1660       4.944096551184e-11       2.643492083341e-12      -4.077181926146e-12       0.000000000000e+00       7.911352531585e-16       3.274075114987e-17       3.746957439090e-17 
 1661       4.948651564479e-11       2.627886727816e-12      -4.114672310592e-12       0.000000000000e+00       7.892233470043e-16       3.178601481771e-17       3.721670064263e-17 
 1662       4.953465901978e-11       2.612063285320e-12      -4.151147974044e-12       0.000000000000e+00       7.873171190638e-16       3.084318585453e-17       3.695982724072e-17 
 1663       4.958531044793e-11       2.596027923694e-12      -4.186603013187e-12       0.000000000000e+00       7.854165522644e-16       2.991259286812e-17       3.669912268357e-17 
 1664       4.963838429692e-11       2.579786842917e-12      -4.221031510243e-12       0.000000000000e+00       7.835216293245e-16       2.899456587149e-17       3.643475632633e-17 
 1665       4.969379449038e-11       2.563346275165e-12      -4.254427532958e-12       0.000000000000e+00       7.816323327540e-16       2.808943628489e-17       3.616689838227e-17 
 1666       4.975145450713e-11       2.546712484857e-12      -4.286785134589e-12       0.000000000000e+00       7.797486448532e-16       2.719753693783e-17       3.589571992406e-17 
 1667       4.981127738054e-11       2.529891768699e-12      -4.318098353885e-12       0.000000000000e+00       7.778705477129e-16       2.631920207109e-17       3.562139288511e-17 
 1668       4.987317569784e-11       2.512890455745e-12      -4.348361215076e-12       0.000000000000e+00       7.759980232137e-16       2.545476733875e-17       3.534409006085e-17 
 1669       4.993706159942e-11       2.495714907433e-12      -4.377567727857e-12       0.000000000000e+00       7.741310530257e-16       2.460456981020e-17       3.506398511003e-17 
 1670       5.000284677818e-11       2.478371517646e-12      -4.405711887373e-12       0.000000000000e+00       7.722696186082e-16       2.376894797215e-17       3.478125255607e-17 
 1671       5.007044247882e-11       2.460866712755e-12      -4.432787674206e-12       0.000000000000e+00       7.704137012091e-16       2.294824173067e-17       3.449606778833e-17 
 1672       5.013975949714e-11       2.443206951670e-12      -4.458789054360e-12       0.000000000000e+00       7.685632818648e-16       2.214279241319e-17       3.420860706344e-17 
 1673       5.021070817942e-11       2.425398725888e-12      -4.483709979245e-12       0.000000000000e+00       7.667183413996e-16       2.135294277051e-17       3.391904750660e-17 
 1674       5.028319842167e-11       2.407448559546e-12      -4.507544385663e-12       0.000000000000e+00       7.648788604253e-16       2.057903697887e-17       3.362756711290e-17 
 1675       5.035713966899e-11       2.389363009468e-12      -4.530286195796e-12       0.000000000000e+00       7.630448193409e-16       1.982142064188e-17       3.333434474861e-17 
 1676       5.043244091487e-11       2.371148665213e-12      -4.551929317187e-12       0.000000000000e+00       7.612161983322e-16       1.908044079263e-17       3.303956015251e-17 
 1677       5.050901070049e-11       2.352812149128e-12      -4.572467642728e-12       0.000000000000e+00       7.593929773713e-16       1.835644589564e-17       3.274339393717e-17 
 1678       5.058675711407e-11       2.334360116395e-12      -4.591895050646e-12       0.000000000000e+00       7.575751362164e-16       1.764978584892e-17       3.244602759030e-17 
 1679       5.066558779019e-11       2.315799255082e-12      -4.610205404487e-12       0.000000000000e+00       7.557626544113e-16       1.696081198596e-17       3.214764347601e-17 
 1680       5.074540990905e-11       2.297136286188e-12      -4.627392553101e-12       0.000000000000e+00       7.539555112848e-16       1.628987707776e-17       3.184842483617e-17 
 1681       5.082613019586e-11       2.278377963701e-12      -4.643450330631e-12       0.000000000000e+00       7.521536859508e-16       1.563733533486e-17       3.154855579167e-17 
 1682       5.090765492011e-11       2.259531074638e-12      -4.658372556492e-12       0.000000000000e+00       7.503571573074e-16       1.500354240934e-17       3.124822134378e-17 
 1683       5.098988989490e-11       2.240602439101e-12      -4.672153035364e-12       0.000000000000e+00       7.485659040370e-16       1.438885539684e-17       3.094760737540e-17 
 1684       5.107274047625e-11       2.221598910323e-12      -4.684785557171e-12       0.000000000000e+00       7.467799046053e-16       1.379363283859e-17       3.064690065243e-17 
 1685       5.115611156244e-11       2.202527374720e-12      -4.696263897070e-12       0.000000000000e+00       7.449991372614e-16       1.321823472342e-17       3.034628882503e-17 
 1686       5.123990759331e-11       2.183394751939e-12      -4.706581815435e-12       0.000000000000e+00       7.432235800374e-16       1.266302248976e-17       3.004596042894e-17 
 1687       5.132403254955e-11       2.164207994905e-12      -4.715733057844e-12       0.000000000000e+00       7.414532107477e-16       1.212835902770e-17       2.974610488682e-17 
 1688       5.140838995207e-11       2.144974089876e-12      -4.723711355062e-12       0.000000000000e+00       7.396880069888e-16       1.161460868099e-17       2.944691250951e-17 
 1689       5.149288286130e-11       2.125700056487e-12      -4.730510423028e-12       0.000000000000e+00       7.379279461389e-16       1.112213724902e-17       2.914857449740e-17 
 1690       5.157741387647e-11       2.106392947804e-12      -4.736123962840e-12       0.000000000000e+00       7.361730053575e-16       1.065131198890e-17       2.885128294166e-17 
 1691       5.166189148964e-11       2.087059567109e-12      -4.740548481252e-12       0.000000000000e+00       7.344231633277e-16       1.020232764506e-17       2.855519399623e-17 
 1692       5.174624920910e-11       2.067705615487e-12      -4.743791778870e-12       0.000000000000e+00       7.326784055007e-16       9.774682888024e-18       2.826031704245e-17 
 1693       5.183042660003e-11       2.048336536964e-12      -4.745864535371e-12       0.000000000000e+00       7.309387188957e-16       9.367699349628e-18       2.796662456804e-17 
 1694       5.191436294448e-11       2.028957801136e-12      -4.746777495759e-12       0.000000000000e+00       7.292040903615e-16       8.980695178943e-18       2.767408890917e-17 
 1695       5.199799724092e-11       2.009574903204e-12      -4.746541470468e-12       0.000000000000e+00       7.274745065755e-16       8.612985037008e-18       2.738268225025e-17 
 1696       5.208126820386e-11       1.990193364016e-12      -4.745167335472e-12       0.000000000000e+00       7.257499540441e-16       8.263880091545e-18       2.709237662371e-17 
 1697       5.216411426339e-11       1.970818730099e-12      -4.742666032380e-12       0.000000000000e+00       7.240304191019e-16       7.932688011687e-18       2.680314390972e-17 
 1698       5.224647356479e-11       1.951456573703e-12      -4.739048568547e-12       0.000000000000e+00       7.223158879115e-16       7.618712962692e-18       2.651495583600e-17 
 1699       5.232828396809e-11       1.932112492832e-12      -4.734326017174e-12       0.000000000000e+00       7.206063464632e-16       7.321255600670e-18       2.622778397754e-17 
 1700       5.240948304771e-11       1.912792111287e-12      -4.728509517412e-12       0.000000000000e+00       7.189017805748e-16       7.039613067304e-18       2.594159975642e-17 
 1701       5.249000809196e-11       1.893501078700e-12      -4.721610274466e-12       0.000000000000e+00       7.172021758911e-16       6.773078984568e-18       2.565637444151e-17 
 1702       5.256979610270e-11       1.874245070572e-12      -4.713639559701e-12       0.000000000000e+00       7.155075178835e-16       6.520943449453e-18       2.537207914828e-17 
 1703       5.264878379487e-11       1.855029788314e-12      -4.704608710740e-12       0.000000000000e+00       7.138177918501e-16       6.282493028686e-18       2.508868483856e-17 
 1704       5.272690759610e-11       1.835860959279e-12      -4.694529131576e-12       0.000000000000e+00       7.121329829150e-16       6.057010753451e-18       2.480616232028e-17 
 1705       5.280410364630e-11       1.816744336804e-12      -4.683412292668e-12       0.000000000000e+00       7.104530760279e-16       5.843776114112e-18       2.452448224725e-17 
 1706       5.288030779722e-11       1.797685700246e-12      -4.671269731048e-12       0.000000000000e+00       7.087780559642e-16       5.642065054934e-18       2.424361511892e-17 
 1707       5.295545561205e-11       1.778690855019e-12      -4.658113050425e-12       0.000000000000e+00       7.071079073245e-16       5.451149968806e-18       2.396353128016e-17 
 1708       5.302948236498e-11       1.759765632632e-12      -4.643953921289e-12       0.000000000000e+00       7.054426145341e-16       5.270299691958e-18       2.368420092100e-17 
 1709       5.310232304082e-11       1.740915890728e-12      -4.628804081013e-12       0.000000000000e+00       7.037821618428e-16       5.098779498688e-18       2.340559407641e-17 
 1710       5.317391233457e-11       1.722147513117e-12      -4.612675333958e-12       0.000000000000e+00       7.021265333247e-16       4.935851096081e-18       2.312768062606e-17 
 1711       5.324418465098e-11       1.703466409821e-12      -4.595579551577e-12       0.000000000000e+00       7.004757128776e-16       4.780772618730e-18       2.285043029408e-17 
 1712       5.331307410416e-11       1.684878517104e-12      -4.577528672517e-12       0.000000000000e+00       6.988296842233e-16       4.632798623457e-18       2.257381264883e-17 
 1713       5.338051451716e-11       1.666389797515e-12      -4.558534702724e-12       0.000000000000e+00       6.971884309062e-16       4.491180084039e-18       2.229779710265e-17 
 1714       5.344643942155e-11       1.648006239922e-12      -4.538609715548e-12       0.000000000000e+00       6.955519362942e-16       4.355164385923e-18       2.202235291166e-17 
 1715       5.351078205698e-11       1.629733859550e-12      -4.517765851844e-12       0.000000000000e+00       6.939201835776e-16       4.223995320952e-18       2.174744917548e-17 
 1716       5.357347537081e-11       1.611578698023e-12      -4.496015320078e-12       0.000000000000e+00       6.922931557688e-16       4.096913082086e-18       2.147305483703e-17 
 1717       5.363445201767e-11       1.593546823395e-12      -4.473370396427e-12       0.000000000000e+00       6.906708357024e-16       3.973154258121e-18       2.119913868227e-17 
 1718       5.369364435902e-11       1.575644330192e-12      -4.449843424889e-12       0.000000000000e+00       6.890532060346e-16       3.851951828414e-18       2.092566933997e-17 
 1719       5.375098446278e-11       1.557877339447e-12      -4.425446817381e-12       0.000000000000e+00       6.874402492430e-16       3.732535157602e-18       2.065261528147e-17 
 1720       5.380640410287e-11       1.540251998740e-12      -4.400193053846e-12       0.000000000000e+00       6.858319476260e-16       3.614129990325e-18       2.037994482048e-17 
 1721       5.385983475882e-11       1.522774482234e-12      -4.374094682354e-12       0.000000000000e+00       6.842282833030e-16       3.495958445946e-18       2.010762611279e-17 
 1722       5.391120761536e-11       1.505450990712e-12      -4.347164319209e-12       0.000000000000e+00       6.826292382134e-16       3.377239013275e-18       1.983562715606e-17 
 1723       5.396045356196e-11       1.488287751616e-12      -4.319414649051e-12       0.000000000000e+00       6.810347941171e-16       3.257186545286e-18       1.956391578960e-17 
 1724       5.400750319246e-11       1.471291019084e-12      -4.290858424958e-12       0.000000000000e+00       6.794449325934e-16       3.135012253845e-18       1.929245969410e-17 
 1725       5.405228680465e-11       1.454467073987e-12      -4.261508468553e-12       0.000000000000e+00       6.778596350412e-16       3.009923704426e-18       1.902122639143e-17 
 1726       5.409473439982e-11       1.437822223968e-12      -4.231377670105e-12       0.000000000000e+00       6.762788826783e-16       2.881124810835e-18       1.875018324436e-17 
 1727       5.413477568237e-11       1.421362803478e-12      -4.200478988636e-12       0.000000000000e+00       6.747026565416e-16       2.747815829931e-18       1.847929745639e-17 
 1728       5.417234005938e-11       1.405095173814e-12      -4.168825452020e-12       0.000000000000e+00       6.731309374861e-16       2.609193356347e-18       1.820853607143e-17 
 1729       5.420735664022e-11       1.389025723156e-12      -4.136430157091e-12       0.000000000000e+00       6.715637061854e-16       2.464450317213e-18       1.793786597365e-17 
 1730       5.423975423608e-11       1.373160866606e-12      -4.103306269745e-12       0.000000000000e+00       6.700009431305e-16       2.312775966876e-18       1.766725388716e-17 
 1731       5.426947166544e-11       1.357506304953e-12      -4.069467842911e-12       0.000000000000e+00       6.684426301005e-16       2.153670714363e-18       1.739666439202e-17 
 1732       5.429648876638e-11       1.342064794034e-12      -4.034932277827e-12       0.000000000000e+00       6.668887545868e-16       1.987893526388e-18       1.712605395408e-17 
 1733       5.432079564554e-11       1.326838356592e-12      -3.999717883776e-12       0.000000000000e+00       6.653393054054e-16       1.816522522136e-18       1.685537684415e-17 
 1734       5.434238239611e-11       1.311829021845e-12      -3.963843062243e-12       0.000000000000e+00       6.637942712297e-16       1.640640874737e-18       1.658458711697e-17 
 1735       5.436123909782e-11       1.297038825493e-12      -3.927326307052e-12       0.000000000000e+00       6.622536405904e-16       1.461336818589e-18       1.631363861089e-17 
 1736       5.437735581693e-11       1.282469809728e-12      -3.890186204499e-12       0.000000000000e+00       6.607174018750e-16       1.279703656673e-18       1.604248494754e-17 
 1737       5.439072260622e-11       1.268124023238e-12      -3.852441433497e-12       0.000000000000e+00       6.591855433275e-16       1.096839767887e-18       1.577107953151e-17 
 1738       5.440132950501e-11       1.254003521218e-12      -3.814110765701e-12       0.000000000000e+00       6.576580530484e-16       9.138486143596e-19       1.549937555007e-17 
 1739       5.440916653915e-11       1.240110365378e-12      -3.775213065653e-12       0.000000000000e+00       6.561349189944e-16       7.318387487780e-19       1.522732597281e-17 
 1740       5.441422372098e-11       1.226446623949e-12      -3.735767290916e-12       0.000000000000e+00       6.546161289780e-16       5.519238217094e-19       1.495488355135e-17 
 1741       5.441649104938e-11       1.213014371692e-12      -3.695792492209e-12       0.000000000000e+00       6.531016706671e-16       3.752225889233e-19       1.468200081903e-17 
 1742       5.441595850971e-11       1.199815689907e-12      -3.655307813545e-12       0.000000000000e+00       6.515915315852e-16       2.028589187155e-19       1.440863009058e-17 
 1743       5.441261607387e-11       1.186852666437e-12      -3.614332492368e-12       0.000000000000e+00       6.500856991107e-16       3.596179922979e-20       1.413472346181e-17 
 1744       5.440645370022e-11       1.174127395680e-12      -3.572885859685e-12       0.000000000000e+00       6.485841604770e-16      -1.243346542184e-19       1.386023280930e-17 
 1745       5.439746133366e-11       1.161641978597e-12      -3.530987340211e-12       0.000000000000e+00       6.470869027718e-16      -2.768911918193e-19       1.358510979007e-17 
 1746       5.438562890556e-11       1.149398522715e-12      -3.488656452497e-12       0.000000000000e+00       6.455939129372e-16      -4.205634219464e-19       1.330930584128e-17 
 1747       5.437094633377e-11       1.137399142140e-12      -3.445912809070e-12       0.000000000000e+00       6.441051777696e-16      -5.542018038329e-19       1.303277217991e-17 
 1748       5.435340352265e-11       1.125645957564e-12      -3.402776116570e-12       0.000000000000e+00       6.426206839187e-16      -6.766516402495e-19       1.275545980245e-17 
 1749       5.433299036302e-11       1.114141096270e-12      -3.359266175886e-12       0.000000000000e+00       6.411404178880e-16      -7.867530701811e-19       1.247731948456e-17 
 1750       5.430969673218e-11       1.102886692142e-12      -3.315402882292e-12       0.000000000000e+00       6.396643660344e-16      -8.833410615042e-19       1.219830178080e-17 
 1751       5.428351249390e-11       1.091884885673e-12      -3.271206225584e-12       0.000000000000e+00       6.381925145674e-16      -9.652454036640e-19       1.191835702427e-17 
 1752       5.425442749844e-11       1.081137823974e-12      -3.226696290215e-12       0.000000000000e+00       6.367248495496e-16      -1.031290700351e-18       1.163743532632e-17 
 1753       5.422243158251e-11       1.070647660778e-12      -3.181893255433e-12       0.000000000000e+00       6.352613568959e-16      -1.080296362180e-18       1.135548657622e-17 
 1754       5.418751456926e-11       1.060416556452e-12      -3.136817395417e-12       0.000000000000e+00       6.338020223734e-16      -1.111076599365e-18       1.107246044087e-17 
 1755       5.414966626833e-11       1.050446678003e-12      -3.091489079415e-12       0.000000000000e+00       6.323468316012e-16      -1.122440414397e-18       1.078830636445e-17 
 1756       5.410887647579e-11       1.040740199085e-12      -3.045928771876e-12       0.000000000000e+00       6.308957700502e-16      -1.113191594721e-18       1.050297356812e-17 
 1757       5.406513497417e-11       1.031299300009e-12      -3.000157032591e-12       0.000000000000e+00       6.294488230427e-16      -1.082128705416e-18       1.021641104973e-17 
 1758       5.401843153244e-11       1.022126167749e-12      -2.954194516829e-12       0.000000000000e+00       6.280059757519e-16      -1.028045081867e-18       9.928567583466e-18 
 1759       5.396875590601e-11       1.013222995953e-12      -2.908061975470e-12       0.000000000000e+00       6.265672132023e-16      -9.497288224461e-19       9.639391719551e-18 
 1760       5.391609783672e-11       1.004591984946e-12      -2.861780255145e-12       0.000000000000e+00       6.251325202689e-16      -8.459627811884e-19       9.348831783930e-18 
 1761       5.386044705285e-11       9.962353417411e-13      -2.815370298370e-12       0.000000000000e+00       6.237018816772e-16      -7.155245604692e-19       9.056835877958e-18 
 1762       5.380179326911e-11       9.881552800474e-13      -2.768853143686e-12       0.000000000000e+00       6.222752820026e-16      -5.571865036808e-19       8.763351878078e-18 
 1763       5.374012618662e-11       9.803540202769e-13      -2.722249925791e-12       0.000000000000e+00       6.208527056706e-16      -3.697156879102e-19       8.468327435510e-18 
 1764       5.367543549293e-11       9.728337895529e-13      -2.675581875679e-12       0.000000000000e+00       6.194341369563e-16      -1.518739166161e-19       8.171709975933e-18 
 1765       5.360771086201e-11       9.655968217176e-13      -2.628870320777e-12       0.000000000000e+00       6.180195599840e-16       9.758228769410e-20       7.873446699174e-18 
 1766       5.353694195423e-11       9.586453573402e-13      -2.582136685078e-12       0.000000000000e+00       6.166089587274e-16       3.799016907872e-19       7.573484578887e-18 
 1767       5.346311841638e-11       9.519816437246e-13      -2.535402489282e-12       0.000000000000e+00       6.152023170087e-16       6.963383540266e-19       7.271770362244e-18 
 1768       5.338622988163e-11       9.456079349175e-13      -2.488689350930e-12       0.000000000000e+00       6.137996184990e-16       1.048151641696e-18       6.968250569615e-18 
 1769       5.330626596958e-11       9.395264917160e-13      -2.442018984541e-12       0.000000000000e+00       6.124008467174e-16       1.436606228321e-18       6.662871494255e-18 
 1770       5.322321628621e-11       9.337395816757e-13      -2.395413201747e-12       0.000000000000e+00       6.110059850314e-16       1.862972105993e-18       6.355579201986e-18 
 1771       5.313707816722e-11       9.282487596811e-13      -2.348892590231e-12       0.000000000000e+00       6.096150178654e-16       2.328069858310e-18       6.046354190227e-18 
 1772       5.304787997800e-11       9.230527031406e-13      -2.302472538323e-12       0.000000000000e+00       6.082279343391e-16       2.830902359285e-18       5.735315678817e-18 
 1773       5.295565800618e-11       9.181493589207e-13      -2.256167177827e-12       0.000000000000e+00       6.068447246590e-16       3.370011783535e-18       5.422618180254e-18 
 1774       5.286044873603e-11       9.135366611403e-13      -2.209990702328e-12       0.000000000000e+00       6.054653789113e-16       3.943933303402e-18       5.108416919587e-18 
 1775       5.276228884879e-11       9.092125311506e-13      -2.163957367277e-12       0.000000000000e+00       6.040898870620e-16       4.551195078884e-18       4.792867835419e-18 
 1776       5.266121522296e-11       9.051748775161e-13      -2.118081490077e-12       0.000000000000e+00       6.027182389564e-16       5.190318247573e-18       4.476127580922e-18 
 1777       5.255726493457e-11       9.014215959949e-13      -2.072377450171e-12       0.000000000000e+00       6.013504243192e-16       5.859816914590e-18       4.158353524846e-18 
 1778       5.245047525746e-11       8.979505695185e-13      -2.026859689125e-12       0.000000000000e+00       5.999864327539e-16       6.558198142514e-18       3.839703752528e-18 
 1779       5.234088366363e-11       8.947596681728e-13      -1.981542710713e-12       0.000000000000e+00       5.986262537430e-16       7.283961941326e-18       3.520337066903e-18 
 1780       5.222852782347e-11       8.918467491781e-13      -1.936441081008e-12       0.000000000000e+00       5.972698766475e-16       8.035601258334e-18       3.200412989513e-18 
 1781       5.211344560609e-11       8.892096568698e-13      -1.891569428464e-12       0.000000000000e+00       5.959172907066e-16       8.811601968115e-18       2.880091761520e-18 
 1782       5.199567507960e-11       8.868462226785e-13      -1.846942444002e-12       0.000000000000e+00       5.945684850380e-16       9.610442862444e-18       2.559534344712e-18 
 1783       5.187525451139e-11       8.847542651102e-13      -1.802574881097e-12       0.000000000000e+00       5.932234486370e-16       1.043059564023e-17       2.238902422517e-18 
 1784       5.175222236844e-11       8.829315897274e-13      -1.758481555865e-12       0.000000000000e+00       5.918821703769e-16       1.127052489746e-17       1.918358401008e-18 
 1785       5.162661731762e-11       8.813759891285e-13      -1.714677347146e-12       0.000000000000e+00       5.905446390084e-16       1.212868811712e-17       1.598065409921e-18 
 1786       5.149847822595e-11       8.800852429291e-13      -1.671177196592e-12       0.000000000000e+00       5.892108431595e-16       1.300353565913e-17       1.278187303656e-18 
 1787       5.136784416091e-11       8.790571177417e-13      -1.627996108753e-12       0.000000000000e+00       5.878807713354e-16       1.389351075028e-17       9.588886622936e-19 
 1788       5.123475439074e-11       8.782893671562e-13      -1.585149151163e-12       0.000000000000e+00       5.865544119178e-16       1.479704947420e-17       6.403347926035e-19 
 1789       5.109924838472e-11       8.777797317208e-13      -1.542651454423e-12       0.000000000000e+00       5.852317531657e-16       1.571258076121e-17       3.226917290528e-19 
 1790       5.096136581348e-11       8.775259389216e-13      -1.500518212292e-12       0.000000000000e+00       5.839127832139e-16       1.663852637836e-17       6.126234818113e-21 
 1791       5.082114654925e-11       8.775257031633e-13      -1.458764681769e-12       0.000000000000e+00       5.825974900739e-16       1.757330091927e-17      -3.091941972055e-19 
 1792       5.067863066621e-11       8.777767257500e-13      -1.417406183180e-12       0.000000000000e+00       5.812858616331e-16       1.851531179414e-17      -6.231013433937e-19 
 1793       5.053385844072e-11       8.782766948647e-13      -1.376458100264e-12       0.000000000000e+00       5.799778856545e-16       1.946295921962e-17      -9.354262483835e-19 
 1794       5.038687035168e-11       8.790232855504e-13      -1.335935880259e-12       0.000000000000e+00       5.786735497770e-16       2.041463620881e-17      -1.245999224062e-18 
 1795       5.023770708075e-11       8.800141596903e-13      -1.295855033989e-12       0.000000000000e+00       5.773728415146e-16       2.136872856113e-17      -1.554649848559e-18 
 1796       5.008640951271e-11       8.812469659879e-13      -1.256231135949e-12       0.000000000000e+00       5.760757482568e-16       2.232361485230e-17      -1.861206965232e-18 
 1797       4.993301873570e-11       8.827193399477e-13      -1.217079824388e-12       0.000000000000e+00       5.747822572678e-16       2.327766642426e-17      -2.165498681662e-18 
 1798       4.977757604154e-11       8.844289038553e-13      -1.178416801402e-12       0.000000000000e+00       5.734923556866e-16       2.422924737509e-17      -2.467352368638e-18 
 1799       4.962012292601e-11       8.863732667580e-13      -1.140257833012e-12       0.000000000000e+00       5.722060305267e-16       2.517671454898e-17      -2.766594659152e-18 
 1800       4.946070108915e-11       8.885500244451e-13      -1.102618749255e-12       0.000000000000e+00       5.709232686760e-16       2.611841752614e-17      -3.063051447384e-18 
 1801       4.929935243554e-11       8.909567594282e-13      -1.065515444269e-12       0.000000000000e+00       5.696440568966e-16       2.705269861271e-17      -3.356547887697e-18 
 1802       4.913611907463e-11       8.935910409217e-13      -1.028963876378e-12       0.000000000000e+00       5.683683818242e-16       2.797789283076e-17      -3.646908393620e-18 
 1803       4.897104332095e-11       8.964504248231e-13      -9.929800681789e-13       0.000000000000e+00       5.670962299683e-16       2.889232790816e-17      -3.933956636846e-18 
 1804       4.880416769450e-11       8.995324536932e-13      -9.575801066262e-13       0.000000000000e+00       5.658275877120e-16       2.979432426856e-17      -4.217515546216e-18 
 1805       4.863553492098e-11       9.028346567368e-13      -9.227801431193e-13       0.000000000000e+00       5.645624413116e-16       3.068219502130e-17      -4.497407306712e-18 
 1806       4.846518793209e-11       9.063545497830e-13      -8.885963935873e-13       0.000000000000e+00       5.633007768962e-16       3.155424595134e-17      -4.773453358444e-18 
 1807       4.829316986585e-11       9.100896352653e-13      -8.550451385758e-13       0.000000000000e+00       5.620425804680e-16       3.240877550923e-17      -5.045474395644e-18 
 1808       4.811952406686e-11       9.140374022022e-13      -8.221427233325e-13       0.000000000000e+00       5.607878379018e-16       3.324407480099e-17      -5.313290365651e-18 
 1809       4.794429408659e-11       9.181953261776e-13      -7.899055578928e-13       0.000000000000e+00       5.595365349445e-16       3.405842757811e-17      -5.576720467907e-18 
 1810       4.776752368372e-11       9.225608693211e-13      -7.583501171664e-13       0.000000000000e+00       5.582886572155e-16       3.485011022741e-17      -5.835583152940e-18 
 1811       4.758925817261e-11       9.271311891557e-13      -7.274906044114e-13       0.000000000000e+00       5.570441912451e-16       3.561783765009e-17      -6.089740343811e-18 
 1812       4.740954848026e-11       9.319022626082e-13      -6.973319208433e-13       0.000000000000e+00       5.558031275998e-16       3.636210485817e-17      -6.339230493157e-18 
 1813       4.722844712273e-11       9.368697548816e-13      -6.678766393895e-13       0.000000000000e+00       5.545654577823e-16       3.708385619851e-17      -6.584136599281e-18 
 1814       4.704600686025e-11       9.420293099144e-13      -6.391273361442e-13       0.000000000000e+00       5.533311731938e-16       3.778404045409e-17      -6.824542081902e-18 
 1815       4.686228069750e-11       9.473765503513e-13      -6.110865903691e-13       0.000000000000e+00       5.521002651346e-16       3.846361085019e-17      -7.060530782761e-18 
 1816       4.667732188404e-11       9.529070775119e-13      -5.837569844936e-13       0.000000000000e+00       5.508727248033e-16       3.912352506067e-17      -7.292186966230e-18 
 1817       4.649118391456e-11       9.586164713611e-13      -5.571411041155e-13       0.000000000000e+00       5.496485432970e-16       3.976474521421e-17      -7.519595319916e-18 
 1818       4.630392052929e-11       9.645002904786e-13      -5.312415380014e-13       0.000000000000e+00       5.484277116110e-16       4.038823790052e-17      -7.742840955270e-18 
 1819       4.611558571430e-11       9.705540720286e-13      -5.060608780873e-13       0.000000000000e+00       5.472102206387e-16       4.099497417661e-17      -7.962009408196e-18 
 1820       4.592623370187e-11       9.767733317296e-13      -4.816017194790e-13       0.000000000000e+00       5.459960611713e-16       4.158592957300e-17      -8.177186639653e-18 
 1821       4.573591897079e-11       9.831535638241e-13      -4.578666604524e-13       0.000000000000e+00       5.447852238976e-16       4.216208409999e-17      -8.388459036267e-18 
 1822       4.554469624677e-11       9.896902410482e-13      -4.348583024543e-13       0.000000000000e+00       5.435776994042e-16       4.272442225390e-17      -8.595913410936e-18 
 1823       4.535262050271e-11       9.963788146015e-13      -4.125792501029e-13       0.000000000000e+00       5.423734781747e-16       4.327393302328e-17      -8.799637003434e-18 
 1824       4.515974695908e-11       1.003214714117e-12      -3.910321111878e-13       0.000000000000e+00       5.411725505900e-16       4.381160989518e-17      -8.999717481026e-18 
 1825       4.496613108425e-11       1.010193347630e-12      -3.702194966712e-13       0.000000000000e+00       5.399749069282e-16       4.433845086136e-17      -9.196242939066e-18 
 1826       4.477182859484e-11       1.017310101550e-12      -3.501440206878e-13       0.000000000000e+00       5.387805373638e-16       4.485545842456e-17      -9.389301901610e-18 
 1827       4.457689545604e-11       1.024560340626e-12      -3.308083005454e-13       0.000000000000e+00       5.375894319683e-16       4.536363960474e-17      -9.578983322021e-18 
 1828       4.438138788200e-11       1.031939407922e-12      -3.122149567259e-13       0.000000000000e+00       5.364015807095e-16       4.586400594530e-17      -9.765376583576e-18 
 1829       4.418536233610e-11       1.039442624782e-12      -2.943666128849e-13       0.000000000000e+00       5.352169734514e-16       4.635757351930e-17      -9.948571500074e-18 
 1830       4.398887553136e-11       1.047065290802e-12      -2.772658958530e-13       0.000000000000e+00       5.340355999544e-16       4.684536293577e-17      -1.012865831644e-17 
 1831       4.379198443072e-11       1.054802683800e-12      -2.609154356357e-13       0.000000000000e+00       5.328574498745e-16       4.732839934589e-17      -1.030572770934e-17 
 1832       4.359474624744e-11       1.062650059784e-12      -2.453178654144e-13       0.000000000000e+00       5.316825127637e-16       4.780771244924e-17      -1.047987078778e-17 
 1833       4.339721844541e-11       1.070602652923e-12      -2.304758215464e-13       0.000000000000e+00       5.305107780695e-16       4.828433650006e-17      -1.065117909371e-17 
 1834       4.319945873947e-11       1.078655675516e-12      -2.163919435657e-13       0.000000000000e+00       5.293422351347e-16       4.875931031347e-17      -1.081974460264e-17 
 1835       4.300152509580e-11       1.086804317963e-12      -2.030688741833e-13       0.000000000000e+00       5.281768731975e-16       4.923367727172e-17      -1.098565972425e-17 
 1836       4.280347573223e-11       1.095043748734e-12      -1.905092592880e-13       0.000000000000e+00       5.270146813912e-16       4.970848533044e-17      -1.114901730298e-17 
 1837       4.260536911860e-11       1.103369114337e-12      -1.787157479464e-13       0.000000000000e+00       5.258556487438e-16       5.018478702486e-17      -1.130991061866e-17 
 1838       4.240726397707e-11       1.111775539291e-12      -1.676909924038e-13       0.000000000000e+00       5.246997641781e-16       5.066363947603e-17      -1.146843338709e-17 
 1839       4.220921928249e-11       1.120258126094e-12      -1.574376480846e-13       0.000000000000e+00       5.235470165114e-16       5.114610439715e-17      -1.162467976068e-17 
 1840       4.201129426273e-11       1.128811955193e-12      -1.479583735925e-13       0.000000000000e+00       5.223973944554e-16       5.163324809968e-17      -1.177874432901e-17 
 1841       4.181354839904e-11       1.137432084950e-12      -1.392558307115e-13       0.000000000000e+00       5.212508866160e-16       5.212614149969e-17      -1.193072211950e-17 
 1842       4.161604142635e-11       1.146113551621e-12      -1.313326844058e-13       0.000000000000e+00       5.201074814930e-16       5.262586012406e-17      -1.208070859797e-17 
 1843       4.141883333366e-11       1.154851369316e-12      -1.241916028208e-13       0.000000000000e+00       5.189671674802e-16       5.313348411669e-17      -1.222879966925e-17 
 1844       4.122198436434e-11       1.163640529973e-12      -1.178352572833e-13       0.000000000000e+00       5.178299328649e-16       5.365009824479e-17      -1.237509167780e-17 
 1845       4.102555501650e-11       1.172476003329e-12      -1.122663223020e-13       0.000000000000e+00       5.166957658279e-16       5.417679190508e-17      -1.251968140832e-17 
 1846       4.082960604332e-11       1.181352736887e-12      -1.074874755682e-13       0.000000000000e+00       5.155646544434e-16       5.471465913008e-17      -1.266266608636e-17 
 1847       4.063419845339e-11       1.190265655887e-12      -1.035013979559e-13       0.000000000000e+00       5.144365866786e-16       5.526479859429e-17      -1.280414337890e-17 
 1848       4.043939351104e-11       1.199209663277e-12      -1.003107735228e-13       0.000000000000e+00       5.133115503938e-16       5.582831362045e-17      -1.294421139499e-17 
 1849       4.024525273672e-11       1.208179639678e-12      -9.791828951015e-14       0.000000000000e+00       5.121895333419e-16       5.640631218583e-17      -1.308296868633e-17 
 1850       4.005183790729e-11       1.217170443361e-12      -9.632663634391e-14       0.000000000000e+00       5.110705231686e-16       5.699990692838e-17      -1.322051424789e-17 
 1851       3.985920647868e-11       1.226177139237e-12      -9.553663466801e-14       0.000000000000e+00       5.099545082870e-16       5.760987734127e-17      -1.335692065635e-17 
 1852       3.966739781341e-11       1.235195687889e-12      -9.554160025506e-14       0.000000000000e+00       5.088414805103e-16       5.823565342376e-17      -1.349215325188e-17 
 1853       3.947644684481e-11       1.244222261931e-12      -9.633293454512e-14       0.000000000000e+00       5.077314324395e-16       5.887632400736e-17      -1.362615031861e-17 
 1854       3.928638864511e-11       1.253253017451e-12      -9.790199350312e-14       0.000000000000e+00       5.066243565905e-16       5.953097383259e-17      -1.375884988848e-17 
 1855       3.909725842559e-11       1.262284093991e-12      -1.002400875538e-13       0.000000000000e+00       5.055202453936e-16       6.019868354341e-17      -1.389018974086e-17 
 1856       3.890909153673e-11       1.271311614523e-12      -1.033384815168e-13       0.000000000000e+00       5.044190911933e-16       6.087852968164e-17      -1.402010740226e-17 
 1857       3.872192346844e-11       1.280331685427e-12      -1.071883945413e-13       0.000000000000e+00       5.033208862484e-16       6.156958468138e-17      -1.414854014598e-17 
 1858       3.853578985022e-11       1.289340396472e-12      -1.117810000410e-13       0.000000000000e+00       5.022256227319e-16       6.227091686337e-17      -1.427542499177e-17 
 1859       3.835072645135e-11       1.298333820788e-12      -1.171074256293e-13       0.000000000000e+00       5.011332927304e-16       6.298159042947e-17      -1.440069870553e-17 
 1860       3.816676918106e-11       1.307308014847e-12      -1.231587530538e-13       0.000000000000e+00       5.000438882447e-16       6.370066545707e-17      -1.452429779894e-17 
 1861       3.798395408869e-11       1.316259018443e-12      -1.299260181318e-13       0.000000000000e+00       4.989574011888e-16       6.442719789345e-17      -1.464615852914e-17 
 1862       3.780231736393e-11       1.325182854665e-12      -1.374002106847e-13       0.000000000000e+00       4.978738233903e-16       6.516023955026e-17      -1.476621689838e-17 
 1863       3.762189533695e-11       1.334075529876e-12      -1.455722744729e-13       0.000000000000e+00       4.967931465904e-16       6.589883809787e-17      -1.488440865374e-17 
 1864       3.744272447861e-11       1.342933033696e-12      -1.544331071313e-13       0.000000000000e+00       4.957153624431e-16       6.664203705986e-17      -1.500066928672e-17 
 1865       3.726484140061e-11       1.351751338970e-12      -1.639735601036e-13       0.000000000000e+00       4.946404625157e-16       6.738887580737e-17      -1.511493403299e-17 
 1866       3.708828285571e-11       1.360526401756e-12      -1.741844385777e-13       0.000000000000e+00       4.935684382882e-16       6.813838955354e-17      -1.522713787197e-17 
 1867       3.691308573788e-11       1.369254161294e-12      -1.850565014200e-13       0.000000000000e+00       4.924992811536e-16       6.888960934794e-17      -1.533721552656e-17 
 1868       3.673928708249e-11       1.377930539991e-12      -1.965804611112e-13       0.000000000000e+00       4.914329824173e-16       6.964156207095e-17      -1.544510146280e-17 
 1869       3.656692406651e-11       1.386551443394e-12      -2.087469836805e-13       0.000000000000e+00       4.903695332974e-16       7.039327042820e-17      -1.555072988950e-17 
 1870       3.639603400866e-11       1.395112760168e-12      -2.215466886406e-13       0.000000000000e+00       4.893089249239e-16       7.114375294499e-17      -1.565403475795e-17 
 1871       3.622665436961e-11       1.403610362076e-12      -2.349701489231e-13       0.000000000000e+00       4.882511483394e-16       7.189202396068e-17      -1.575494976155e-17 
 1872       3.605882275215e-11       1.412040103957e-12      -2.490078908130e-13       0.000000000000e+00       4.871961944984e-16       7.263709362313e-17      -1.585340833550e-17 
 1873       3.589257690139e-11       1.420397823701e-12      -2.636503938836e-13       0.000000000000e+00       4.861440542672e-16       7.337796788309e-17      -1.594934365647e-17 
 1874       3.572795470492e-11       1.428679342227e-12      -2.788880909317e-13       0.000000000000e+00       4.850947184238e-16       7.411364848863e-17      -1.604268864225e-17 
 1875       3.556499419301e-11       1.436880463465e-12      -2.947113679124e-13       0.000000000000e+00       4.840481776581e-16       7.484313297956e-17      -1.613337595142e-17 
 1876       3.540373353877e-11       1.444996974327e-12      -3.111105638739e-13       0.000000000000e+00       4.830044225710e-16       7.556541468184e-17      -1.622133798302e-17 
 1877       3.524421105834e-11       1.453024644691e-12      -3.280759708926e-13       0.000000000000e+00       4.819634436752e-16       7.627948270198e-17      -1.630650687624e-17 
 1878       3.508646521109e-11       1.460959227376e-12      -3.455978340078e-13       0.000000000000e+00       4.809252313941e-16       7.698432192148e-17      -1.638881451003e-17 
 1879       3.493053459977e-11       1.468796458118e-12      -3.636663511569e-13       0.000000000000e+00       4.798897760624e-16       7.767891299121e-17      -1.646819250282e-17 
 1880       3.477645797071e-11       1.476532055552e-12      -3.822716731102e-13       0.000000000000e+00       4.788570679256e-16       7.836223232588e-17      -1.654457221217e-17 
 1881       3.462427421400e-11       1.484161721185e-12      -4.014039034058e-13       0.000000000000e+00       4.778270971399e-16       7.903325209839e-17      -1.661788473442e-17 
 1882       3.447402236366e-11       1.491681139378e-12      -4.210530982844e-13       0.000000000000e+00       4.767998537722e-16       7.969094023430e-17      -1.668806090440e-17 
 1883       3.432574159783e-11       1.499085977320e-12      -4.412092666246e-13       0.000000000000e+00       4.757753277996e-16       8.033426040620e-17      -1.675503129503e-17 
 1884       3.417947123895e-11       1.506371885010e-12      -4.618623698773e-13       0.000000000000e+00       4.747535091098e-16       8.096217202816e-17      -1.681872621705e-17 
 1885       3.403525075396e-11       1.513534495231e-12      -4.830023220012e-13       0.000000000000e+00       4.737343875003e-16       8.157363025014e-17      -1.687907571866e-17 
 1886       3.389311975443e-11       1.520569423528e-12      -5.046189893971e-13       0.000000000000e+00       4.727179526789e-16       8.216758595236e-17      -1.693600958517e-17 
 1887       3.375311799679e-11       1.527472268189e-12      -5.267021908434e-13       0.000000000000e+00       4.717041942631e-16       8.274298573979e-17      -1.698945733872e-17 
 1888       3.361528538249e-11       1.534238610218e-12      -5.492416974307e-13       0.000000000000e+00       4.706931017802e-16       8.329877193650e-17      -1.703934823786e-17 
 1889       3.347966195820e-11       1.540864013318e-12      -5.722272324968e-13       0.000000000000e+00       4.696846646671e-16       8.383388258011e-17      -1.708561127732e-17 
 1890       3.334628791595e-11       1.547344023864e-12      -5.956484715615e-13       0.000000000000e+00       4.686788722698e-16       8.434725141619e-17      -1.712817518760e-17 
 1891       3.321519682322e-11       1.553674711559e-12      -6.194946175248e-13       0.000000000000e+00       4.676757145902e-16       8.483810601276e-17      -1.716699379457e-17 
 1892       3.308639525537e-11       1.559854296002e-12      -6.437531227965e-13       0.000000000000e+00       4.666751845297e-16       8.530686463738e-17      -1.720212231350e-17 
 1893       3.295988300592e-11       1.565881532664e-12      -6.684109571471e-13       0.000000000000e+00       4.656772756622e-16       8.575424631006e-17      -1.723364164482e-17 
 1894       3.283565984235e-11       1.571755173350e-12      -6.934550314676e-13       0.000000000000e+00       4.646819814897e-16       8.618097331772e-17      -1.726163306833e-17 
 1895       3.271372550600e-11       1.577473966197e-12      -7.188721976905e-13       0.000000000000e+00       4.636892954415e-16       8.658777121864e-17      -1.728617824373e-17 
 1896       3.259407971211e-11       1.583036655665e-12      -7.446492487099e-13       0.000000000000e+00       4.626992108747e-16       8.697536884680e-17      -1.730735921113e-17 
 1897       3.247672214968e-11       1.588441982539e-12      -7.707729183028e-13       0.000000000000e+00       4.617117210740e-16       8.734449831637e-17      -1.732525839155e-17 
 1898       3.236165248151e-11       1.593688683920e-12      -7.972298810495e-13       0.000000000000e+00       4.607268192511e-16       8.769589502604e-17      -1.733995858747e-17 
 1899       3.224887034408e-11       1.598775493226e-12      -8.240067522540e-13       0.000000000000e+00       4.597444985452e-16       8.803029766354e-17      -1.735154298332e-17 
 1900       3.213837534756e-11       1.603701140181e-12      -8.510900878652e-13       0.000000000000e+00       4.587647520224e-16       8.834844820994e-17      -1.736009514601e-17 
 1901       3.203016707572e-11       1.608464350817e-12      -8.784663843972e-13       0.000000000000e+00       4.577875726759e-16       8.865109194417e-17      -1.736569902545e-17 
 1902       3.192424508594e-11       1.613063847467e-12      -9.061220788504e-13       0.000000000000e+00       4.568129534258e-16       8.893897744733e-17      -1.736843895506e-17 
 1903       3.182060890909e-11       1.617498348762e-12      -9.340435486314e-13       0.000000000000e+00       4.558408871188e-16       8.921285660721e-17      -1.736839965227e-17 
 1904       3.171925804955e-11       1.621766569626e-12      -9.622171114744e-13       0.000000000000e+00       4.548713665283e-16       8.947348462262e-17      -1.736566621909e-17 
 1905       3.162019198512e-11       1.625867221271e-12      -9.906290253619e-13       0.000000000000e+00       4.539043843542e-16       8.972162000784e-17      -1.736032414257e-17 
 1906       3.152341016701e-11       1.629799011195e-12      -1.019265488445e-12       0.000000000000e+00       4.529399332229e-16       8.995802459702e-17      -1.735245929535e-17 
 1907       3.142891201977e-11       1.633560643178e-12      -1.048112638963e-12       0.000000000000e+00       4.519780056867e-16       9.018346354862e-17      -1.734215793617e-17 
 1908       3.133669694124e-11       1.637150817276e-12      -1.077156555167e-12       0.000000000000e+00       4.510185942245e-16       9.039870534980e-17      -1.732950671039e-17 
 1909       3.124676430252e-11       1.640568229816e-12      -1.106383255239e-12       0.000000000000e+00       4.500616912409e-16       9.060452182085e-17      -1.731459265048e-17 
 1910       3.115911344791e-11       1.643811573397e-12      -1.135778697210e-12       0.000000000000e+00       4.491072890666e-16       9.080168811956e-17      -1.729750317658e-17 
 1911       3.107374369489e-11       1.646879536879e-12      -1.165328778886e-12       0.000000000000e+00       4.481553799578e-16       9.099098274570e-17      -1.727832609701e-17 
 1912       3.099065433404e-11       1.649770805386e-12      -1.195019337764e-12       0.000000000000e+00       4.472059560967e-16       9.117318754540e-17      -1.725714960875e-17 
 1913       3.090984462902e-11       1.652484060294e-12      -1.224836150954e-12       0.000000000000e+00       4.462590095909e-16       9.134908771556e-17      -1.723406229799e-17 
 1914       3.083131381649e-11       1.655017979234e-12      -1.254764935102e-12       0.000000000000e+00       4.453145324734e-16       9.151947180825e-17      -1.720915314065e-17 
 1915       3.075506110613e-11       1.657371236085e-12      -1.284791346308e-12       0.000000000000e+00       4.443725167024e-16       9.168513173519e-17      -1.718251150288e-17 
 1916       3.068108568051e-11       1.659542500969e-12      -1.314900980046e-12       0.000000000000e+00       4.434329541616e-16       9.184686277206e-17      -1.715422714158e-17 
 1917       3.060938669511e-11       1.661530440247e-12      -1.345079371089e-12       0.000000000000e+00       4.424958366595e-16       9.200546356303e-17      -1.712439020493e-17 
 1918       3.053996327823e-11       1.663333716516e-12      -1.375311993424e-12       0.000000000000e+00       4.415611559295e-16       9.216173612506e-17      -1.709309123288e-17 
 1919       3.047281453100e-11       1.664950988607e-12      -1.405584260178e-12       0.000000000000e+00       4.406289036300e-16       9.231648585242e-17      -1.706042115772e-17 
 1920       3.040793952725e-11       1.666380911575e-12      -1.435881523534e-12       0.000000000000e+00       4.396990713442e-16       9.247052152100e-17      -1.702647130455e-17 
 1921       3.034533731355e-11       1.667622136699e-12      -1.466189074656e-12       0.000000000000e+00       4.387716505795e-16       9.262465529283e-17      -1.699133339178e-17 
 1922       3.028500690910e-11       1.668673311478e-12      -1.496492143605e-12       0.000000000000e+00       4.378466327681e-16       9.277970272040e-17      -1.695509953173e-17 
 1923       3.022694730573e-11       1.669533079626e-12      -1.526775899264e-12       0.000000000000e+00       4.369240092664e-16       9.293648275113e-17      -1.691786223105e-17 
 1924       3.017115746782e-11       1.670200081068e-12      -1.557025449256e-12       0.000000000000e+00       4.360037713552e-16       9.309581773177e-17      -1.687971439132e-17 
 1925       3.011763633228e-11       1.670672951934e-12      -1.587225839868e-12       0.000000000000e+00       4.350859102390e-16       9.325853341282e-17      -1.684074930951e-17 
 1926       3.006638280847e-11       1.670950324559e-12      -1.617362055965e-12       0.000000000000e+00       4.341704170468e-16       9.342545895292e-17      -1.680106067851e-17 
 1927       3.001739577820e-11       1.671030827475e-12      -1.647419020919e-12       0.000000000000e+00       4.332572828312e-16       9.359742692328e-17      -1.676074258768e-17 
 1928       2.997067409565e-11       1.670913085409e-12      -1.677381596522e-12       0.000000000000e+00       4.323464985684e-16       9.377527331211e-17      -1.671988952332e-17 
 1929       2.992621658733e-11       1.670595719277e-12      -1.707234582914e-12       0.000000000000e+00       4.314380551586e-16       9.395983752900e-17      -1.667859636922e-17 
 1930       2.988402205203e-11       1.670077346183e-12      -1.736962718496e-12       0.000000000000e+00       4.305319434251e-16       9.415196240936e-17      -1.663695840716e-17 
 1931       2.984408456420e-11       1.669357079496e-12      -1.766551697135e-12       0.000000000000e+00       4.296281547499e-16       9.435227426406e-17      -1.659504941340e-17 
 1932       2.980637934507e-11       1.668436033241e-12      -1.795991228335e-12       0.000000000000e+00       4.287266829829e-16       9.456052119698e-17      -1.655285576553e-17 
 1933       2.977087678437e-11       1.667315829102e-12      -1.825272000097e-12       0.000000000000e+00       4.278275225466e-16       9.477622978120e-17      -1.651034183724e-17 
 1934       2.973754712692e-11       1.665998097387e-12      -1.854384663707e-12       0.000000000000e+00       4.269306678024e-16       9.499892455581e-17      -1.646747185679e-17 
 1935       2.970636047253e-11       1.664484477038e-12      -1.883319833679e-12       0.000000000000e+00       4.260361130504e-16       9.522812802325e-17      -1.642420990687e-17 
 1936       2.967728677575e-11       1.662776615644e-12      -1.912068087720e-12       0.000000000000e+00       4.251438525294e-16       9.546336064667e-17      -1.638051992438e-17 
 1937       2.965029584568e-11       1.660876169454e-12      -1.940619966673e-12       0.000000000000e+00       4.242538804167e-16       9.570414084722e-17      -1.633636570028e-17 
 1938       2.962535734579e-11       1.658784803388e-12      -1.968965974477e-12       0.000000000000e+00       4.233661908279e-16       9.594998500148e-17      -1.629171087936e-17 
 1939       2.960244079369e-11       1.656504191047e-12      -1.997096578119e-12       0.000000000000e+00       4.224807778172e-16       9.620040743868e-17      -1.624651896007e-17 
 1940       2.958151556096e-11       1.654036014729e-12      -2.025002207587e-12       0.000000000000e+00       4.215976353769e-16       9.645492043814e-17      -1.620075329434e-17 
 1941       2.956255087297e-11       1.651381965437e-12      -2.052673255822e-12       0.000000000000e+00       4.207167574374e-16       9.671303422657e-17      -1.615437708738e-17 
 1942       2.954551580863e-11       1.648543742893e-12      -2.080100078673e-12       0.000000000000e+00       4.198381378673e-16       9.697425697537e-17      -1.610735339752e-17 
 1943       2.953037930023e-11       1.645523055552e-12      -2.107272994851e-12       0.000000000000e+00       4.189617704730e-16       9.723809479806e-17      -1.605964513599e-17 
 1944       2.951711013323e-11       1.642321620609e-12      -2.134182285881e-12       0.000000000000e+00       4.180876489988e-16       9.750405174753e-17      -1.601121506673e-17 
 1945       2.950567694610e-11       1.638941164014e-12      -2.160818196056e-12       0.000000000000e+00       4.172157671267e-16       9.777162981343e-17      -1.596202580625e-17 
 1946       2.949604823005e-11       1.635383420484e-12      -2.187170932389e-12       0.000000000000e+00       4.163461184764e-16       9.804032891948e-17      -1.591203982338e-17 
 1947       2.948819232889e-11       1.631650133516e-12      -2.213230664569e-12       0.000000000000e+00       4.154786966053e-16       9.830964692084e-17      -1.586121943914e-17 
 1948       2.948207743882e-11       1.627743055396e-12      -2.238987524914e-12       0.000000000000e+00       4.146134950079e-16       9.857907960142e-17      -1.580952682651e-17 
 1949       2.947767160824e-11       1.623663947212e-12      -2.264431608322e-12       0.000000000000e+00       4.137505071163e-16       9.884812067124e-17      -1.575692401026e-17 
 1950       2.947494273751e-11       1.619414578867e-12      -2.289552972224e-12       0.000000000000e+00       4.128897262997e-16       9.911626176375e-17      -1.570337286677e-17 
 1951       2.947385857882e-11       1.614996729092e-12      -2.314341636544e-12       0.000000000000e+00       4.120311458647e-16       9.938299243318e-17      -1.564883512383e-17 
 1952       2.947438673594e-11       1.610412185453e-12      -2.338787583644e-12       0.000000000000e+00       4.111747590547e-16       9.964780015188e-17      -1.559327236046e-17 
 1953       2.947649466405e-11       1.605662744370e-12      -2.362880758283e-12       0.000000000000e+00       4.103205590501e-16       9.991017030767e-17      -1.553664600671e-17 
 1954       2.948014966953e-11       1.600750211123e-12      -2.386611067566e-12       0.000000000000e+00       4.094685389683e-16       1.001695862011e-16      -1.547891734350e-17 
 1955       2.948531890976e-11       1.595676399867e-12      -2.409968380902e-12       0.000000000000e+00       4.086186918633e-16       1.004255290430e-16      -1.542004750241e-17 
 1956       2.949196939295e-11       1.590443133643e-12      -2.432942529956e-12       0.000000000000e+00       4.077710107257e-16       1.006774779515e-16      -1.535999746549e-17 
 1957       2.950006797791e-11       1.585052244391e-12      -2.455523308599e-12       0.000000000000e+00       4.069254884828e-16       1.009249099497e-16      -1.529872806509e-17 
 1958       2.950958137386e-11       1.579505572959e-12      -2.477700472865e-12       0.000000000000e+00       4.060821179984e-16       1.011672999626e-16      -1.523619998366e-17 
 1959       2.952047614026e-11       1.573804969120e-12      -2.499463740905e-12       0.000000000000e+00       4.052408920725e-16       1.014041208150e-16      -1.517237375356e-17 
 1960       2.953271868657e-11       1.567952291580e-12      -2.520802792938e-12       0.000000000000e+00       4.044018034414e-16       1.016348432284e-16      -1.510720975691e-17 
 1961       2.954627527209e-11       1.561949407989e-12      -2.541707271204e-12       0.000000000000e+00       4.035648447776e-16       1.018589358184e-16      -1.504066822533e-17 
 1962       2.956111200575e-11       1.555798194958e-12      -2.562166779919e-12       0.000000000000e+00       4.027300086896e-16       1.020758650922e-16      -1.497270923982e-17 
 1963       2.957719484589e-11       1.549500538067e-12      -2.582170885230e-12       0.000000000000e+00       4.018972877219e-16       1.022850954458e-16      -1.490329273054e-17 
 1964       2.959448960011e-11       1.543058331877e-12      -2.601709115165e-12       0.000000000000e+00       4.010666743550e-16       1.024860891613e-16      -1.483237847665e-17 
 1965       2.961296192502e-11       1.536473479944e-12      -2.620770959587e-12       0.000000000000e+00       4.002381610047e-16       1.026783064046e-16      -1.475992610607e-17 
 1966       2.963257732610e-11       1.529747894829e-12      -2.639345870150e-12       0.000000000000e+00       3.994117400231e-16       1.028612052221e-16      -1.468589509534e-17 
 1967       2.965330115745e-11       1.522883498112e-12      -2.657423260249e-12       0.000000000000e+00       3.985874036973e-16       1.030342415386e-16      -1.461024476944e-17 
 1968       2.967509862163e-11       1.515882220402e-12      -2.674992504976e-12       0.000000000000e+00       3.977651442502e-16       1.031968691545e-16      -1.453293430155e-17 
 1969       2.969793476943e-11       1.508746001349e-12      -2.692042941073e-12       0.000000000000e+00       3.969449538399e-16       1.033485397430e-16      -1.445392271292e-17 
 1970       2.972177449971e-11       1.501476789658e-12      -2.708563866883e-12       0.000000000000e+00       3.961268245599e-16       1.034887028474e-16      -1.437316887263e-17 
 1971       2.974658228183e-11       1.494076731996e-12      -2.724546188675e-12       0.000000000000e+00       3.953107489763e-16       1.036169435944e-16      -1.429064324968e-17 
 1972       2.977232132115e-11       1.486548741222e-12      -2.739987373069e-12       0.000000000000e+00       3.944967217453e-16       1.037333969566e-16      -1.420636326488e-17 
 1973       2.979895438694e-11       1.478895932403e-12      -2.754886531288e-12       0.000000000000e+00       3.936847380076e-16       1.038383365604e-16      -1.412035820107e-17 
 1974       2.982644408898e-11       1.471121434313e-12      -2.769242776142e-12       0.000000000000e+00       3.928747928521e-16       1.039320372519e-16      -1.403265747491e-17 
 1975       2.985475287734e-11       1.463228389456e-12      -2.783055222024e-12       0.000000000000e+00       3.920668813151e-16       1.040147750980e-16      -1.394329063706e-17 
 1976       2.988384304217e-11       1.455219954080e-12      -2.796322984918e-12       0.000000000000e+00       3.912609983813e-16       1.040868273879e-16      -1.385228737236e-17 
 1977       2.991367671349e-11       1.447099298197e-12      -2.809045182402e-12       0.000000000000e+00       3.904571389828e-16       1.041484726352e-16      -1.375967749998e-17 
 1978       2.994421586102e-11       1.438869605601e-12      -2.821220933653e-12       0.000000000000e+00       3.896552979994e-16       1.041999905792e-16      -1.366549097362e-17 
 1979       2.997542229393e-11       1.430534073884e-12      -2.832849359452e-12       0.000000000000e+00       3.888554702584e-16       1.042416621862e-16      -1.356975788167e-17 
 1980       3.000725766065e-11       1.422095914454e-12      -2.843929582185e-12       0.000000000000e+00       3.880576505349e-16       1.042737696517e-16      -1.347250844741e-17 
 1981       3.003968344868e-11       1.413558352554e-12      -2.854460725851e-12       0.000000000000e+00       3.872618335509e-16       1.042965964014e-16      -1.337377302915e-17 
 1982       3.007266098437e-11       1.404924627281e-12      -2.864441916065e-12       0.000000000000e+00       3.864680139762e-16       1.043104270932e-16      -1.327358212044e-17 
 1983       3.010615143272e-11       1.396197991599e-12      -2.873872280060e-12       0.000000000000e+00       3.856761864276e-16       1.043155476187e-16      -1.317196635021e-17 
 1984       3.014011579715e-11       1.387381712363e-12      -2.882750946695e-12       0.000000000000e+00       3.848863454690e-16       1.043122451047e-16      -1.306895648299e-17 
 1985       3.017451491933e-11       1.378479070331e-12      -2.891077046456e-12       0.000000000000e+00       3.840984856115e-16       1.043008079147e-16      -1.296458341904e-17 
 1986       3.020930947897e-11       1.369493360186e-12      -2.898849711461e-12       0.000000000000e+00       3.833126013132e-16       1.042815256507e-16      -1.285887819456e-17 
 1987       3.024445999359e-11       1.360427890552e-12      -2.906068075468e-12       0.000000000000e+00       3.825286869789e-16       1.042546891548e-16      -1.275187198185e-17 
 1988       3.027992681833e-11       1.351285984013e-12      -2.912731273871e-12       0.000000000000e+00       3.817467369606e-16       1.042205905107e-16      -1.264359608948e-17 
 1989       3.031567014573e-11       1.342070977128e-12      -2.918838443714e-12       0.000000000000e+00       3.809667455567e-16       1.041795230451e-16      -1.253408196248e-17 
 1990       3.035165000557e-11       1.332786220451e-12      -2.924388723687e-12       0.000000000000e+00       3.801887070123e-16       1.041317813296e-16      -1.242336118251e-17 
 1991       3.038782626461e-11       1.323435078550e-12      -2.929381254135e-12       0.000000000000e+00       3.794126155193e-16       1.040776611823e-16      -1.231146546804e-17 
 1992       3.042415862639e-11       1.314020930023e-12      -2.933815177061e-12       0.000000000000e+00       3.786384652159e-16       1.040174596691e-16      -1.219842667451e-17 
 1993       3.046060663108e-11       1.304547167514e-12      -2.937689636131e-12       0.000000000000e+00       3.778662501866e-16       1.039514751056e-16      -1.208427679451e-17 
 1994       3.049712965519e-11       1.295017197734e-12      -2.941003776675e-12       0.000000000000e+00       3.770959644626e-16       1.038800070582e-16      -1.196904795797e-17 
 1995       3.053368691145e-11       1.285434441479e-12      -2.943756745695e-12       0.000000000000e+00       3.763276020210e-16       1.038033563466e-16      -1.185277243234e-17 
 1996       3.057023744853e-11       1.275802333644e-12      -2.945947691868e-12       0.000000000000e+00       3.755611567852e-16       1.037218250443e-16      -1.173548262273e-17 
 1997       3.060674015089e-11       1.266124323246e-12      -2.947575765550e-12       0.000000000000e+00       3.747966226247e-16       1.036357164810e-16      -1.161721107213e-17 
 1998       3.064315373854e-11       1.256403873436e-12      -2.948640118780e-12       0.000000000000e+00       3.740339933549e-16       1.035453352439e-16      -1.149799046153e-17 
 1999       3.067943676685e-11       1.246644461523e-12      -2.949139905283e-12       0.000000000000e+00       3.732732627372e-16       1.034509871791e-16      -1.137785361017e-17 
 2000       3.071554762635e-11       1.236849578985e-12      -2.949074280479e-12       0.000000000000e+00       3.725144244788e-16       1.033529793938e-16      -1.125683347565e-17 
 2001       3.075144454249e-11       1.227022731494e-12      -2.948442401480e-12       0.000000000000e+00       3.717574722327e-16       1.032516202569e-16      -1.113496315414e-17 
 2002       3.078708557548e-11       1.217167438927e-12      -2.947243427102e-12       0.000000000000e+00       3.710023995974e-16       1.031472194018e-16      -1.101227588054e-17 
 2003       3.082242862007e-11       1.207287235390e-12      -2.945476517863e-12       0.000000000000e+00       3.702492001172e-16       1.030400877268e-16      -1.088880502866e-17 
 2004       3.085743140532e-11       1.197385669231e-12      -2.943140835991e-12       0.000000000000e+00       3.694978672817e-16       1.029305373976e-16      -1.076458411141e-17 
 2005       3.089205149441e-11       1.187466303059e-12      -2.940235545424e-12       0.000000000000e+00       3.687483945261e-16       1.028188818485e-16      -1.063964678095e-17 
 2006       3.092624628446e-11       1.177532713765e-12      -2.936759811821e-12       0.000000000000e+00       3.680007752309e-16       1.027054357840e-16      -1.051402682888e-17 
 2007       3.095997300628e-11       1.167588492534e-12      -2.932712802560e-12       0.000000000000e+00       3.672550027216e-16       1.025905151803e-16      -1.038775818643e-17 
 2008       3.099318872420e-11       1.157637244868e-12      -2.928093686744e-12       0.000000000000e+00       3.665110702693e-16       1.024744372872e-16      -1.026087492459e-17 
 2009       3.102585033585e-11       1.147682590601e-12      -2.922901635208e-12       0.000000000000e+00       3.657689710898e-16       1.023575206294e-16      -1.013341125434e-17 
 2010       3.105791457193e-11       1.137728163919e-12      -2.917135820519e-12       0.000000000000e+00       3.650286983440e-16       1.022400850082e-16      -1.000540152680e-17 
 2011       3.108934152600e-11       1.127777437323e-12      -2.910796664629e-12       0.000000000000e+00       3.642902456463e-16       1.021223834017e-16      -9.876882079522e-18 
 2012       3.112010527216e-11       1.117833192097e-12      -2.903889591743e-12       0.000000000000e+00       3.635536085932e-16       1.020043971196e-16      -9.747896789783e-18 
 2013       3.115018332420e-11       1.107898044024e-12      -2.896421302771e-12       0.000000000000e+00       3.628187832454e-16       1.018860391605e-16      -9.618491562073e-18 
 2014       3.117955311259e-11       1.097974619099e-12      -2.888398530209e-12       0.000000000000e+00       3.620857656204e-16       1.017672221777e-16      -9.488712485869e-18 
 2015       3.120819198437e-11       1.088065553541e-12      -2.879828038175e-12       0.000000000000e+00       3.613545516928e-16       1.016478584788e-16      -9.358605835862e-18 
 2016       3.123607720306e-11       1.078173493809e-12      -2.870716622450e-12       0.000000000000e+00       3.606251373934e-16       1.015278600250e-16      -9.228218072188e-18 
 2017       3.126318594855e-11       1.068301096610e-12      -2.861071110523e-12       0.000000000000e+00       3.598975186100e-16       1.014071384309e-16      -9.097595840659e-18 
 2018       3.128949531698e-11       1.058451028913e-12      -2.850898361631e-12       0.000000000000e+00       3.591716911867e-16       1.012856049641e-16      -8.966785972992e-18 
 2019       3.131498232069e-11       1.048625967965e-12      -2.840205266799e-12       0.000000000000e+00       3.584476509244e-16       1.011631705446e-16      -8.835835487044e-18 
 2020       3.133962388807e-11       1.038828601297e-12      -2.828998748881e-12       0.000000000000e+00       3.577253935801e-16       1.010397457444e-16      -8.704791587033e-18 
 2021       3.136339686347e-11       1.029061626743e-12      -2.817285762601e-12       0.000000000000e+00       3.570049148673e-16       1.009152407874e-16      -8.573701663779e-18 
 2022       3.138627800713e-11       1.019327752450e-12      -2.805073294599e-12       0.000000000000e+00       3.562862104558e-16       1.007895655484e-16      -8.442613294928e-18 
 2023       3.140824399503e-11       1.009629696889e-12      -2.792368363465e-12       0.000000000000e+00       3.555692759715e-16       1.006626295531e-16      -8.311574245182e-18 
 2024       3.142927141883e-11       9.999701888696e-13      -2.779178019785e-12       0.000000000000e+00       3.548541069967e-16       1.005343419777e-16      -8.180632466532e-18 
 2025       3.144933678576e-11       9.903519675531e-13      -2.765509346180e-12       0.000000000000e+00       3.541406990695e-16       1.004046116479e-16      -8.049836098490e-18 
 2026       3.146841651849e-11       9.807777824627e-13      -2.751369457351e-12       0.000000000000e+00       3.534290476841e-16       1.002733470394e-16      -7.919233468314e-18 
 2027       3.148648695507e-11       9.712503934979e-13      -2.736765500114e-12       0.000000000000e+00       3.527191482908e-16       1.001404562766e-16      -7.788873091240e-18 
 2028       3.150352434880e-11       9.617725709464e-13      -2.721704653445e-12       0.000000000000e+00       3.520109962956e-16       1.000058471326e-16      -7.658803670718e-18 
 2029       3.151950486814e-11       9.523470954971e-13      -2.706194128524e-12       0.000000000000e+00       3.513045870604e-16       9.986942702878e-17      -7.529074098632e-18 
 2030       3.153440459663e-11       9.429767582521e-13      -2.690241168770e-12       0.000000000000e+00       3.505999159028e-16       9.973110303423e-17      -7.399733455542e-18 
 2031       3.154819953274e-11       9.336643607398e-13      -2.673853049886e-12       0.000000000000e+00       3.498969780961e-16       9.959078186541e-17      -7.270831010904e-18 
 2032       3.156086558981e-11       9.244127149271e-13      -2.657037079901e-12       0.000000000000e+00       3.491957688692e-16       9.944836988567e-17      -7.142416223307e-18 
 2033       3.157237859593e-11       9.152246432323e-13      -2.639800599206e-12       0.000000000000e+00       3.484962834066e-16       9.930377310485e-17      -7.014538740701e-18 
 2034       3.158271429385e-11       9.061029785373e-13      -2.622150980605e-12       0.000000000000e+00       3.477985168481e-16       9.915689717885e-17      -6.887248400627e-18 
 2035       3.159184834088e-11       8.970505642006e-13      -2.604095629344e-12       0.000000000000e+00       3.471024642892e-16       9.900764740919e-17      -6.760595230447e-18 
 2036       3.159975630877e-11       8.880702540693e-13      -2.585641983162e-12       0.000000000000e+00       3.464081207804e-16       9.885592874258e-17      -6.634629447578e-18 
 2037       3.160641368363e-11       8.791649124925e-13      -2.566797512329e-12       0.000000000000e+00       3.457154813277e-16       9.870164577052e-17      -6.509401459717e-18 
 2038       3.161179586582e-11       8.703374143331e-13      -2.547569719685e-12       0.000000000000e+00       3.450245408922e-16       9.854470272881e-17      -6.384961865075e-18 
 2039       3.161587816985e-11       8.615906449806e-13      -2.527966140684e-12       0.000000000000e+00       3.443352943902e-16       9.838500349720e-17      -6.261361452605e-18 
 2040       3.161863582429e-11       8.529275003640e-13      -2.507994343435e-12       0.000000000000e+00       3.436477366931e-16       9.822245159888e-17      -6.138651202235e-18 
 2041       3.162004397163e-11       8.443508869638e-13      -2.487661928742e-12       0.000000000000e+00       3.429618626271e-16       9.805695020013e-17      -6.016882285097e-18 
 2042       3.162007766824e-11       8.358637218253e-13      -2.466976530145e-12       0.000000000000e+00       3.422776669737e-16       9.788840210983e-17      -5.896106063756e-18 
 2043       3.161871188422e-11       8.274689325704e-13      -2.445945813964e-12       0.000000000000e+00       3.415951444688e-16       9.771670977904e-17      -5.776374092442e-18 
 2044       3.161592150332e-11       8.191694574107e-13      -2.424577479337e-12       0.000000000000e+00       3.409142898034e-16       9.754177530061e-17      -5.657738117281e-18 
 2045       3.161168132283e-11       8.109682451600e-13      -2.402879258263e-12       0.000000000000e+00       3.402350976233e-16       9.736350040871e-17      -5.540250076522e-18 
 2046       3.160596605348e-11       8.028682552465e-13      -2.380858915642e-12       0.000000000000e+00       3.395575625287e-16       9.718178647842e-17      -5.423962100773e-18 
 2047       3.159875031936e-11       7.948724577259e-13      -2.358524249319e-12       0.000000000000e+00       3.388816790745e-16       9.699653452529e-17      -5.308926513224e-18 
 2048       3.159000865780e-11       7.869838332938e-13      -2.335883090120e-12       0.000000000000e+00       3.382074417702e-16       9.680764520492e-17      -5.195195829885e-18 
 2049       3.157971551925e-11       7.792053732980e-13      -2.312943301899e-12       0.000000000000e+00       3.375348450797e-16       9.661501881253e-17      -5.082822759810e-18 
 2050       3.156784526721e-11       7.715400797513e-13      -2.289712781575e-12       0.000000000000e+00       3.368638834212e-16       9.641855528253e-17      -4.971860205332e-18 
 2051       3.155437689078e-11       7.639905840091e-13      -2.266199679475e-12       0.000000000000e+00       3.361945514822e-16       9.621817359528e-17      -4.862343850610e-18 
 2052       3.153930817924e-11       7.565579998009e-13      -2.242413061975e-12       0.000000000000e+00       3.355268451653e-16       9.601387014963e-17      -4.754239791001e-18 
 2053       3.152264164842e-11       7.492430620385e-13      -2.218362253671e-12       0.000000000000e+00       3.348607606490e-16       9.580566080613e-17      -4.647496530394e-18 
 2054       3.150437983725e-11       7.420465074089e-13      -2.194056617553e-12       0.000000000000e+00       3.341962940730e-16       9.559356151777e-17      -4.542062358692e-18 
 2055       3.148452530783e-11       7.349690743765e-13      -2.169505555055e-12       0.000000000000e+00       3.335334415389e-16       9.537758833008e-17      -4.437885351547e-18 
 2056       3.146308064544e-11       7.280115031849e-13      -2.144718506103e-12       0.000000000000e+00       3.328721991091e-16       9.515775738129e-17      -4.334913370093e-18 
 2057       3.144004845856e-11       7.211745358580e-13      -2.119704949159e-12       0.000000000000e+00       3.322125628078e-16       9.493408490245e-17      -4.233094060677e-18 
 2058       3.141543137893e-11       7.144589162025e-13      -2.094474401274e-12       0.000000000000e+00       3.315545286203e-16       9.470658721753e-17      -4.132374854600e-18 
 2059       3.138923206158e-11       7.078653898088e-13      -2.069036418131e-12       0.000000000000e+00       3.308980924930e-16       9.447528074357e-17      -4.032702967842e-18 
 2060       3.136145318484e-11       7.013947040535e-13      -2.043400594095e-12       0.000000000000e+00       3.302432503336e-16       9.424018199079e-17      -3.934025400803e-18 
 2061       3.133209745040e-11       6.950476081002e-13      -2.017576562259e-12       0.000000000000e+00       3.295899980108e-16       9.400130756271e-17      -3.836288938033e-18 
 2062       3.130116758334e-11       6.888248529022e-13      -1.991573994492e-12       0.000000000000e+00       3.289383313543e-16       9.375867415629e-17      -3.739440147969e-18 
 2063       3.126866633214e-11       6.827271912034e-13      -1.965402601486e-12       0.000000000000e+00       3.282882461549e-16       9.351229856205e-17      -3.643425382664e-18 
 2064       3.123459646874e-11       6.767553775403e-13      -1.939072132808e-12       0.000000000000e+00       3.276397381642e-16       9.326219766419e-17      -3.548190777527e-18 
 2065       3.119896078855e-11       6.709101682438e-13      -1.912592376938e-12       0.000000000000e+00       3.269928030947e-16       9.300838844071e-17      -3.453682251052e-18 
 2066       3.116176211053e-11       6.651923214407e-13      -1.885973161326e-12       0.000000000000e+00       3.263474366197e-16       9.275088796354e-17      -3.359845504554e-18 
 2067       3.112300327715e-11       6.596025970556e-13      -1.859224352434e-12       0.000000000000e+00       3.257036343731e-16       9.248971339867e-17      -3.266626021902e-18 
 2068       3.108268715449e-11       6.541417568124e-13      -1.832355855787e-12       0.000000000000e+00       3.250613919497e-16       9.222488200625e-17      -3.173969069254e-18 
 2069       3.104081663224e-11       6.488105642361e-13      -1.805377616017e-12       0.000000000000e+00       3.244207049048e-16       9.195641114075e-17      -3.081819694792e-18 
 2070       3.099739462374e-11       6.436097846547e-13      -1.778299616913e-12       0.000000000000e+00       3.237815687542e-16       9.168431825107e-17      -2.990122728451e-18 
 2071       3.095242406601e-11       6.385401852004e-13      -1.751131881467e-12       0.000000000000e+00       3.231439789743e-16       9.140862088065e-17      -2.898822781658e-18 
 2072       3.090590791979e-11       6.336025348118e-13      -1.723884471923e-12       0.000000000000e+00       3.225079310018e-16       9.112933666760e-17      -2.807864247064e-18 
 2073       3.085784916958e-11       6.287976042353e-13      -1.696567489824e-12       0.000000000000e+00       3.218734202341e-16       9.084648334484e-17      -2.717191298277e-18 
 2074       3.080825082365e-11       6.241261660270e-13      -1.669191076058e-12       0.000000000000e+00       3.212404420285e-16       9.056007874021e-17      -2.626747889598e-18 
 2075       3.075711591410e-11       6.195889945542e-13      -1.641765410909e-12       0.000000000000e+00       3.206089917029e-16       9.027014077659e-17      -2.536477755753e-18 
 2076       3.070444749687e-11       6.151868659974e-13      -1.614300714100e-12       0.000000000000e+00       3.199790645352e-16       8.997668747206e-17      -2.446324411628e-18 
 2077       3.065024865180e-11       6.109205583516e-13      -1.586807244843e-12       0.000000000000e+00       3.193506557636e-16       8.967973693996e-17      -2.356231152001e-18 
 2078       3.059452248262e-11       6.067908514282e-13      -1.559295301888e-12       0.000000000000e+00       3.187237605863e-16       8.937930738908e-17      -2.266141051280e-18 
 2079       3.053727211705e-11       6.027985268568e-13      -1.531775223568e-12       0.000000000000e+00       3.180983741616e-16       8.907541712372e-17      -2.175996963230e-18 
 2080       3.047850070677e-11       5.989443680869e-13      -1.504257387846e-12       0.000000000000e+00       3.174744916075e-16       8.876808454390e-17      -2.085741520716e-18 
 2081       3.041821142747e-11       5.952291603894e-13      -1.476752212367e-12       0.000000000000e+00       3.168521080024e-16       8.845732814538e-17      -1.995317135429e-18 
 2082       3.035640747892e-11       5.916536908583e-13      -1.449270154498e-12       0.000000000000e+00       3.162312183842e-16       8.814316651987e-17      -1.904665997624e-18 
 2083       3.029309208495e-11       5.882187484128e-13      -1.421821711385e-12       0.000000000000e+00       3.156118177506e-16       8.782561835512e-17      -1.813730075851e-18 
 2084       3.022826849353e-11       5.849251237983e-13      -1.394417419990e-12       0.000000000000e+00       3.149939010591e-16       8.750470243504e-17      -1.722451116693e-18 
 2085       3.016193997677e-11       5.817736095890e-13      -1.367067857149e-12       0.000000000000e+00       3.143774632271e-16       8.718043763982e-17      -1.630770644497e-18 
 2086       3.009410983096e-11       5.787650001888e-13      -1.339783639610e-12       0.000000000000e+00       3.137624991312e-16       8.685284294609e-17      -1.538629961107e-18 
 2087       3.002478137662e-11       5.759000918333e-13      -1.312575424088e-12       0.000000000000e+00       3.131490036080e-16       8.652193742700e-17      -1.445970145601e-18 
 2088       2.995395795851e-11       5.731796825918e-13      -1.285453907308e-12       0.000000000000e+00       3.125369714531e-16       8.618774025237e-17      -1.352732054022e-18 
 2089       2.988164294570e-11       5.706045723683e-13      -1.258429826054e-12       0.000000000000e+00       3.119263974220e-16       8.585027068880e-17      -1.258856319113e-18 
 2090       2.980783973155e-11       5.681755629040e-13      -1.231513957217e-12       0.000000000000e+00       3.113172762294e-16       8.550954809981e-17      -1.164283350054e-18 
 2091       2.973255479510e-11       5.658931166865e-13      -1.204716365015e-12       0.000000000000e+00       3.107096029094e-16       8.516558600993e-17      -1.068971477505e-18 
 2092       2.965580690843e-11       5.637563310668e-13      -1.178044136797e-12       0.000000000000e+00       3.101033738979e-16       8.481837425131e-17      -9.729515281398e-19 
 2093       2.957761799378e-11       5.617639569638e-13      -1.151503631487e-12       0.000000000000e+00       3.094985859580e-16       8.446789669236e-17      -8.762726316336e-19 
 2094       2.949801006827e-11       5.599147392975e-13      -1.125101230991e-12       0.000000000000e+00       3.088952358201e-16       8.411413716241e-17      -7.789841102619e-19 
 2095       2.941700524395e-11       5.582074169805e-13      -1.098843340230e-12       0.000000000000e+00       3.082933201817e-16       8.375707945169e-17      -6.811354791336e-19 
 2096       2.933462572797e-11       5.566407229108e-13      -1.072736387164e-12       0.000000000000e+00       3.076928357080e-16       8.339670731123e-17      -5.827764464230e-19 
 2097       2.925089382266e-11       5.552133839640e-13      -1.046786822821e-12       0.000000000000e+00       3.070937790314e-16       8.303300445291e-17      -4.839569136007e-19 
 2098       2.916583192569e-11       5.539241209856e-13      -1.021001121321e-12       0.000000000000e+00       3.064961467513e-16       8.266595454932e-17      -3.847269756657e-19 
 2099       2.907946253013e-11       5.527716487835e-13      -9.953857799044e-13       0.000000000000e+00       3.058999354346e-16       8.229554123381e-17      -2.851369213770e-19 
 2100       2.899180822463e-11       5.517546761201e-13      -9.699473189595e-13       0.000000000000e+00       3.053051416151e-16       8.192174810040e-17      -1.852372334852e-19 
 2101       2.890289169347e-11       5.508719057050e-13      -9.446922820484e-13       0.000000000000e+00       3.047117617937e-16       8.154455870376e-17      -8.507858896428e-20 
 2102       2.881273571676e-11       5.501220341869e-13      -9.196272359341e-13       0.000000000000e+00       3.041197924387e-16       8.116395655917e-17       1.528814075708e-20 
 2103       2.872136317046e-11       5.495037521463e-13      -8.947587706075e-13       0.000000000000e+00       3.035292299848e-16       8.077992514248e-17       1.158118895634e-19 
 2104       2.862879702659e-11       5.490157440878e-13      -8.700934993138e-13       0.000000000000e+00       3.029400708340e-16       8.039244789007e-17       2.164413964211e-19 
 2105       2.853506035329e-11       5.486566884322e-13      -8.456380585801e-13       0.000000000000e+00       3.023523113553e-16       8.000150819880e-17       3.171252051465e-19 
 2106       2.844017631496e-11       5.484252575091e-13      -8.213991082415e-13       0.000000000000e+00       3.017659478842e-16       7.960708942599e-17       4.178116641744e-19 
 2107       2.834416817235e-11       5.483201175492e-13      -7.973833314687e-13       0.000000000000e+00       3.011809767232e-16       7.920917488939e-17       5.184489263266e-19 
 2108       2.824705928272e-11       5.483399286764e-13      -7.735974347942e-13       0.000000000000e+00       3.005973941416e-16       7.880774786712e-17       6.189849485796e-19 
 2109       2.814887309993e-11       5.484833449006e-13      -7.500481481394e-13       0.000000000000e+00       3.000151963752e-16       7.840279159762e-17       7.193674918336e-19 
 2110       2.804963317457e-11       5.487490141097e-13      -7.267422248417e-13       0.000000000000e+00       2.994343796266e-16       7.799428927965e-17       8.195441206807e-19 
 2111       2.794936315406e-11       5.491355780618e-13      -7.036864416810e-13       0.000000000000e+00       2.988549400650e-16       7.758222407222e-17       9.194622031727e-19 
 2112       2.784808678277e-11       5.496416723781e-13      -6.808875989068e-13       0.000000000000e+00       2.982768738260e-16       7.716657909456e-17       1.019068910590e-18 
 2113       2.774582790217e-11       5.502659265347e-13      -6.583525202649e-13       0.000000000000e+00       2.977001770119e-16       7.674733742611e-17       1.118311217211e-18 
 2114       2.764261045091e-11       5.510069638553e-13      -6.360880530244e-13       0.000000000000e+00       2.971248456913e-16       7.632448210641e-17       1.217135900077e-18 
 2115       2.753845846494e-11       5.518634015033e-13      -6.141010680044e-13       0.000000000000e+00       2.965508758993e-16       7.589799613514e-17       1.315489538764e-18 
 2116       2.743339607766e-11       5.528338504743e-13      -5.923984596011e-13       0.000000000000e+00       2.959782636372e-16       7.546786247204e-17       1.413318515150e-18 
 2117       2.732744751999e-11       5.539169155884e-13      -5.709871458144e-13       0.000000000000e+00       2.954070048729e-16       7.503406403688e-17       1.510569013184e-18 
 2118       2.722063712053e-11       5.551111954826e-13      -5.498740682749e-13       0.000000000000e+00       2.948370955402e-16       7.459658370942e-17       1.607187018651e-18 
 2119       2.711298930566e-11       5.564152826028e-13      -5.290661922706e-13       0.000000000000e+00       2.942685315393e-16       7.415540432936e-17       1.703118318945e-18 
 2120       2.700452859965e-11       5.578277631968e-13      -5.085705067741e-13       0.000000000000e+00       2.937013087367e-16       7.371050869634e-17       1.798308502834e-18 
 2121       2.689527962479e-11       5.593472173059e-13      -4.883940244691e-13       0.000000000000e+00       2.931354229647e-16       7.326187956985e-17       1.892702960230e-18 
 2122       2.678526710149e-11       5.609722187580e-13      -4.685437817775e-13       0.000000000000e+00       2.925708700218e-16       7.280949966923e-17       1.986246881958e-18 
 2123       2.667451584843e-11       5.627013351593e-13      -4.490268388861e-13       0.000000000000e+00       2.920076456726e-16       7.235335167361e-17       2.078885259522e-18 
 2124       2.656305078264e-11       5.645331278869e-13      -4.298502797736e-13       0.000000000000e+00       2.914457456476e-16       7.189341822189e-17       2.170562884873e-18 
 2125       2.645089691964e-11       5.664661520813e-13      -4.110212122372e-13       0.000000000000e+00       2.908851656431e-16       7.142968191269e-17       2.261224350182e-18 
 2126       2.633807937355e-11       5.684989566383e-13      -3.925467679199e-13       0.000000000000e+00       2.903259013215e-16       7.096212530429e-17       2.350814047604e-18 
 2127       2.622462335723e-11       5.706300842020e-13      -3.744341023369e-13       0.000000000000e+00       2.897679483107e-16       7.049073091465e-17       2.439276169046e-18 
 2128       2.611055418234e-11       5.728580711566e-13      -3.566903949027e-13       0.000000000000e+00       2.892113022048e-16       7.001548122130e-17       2.526554705939e-18 
 2129       2.599589725951e-11       5.751814476188e-13      -3.393228489580e-13       0.000000000000e+00       2.886559585632e-16       6.953635866137e-17       2.612593449003e-18 
 2130       2.588067809846e-11       5.775987374304e-13      -3.223386917965e-13       0.000000000000e+00       2.881019129111e-16       6.905334563148e-17       2.697335988019e-18 
 2131       2.576492233028e-11       5.801083391171e-13      -3.057440322516e-13       0.000000000000e+00       2.875491610099e-16       6.856646710534e-17       2.780743230943e-18 
 2132       2.564865577440e-11       5.827081678861e-13      -2.895404248261e-13       0.000000000000e+00       2.869976996703e-16       6.807591880635e-17       2.862846093279e-18 
 2133       2.553190437232e-11       5.853960111544e-13      -2.737282820140e-13       0.000000000000e+00       2.864475259443e-16       6.758193991534e-17       2.943693170186e-18 
 2134       2.541469416559e-11       5.881696473474e-13      -2.583080145944e-13       0.000000000000e+00       2.858986368557e-16       6.708477053405e-17       3.023333250221e-18 
 2135       2.529705129593e-11       5.910268458885e-13      -2.432800316285e-13       0.000000000000e+00       2.853510293999e-16       6.658465168617e-17       3.101815315567e-18 
 2136       2.517900200532e-11       5.939653671884e-13      -2.286447404556e-13       0.000000000000e+00       2.848047005436e-16       6.608182531849e-17       3.179188542267e-18 
 2137       2.506057263616e-11       5.969829626340e-13      -2.144025466906e-13       0.000000000000e+00       2.842596472250e-16       6.557653430195e-17       3.255502300454e-18 
 2138       2.494178963134e-11       6.000773745778e-13      -2.005538542199e-13       0.000000000000e+00       2.837158663537e-16       6.506902243272e-17       3.330806154583e-18 
 2139       2.482267953441e-11       6.032463363271e-13      -1.870990651986e-13       0.000000000000e+00       2.831733548108e-16       6.455953443332e-17       3.405149863660e-18 
 2140       2.470326898963e-11       6.064875721331e-13      -1.740385800471e-13       0.000000000000e+00       2.826321094486e-16       6.404831595367e-17       3.478583381474e-18 
 2141       2.458358474218e-11       6.097987971802e-13      -1.613727974477e-13       0.000000000000e+00       2.820921270908e-16       6.353561357221e-17       3.551156856829e-18 
 2142       2.446365363817e-11       6.131777175750e-13      -1.491021143412e-13       0.000000000000e+00       2.815534045321e-16       6.302167479695e-17       3.622920633774e-18 
 2143       2.434350262486e-11       6.166220303358e-13      -1.372269259238e-13       0.000000000000e+00       2.810159385387e-16       6.250674806660e-17       3.693925251836e-18 
 2144       2.422315875071e-11       6.201294233816e-13      -1.257476256435e-13       0.000000000000e+00       2.804797258478e-16       6.199108275162e-17       3.764221446246e-18 
 2145       2.410264916553e-11       6.236975755214e-13      -1.146646051972e-13       0.000000000000e+00       2.799447631678e-16       6.147492915533e-17       3.833860148179e-18 
 2146       2.398200112058e-11       6.273241564433e-13      -1.039782545270e-13       0.000000000000e+00       2.794110471779e-16       6.095853851500e-17       3.902892484973e-18 
 2147       2.386124196870e-11       6.310068267038e-13      -9.368896181709e-14       0.000000000000e+00       2.788785745288e-16       6.044216300291e-17       3.971369780373e-18 
 2148       2.374039916442e-11       6.347432377168e-13      -8.379711349025e-14       0.000000000000e+00       2.783473418418e-16       5.992605572745e-17       4.039343554752e-18 
 2149       2.361950026410e-11       6.385310317432e-13      -7.430309420477e-14       0.000000000000e+00       2.778173457094e-16       5.941047073423e-17       4.106865525347e-18 
 2150       2.349857292600e-11       6.423678418795e-13      -6.520728685099e-14       0.000000000000e+00       2.772885826948e-16       5.889566300715e-17       4.173987606489e-18 
 2151       2.337764491045e-11       6.462512920478e-13      -5.651007254803e-14       0.000000000000e+00       2.767610493323e-16       5.838188846945e-17       4.240761909834e-18 
 2152       2.325674407994e-11       6.501789969842e-13      -4.821183064042e-14       0.000000000000e+00       2.762347421269e-16       5.786940398487e-17       4.307240744594e-18 
 2153       2.313589839926e-11       6.541485622284e-13      -4.031293869485e-14       0.000000000000e+00       2.757096575543e-16       5.735846735869e-17       4.373476617768e-18 
 2154       2.301513593557e-11       6.581575841130e-13      -3.281377249684e-14       0.000000000000e+00       2.751857920611e-16       5.684933733881e-17       4.439522234375e-18 
 2155       2.289448485858e-11       6.622036497524e-13      -2.571470604738e-14       0.000000000000e+00       2.746631420644e-16       5.634227361688e-17       4.505430497679e-18 
 2156       2.277397344062e-11       6.662843370323e-13      -1.901611155968e-14       0.000000000000e+00       2.741417039523e-16       5.583753682933e-17       4.571254509430e-18 
 2157       2.265363005678e-11       6.703972145986e-13      -1.271835945580e-14       0.000000000000e+00       2.736214740833e-16       5.533538855852e-17       4.637047570085e-18 
 2158       2.253348318504e-11       6.745398418467e-13      -6.821818363369e-15       0.000000000000e+00       2.731024487863e-16       5.483609133376e-17       4.702863179046e-18 
 2159       2.241356140635e-11       6.787097689111e-13      -1.326855112244e-15       0.000000000000e+00       2.725846243611e-16       5.433990863246e-17       4.768755034887e-18 
 2160       2.229389340478e-11       6.829045366538e-13       3.766165268781e-15       0.000000000000e+00       2.720679970778e-16       5.384710488118e-17       4.834777035589e-18 
 2161       2.217450796763e-11       6.871216766542e-13       8.456879555305e-15       0.000000000000e+00       2.715525631768e-16       5.335794545672e-17       4.900983278765e-18 
 2162       2.205543398555e-11       6.913587111980e-13       1.274492633063e-14       0.000000000000e+00       2.710383188693e-16       5.287269668722e-17       4.967428061899e-18 
 2163       2.193670045264e-11       6.956131532666e-13       1.662994598909e-14       0.000000000000e+00       2.705252603366e-16       5.239162585324e-17       5.034165882570e-18 
 2164       2.181833646659e-11       6.998825065258e-13       2.011158073934e-14       0.000000000000e+00       2.700133837303e-16       5.191500118884e-17       5.101251438686e-18 
 2165       2.170037122880e-11       7.041642653157e-13       2.318947460770e-14       0.000000000000e+00       2.695026851724e-16       5.144309188268e-17       5.168739628718e-18 
 2166       2.158283404447e-11       7.084559146393e-13       2.586327344145e-14       0.000000000000e+00       2.689931607552e-16       5.097616807910e-17       5.236685551925e-18 
 2167       2.146575432276e-11       7.127549301522e-13       2.813262491215e-14       0.000000000000e+00       2.684848065409e-16       5.051450087920e-17       5.305144508589e-18 
 2168       2.134916157686e-11       7.170587781512e-13       2.999717851897e-14       0.000000000000e+00       2.679776185622e-16       5.005836234196e-17       5.374172000245e-18 
 2169       2.123308542414e-11       7.213649155642e-13       3.145658559198e-14       0.000000000000e+00       2.674715928218e-16       4.960802548528e-17       5.443823729914e-18 
 2170       2.111755558627e-11       7.256707899388e-13       3.251049929549e-14       0.000000000000e+00       2.669667252924e-16       4.916376428709e-17       5.514155602330e-18 
 2171       2.100259940925e-11       7.299739698403e-13       3.315941287096e-14       0.000000000000e+00       2.664630122324e-16       4.872578191725e-17       5.585200763108e-18 
 2172       2.088823440504e-11       7.342725370267e-13       3.340718053689e-14       0.000000000000e+00       2.659604511347e-16       4.829399490209e-17       5.656900546554e-18 
 2173       2.077447565987e-11       7.385646968965e-13       3.325851359392e-14       0.000000000000e+00       2.654590397844e-16       4.786824750667e-17       5.729173062698e-18 
 2174       2.066133830982e-11       7.428486483129e-13       3.271814375318e-14       0.000000000000e+00       2.649587759430e-16       4.744838337106e-17       5.801936115728e-18 
 2175       2.054883754086e-11       7.471225835961e-13       3.179082316100e-14       0.000000000000e+00       2.644596573494e-16       4.703424550964e-17       5.875107203643e-18 
 2176       2.043698858892e-11       7.513846885163e-13       3.048132442350e-14       0.000000000000e+00       2.639616817190e-16       4.662567631033e-17       5.948603517895e-18 
 2177       2.032580673992e-11       7.556331422857e-13       2.879444063129e-14       0.000000000000e+00       2.634648467441e-16       4.622251753386e-17       6.022341943038e-18 
 2178       2.021530732986e-11       7.598661175513e-13       2.673498538406e-14       0.000000000000e+00       2.629691500936e-16       4.582461031305e-17       6.096239056373e-18 
 2179       2.010550574484e-11       7.640817803876e-13       2.430779281527e-14       0.000000000000e+00       2.624745894135e-16       4.543179515205e-17       6.170211127596e-18 
 2180       1.999641742112e-11       7.682782902884e-13       2.151771761680e-14       0.000000000000e+00       2.619811623262e-16       4.504391192558e-17       6.244174118444e-18 
 2181       1.988805784522e-11       7.724538001604e-13       1.836963506357e-14       0.000000000000e+00       2.614888664308e-16       4.466079987824e-17       6.318043682345e-18 
 2182       1.978044255391e-11       7.766064563146e-13       1.486844103820e-14       0.000000000000e+00       2.609976993032e-16       4.428229762374e-17       6.391735164059e-18 
 2183       1.967358713429e-11       7.807343984596e-13       1.101905205565e-14       0.000000000000e+00       2.605076584955e-16       4.390824314418e-17       6.465163599329e-18 
 2184       1.956750722387e-11       7.848357596939e-13       6.826405287888e-15       0.000000000000e+00       2.600187415369e-16       4.353847378926e-17       6.538243714525e-18 
 2185       1.946221851061e-11       7.889086664982e-13       2.295458588525e-15       0.000000000000e+00       2.595309459326e-16       4.317282627562e-17       6.610889926294e-18 
 2186       1.935773673293e-11       7.929512387283e-13      -2.568809482549e-15       0.000000000000e+00       2.590442691648e-16       4.281113668602e-17       6.683016341205e-18 
 2187       1.925407767985e-11       7.969615896073e-13      -7.761399634500e-15       0.000000000000e+00       2.585587086918e-16       4.245324046868e-17       6.754536755394e-18 
 2188       1.915125719096e-11       8.009378257183e-13      -1.327729182091e-14       0.000000000000e+00       2.580742619484e-16       4.209897243647e-17       6.825364654214e-18 
 2189       1.904929115655e-11       8.048780469967e-13      -1.911144521514e-14       0.000000000000e+00       2.575909263458e-16       4.174816676621e-17       6.895413211880e-18 
 2190       1.894819551760e-11       8.087803467230e-13      -2.525879818564e-14       0.000000000000e+00       2.571086992717e-16       4.140065699791e-17       6.964595291116e-18 
 2191       1.884798626588e-11       8.126428115152e-13      -3.171426827138e-14       0.000000000000e+00       2.566275780900e-16       4.105627603407e-17       7.032823442800e-18 
 2192       1.874867944397e-11       8.164635213214e-13      -3.847275215712e-14       0.000000000000e+00       2.561475601408e-16       4.071485613888e-17       7.100009905616e-18 
 2193       1.865029114536e-11       8.202405494119e-13      -4.552912564881e-14       0.000000000000e+00       2.556686427407e-16       4.037622893754e-17       7.166066605693e-18 
 2194       1.855283751447e-11       8.239719623724e-13      -5.287824364894e-14       0.000000000000e+00       2.551908231823e-16       4.004022541548e-17       7.230905156259e-18 
 2195       1.845633474669e-11       8.276558200961e-13      -6.051494013186e-14       0.000000000000e+00       2.547140987346e-16       3.970667591763e-17       7.294436857284e-18 
 2196       1.836079908848e-11       8.312901757760e-13      -6.843402811919e-14       0.000000000000e+00       2.542384666425e-16       3.937541014769e-17       7.356572695126e-18 
 2197       1.826624683741e-11       8.348730758981e-13      -7.663029965511e-14       0.000000000000e+00       2.537639241273e-16       3.904625716739e-17       7.417223342182e-18 
 2198       1.817269434218e-11       8.384025602333e-13      -8.509852578175e-14       0.000000000000e+00       2.532904683861e-16       3.871904539575e-17       7.476299156529e-18 
 2199       1.808015800273e-11       8.418766618302e-13      -9.383345651454e-14       0.000000000000e+00       2.528180965924e-16       3.839360260832e-17       7.533710181576e-18 
 2200       1.798865427026e-11       8.452934070075e-13      -1.028298208176e-13       0.000000000000e+00       2.523468058954e-16       3.806975593648e-17       7.589366145706e-18 
 2201       1.789819964727e-11       8.486508153466e-13      -1.120823265789e-13       0.000000000000e+00       2.518765934206e-16       3.774733186666e-17       7.643176461928e-18 
 2202       1.780881068768e-11       8.519468996841e-13      -1.215856605859e-13       0.000000000000e+00       2.514074562690e-16       3.742615623963e-17       7.695050227520e-18 
 2203       1.772050399681e-11       8.551796661045e-13      -1.313344885008e-13       0.000000000000e+00       2.509393915181e-16       3.710605424973e-17       7.744896223674e-18 
 2204       1.763329623147e-11       8.583471139322e-13      -1.413234548357e-13       0.000000000000e+00       2.504723962209e-16       3.678685044419e-17       7.792622915149e-18 
 2205       1.754720410003e-11       8.614472357245e-13      -1.515471829283e-13       0.000000000000e+00       2.500064674063e-16       3.646836872231e-17       7.838138449914e-18 
 2206       1.746224436243e-11       8.644780172642e-13      -1.620002749168e-13       0.000000000000e+00       2.495416020791e-16       3.615043233479e-17       7.881350658791e-18 
 2207       1.737843383029e-11       8.674374375514e-13      -1.726773117159e-13       0.000000000000e+00       2.490777972199e-16       3.583286388294e-17       7.922167055111e-18 
 2208       1.729578936692e-11       8.703234687971e-13      -1.835728529913e-13       0.000000000000e+00       2.486150497849e-16       3.551548531799e-17       7.960494834351e-18 
 2209       1.721432788739e-11       8.731340764146e-13      -1.946814371359e-13       0.000000000000e+00       2.481533567063e-16       3.519811794029e-17       7.996240873788e-18 
 2210       1.713406635860e-11       8.758672190128e-13      -2.059975812447e-13       0.000000000000e+00       2.476927148918e-16       3.488058239863e-17       8.029311732142e-18 
 2211       1.705501864442e-11       8.785211140866e-13      -2.175156540421e-13       0.000000000000e+00       2.472331213634e-16       3.456273888634e-17       8.059638406253e-18 
 2212       1.697718601830e-11       8.810950370270e-13      -2.292294937947e-13       0.000000000000e+00       2.467745736748e-16       3.424460802204e-17       8.087250780973e-18 
 2213       1.690056658798e-11       8.835885273861e-13      -2.411327878198e-13       0.000000000000e+00       2.463170694967e-16       3.392625076780e-17       8.112203671519e-18 
 2214       1.682515844461e-11       8.860011236592e-13      -2.532191992754e-13       0.000000000000e+00       2.458606064782e-16       3.360772830518e-17       8.134552111457e-18 
 2215       1.675095966279e-11       8.883323632831e-13      -2.654823671332e-13       0.000000000000e+00       2.454051822471e-16       3.328910203550e-17       8.154351352951e-18 
 2216       1.667796830047e-11       8.905817826356e-13      -2.779159061501e-13       0.000000000000e+00       2.449507944098e-16       3.297043358007e-17       8.171656867023e-18 
 2217       1.660618239900e-11       8.927489170343e-13      -2.905134068409e-13       0.000000000000e+00       2.444974405509e-16       3.265178478041e-17       8.186524343805e-18 
 2218       1.653559998305e-11       8.948333007358e-13      -3.032684354505e-13       0.000000000000e+00       2.440451182338e-16       3.233321769855e-17       8.199009692792e-18 
 2219       1.646621906065e-11       8.968344669345e-13      -3.161745339259e-13       0.000000000000e+00       2.435938250000e-16       3.201479461726e-17       8.209169043099e-18 
 2220       1.639803762310e-11       8.987519477619e-13      -3.292252198885e-13       0.000000000000e+00       2.431435583695e-16       3.169657804026e-17       8.217058743712e-18 
 2221       1.633105364499e-11       9.005852742855e-13      -3.424139866066e-13       0.000000000000e+00       2.426943158408e-16       3.137863069252e-17       8.222735363744e-18 
 2222       1.626526508417e-11       9.023339765078e-13      -3.557343029673e-13       0.000000000000e+00       2.422460948905e-16       3.106101552047e-17       8.226255692690e-18 
 2223       1.620066988171e-11       9.039975833655e-13      -3.691796134489e-13       0.000000000000e+00       2.417988929736e-16       3.074379569226e-17       8.227676740679e-18 
 2224       1.613726596190e-11       9.055756227283e-13      -3.827433380931e-13       0.000000000000e+00       2.413527075235e-16       3.042703459801e-17       8.227055738728e-18 
 2225       1.607505123222e-11       9.070676213982e-13      -3.964188724774e-13       0.000000000000e+00       2.409075359515e-16       3.011079585006e-17       8.224450139001e-18 
 2226       1.601402358332e-11       9.084731051084e-13      -4.101995876870e-13       0.000000000000e+00       2.404633756474e-16       2.979514328319e-17       8.219917615057e-18 
 2227       1.595418088899e-11       9.097915985223e-13      -4.240788302871e-13       0.000000000000e+00       2.400202239790e-16       2.948014095491e-17       8.213516062108e-18 
 2228       1.589552100612e-11       9.110226252325e-13      -4.380499222956e-13       0.000000000000e+00       2.395780782925e-16       2.916585314567e-17       8.205303597270e-18 
 2229       1.583804177474e-11       9.121657077603e-13      -4.521061611547e-13       0.000000000000e+00       2.391369359120e-16       2.885234435913e-17       8.195338559821e-18 
 2230       1.578174101792e-11       9.132203675538e-13      -4.662408197036e-13       0.000000000000e+00       2.386967941396e-16       2.853967932238e-17       8.183679511455e-18 
 2231       1.572661654181e-11       9.141861249880e-13      -4.804471461505e-13       0.000000000000e+00       2.382576502556e-16       2.822792298623e-17       8.170385236531e-18 
 2232       1.567266613556e-11       9.150624993630e-13      -4.947183640447e-13       0.000000000000e+00       2.378195015185e-16       2.791714052542e-17       8.155514742334e-18 
 2233       1.561988757136e-11       9.158490089037e-13      -5.090476722494e-13       0.000000000000e+00       2.373823451644e-16       2.760739733888e-17       8.139127259323e-18 
 2234       1.556827860436e-11       9.165451707581e-13      -5.234282449133e-13       0.000000000000e+00       2.369461784077e-16       2.729875904997e-17       8.121282241391e-18 
 2235       1.551783697270e-11       9.171505009972e-13      -5.378532314430e-13       0.000000000000e+00       2.365109984405e-16       2.699129150673e-17       8.102039366115e-18 
 2236       1.546856039744e-11       9.176645146132e-13      -5.523157564758e-13       0.000000000000e+00       2.360768024330e-16       2.668506078216e-17       8.081458535012e-18 
 2237       1.542044658257e-11       9.180867255192e-13      -5.668089198509e-13       0.000000000000e+00       2.356435875331e-16       2.638013317439e-17       8.059599873792e-18 
 2238       1.537349321496e-11       9.184166465479e-13      -5.813257965825e-13       0.000000000000e+00       2.352113508666e-16       2.607657520701e-17       8.036523732613e-18 
 2239       1.532769796437e-11       9.186537894506e-13      -5.958594368319e-13       0.000000000000e+00       2.347800895372e-16       2.577445362926e-17       8.012290686337e-18 
 2240       1.528305848340e-11       9.187976648965e-13      -6.104028658792e-13       0.000000000000e+00       2.343498006264e-16       2.547383541631e-17       7.986961534780e-18 
 2241       1.523957240750e-11       9.188477824714e-13      -6.249490840961e-13       0.000000000000e+00       2.339204811932e-16       2.517478776950e-17       7.960597302969e-18 
 2242       1.519723735488e-11       9.188036506771e-13      -6.394910669181e-13       0.000000000000e+00       2.334921282745e-16       2.487737811655e-17       7.933259241397e-18 
 2243       1.515605092659e-11       9.186647769301e-13      -6.540217648162e-13       0.000000000000e+00       2.330647388851e-16       2.458167411187e-17       7.905008826276e-18 
 2244       1.511601070640e-11       9.184306675610e-13      -6.685341032699e-13       0.000000000000e+00       2.326383100170e-16       2.428774363676e-17       7.875907759788e-18 
 2245       1.507711426083e-11       9.181008278130e-13      -6.830209827388e-13       0.000000000000e+00       2.322128386402e-16       2.399565479969e-17       7.846017970346e-18 
 2246       1.503935913912e-11       9.176747618417e-13      -6.974752786352e-13       0.000000000000e+00       2.317883217021e-16       2.370547593649e-17       7.815401612842e-18 
 2247       1.500274287319e-11       9.171519727133e-13      -7.118898412962e-13       0.000000000000e+00       2.313647561278e-16       2.341727561069e-17       7.784121068906e-18 
 2248       1.496726297766e-11       9.165319624043e-13      -7.262574959559e-13       0.000000000000e+00       2.309421388200e-16       2.313112261366e-17       7.752238947155e-18 
 2249       1.493291694976e-11       9.158142318002e-13      -7.405710427179e-13       0.000000000000e+00       2.305204666586e-16       2.284708596495e-17       7.719818083453e-18 
 2250       1.489970226937e-11       9.149982806946e-13      -7.548232565270e-13       0.000000000000e+00       2.300997365013e-16       2.256523491247e-17       7.686921541160e-18 
 2251       1.486761441895e-11       9.140838395437e-13      -7.690074046280e-13       0.000000000000e+00       2.296799453696e-16       2.228563824039e-17       7.653601039154e-18 
 2252       1.483664092939e-11       9.130715663789e-13      -7.831188026733e-13       0.000000000000e+00       2.292610910096e-16       2.200836218730e-17       7.619862153127e-18 
 2253       1.480676729540e-11       9.119623544246e-13      -7.971532686804e-13       0.000000000000e+00       2.288431713350e-16       2.173347251498e-17       7.585698888472e-18 
 2254       1.477797895194e-11       9.107571007593e-13      -8.111066064491e-13       0.000000000000e+00       2.284261842407e-16       2.146103519979e-17       7.551105231950e-18 
 2255       1.475026127414e-11       9.094567063198e-13      -8.249746055462e-13       0.000000000000e+00       2.280101276030e-16       2.119111643294e-17       7.516075151667e-18 
 2256       1.472359957724e-11       9.080620759058e-13      -8.387530412899e-13       0.000000000000e+00       2.275949992795e-16       2.092378262066e-17       7.480602597058e-18 
 2257       1.469797911654e-11       9.065741181844e-13      -8.524376747340e-13       0.000000000000e+00       2.271807971091e-16       2.065910038445e-17       7.444681498866e-18 
 2258       1.467338508727e-11       9.049937456948e-13      -8.660242526529e-13       0.000000000000e+00       2.267675189118e-16       2.039713656136e-17       7.408305769119e-18 
 2259       1.464980262461e-11       9.033218748526e-13      -8.795085075259e-13       0.000000000000e+00       2.263551624890e-16       2.013795820413e-17       7.371469301116e-18 
 2260       1.462721680354e-11       9.015594259544e-13      -8.928861575215e-13       0.000000000000e+00       2.259437256231e-16       1.988163258152e-17       7.334165969404e-18 
 2261       1.460561263880e-11       8.997073231825e-13      -9.061529064819e-13       0.000000000000e+00       2.255332060778e-16       1.962822717845e-17       7.296389629757e-18 
 2262       1.458497508485e-11       8.977664946090e-13      -9.193044439079e-13       0.000000000000e+00       2.251236015978e-16       1.937780969630e-17       7.258134119160e-18 
 2263       1.456528903575e-11       8.957378722009e-13      -9.323364449429e-13       0.000000000000e+00       2.247149099091e-16       1.913044805309e-17       7.219393255784e-18 
 2264       1.454653932513e-11       8.936223918240e-13      -9.452445703574e-13       0.000000000000e+00       2.243071287187e-16       1.888621038375e-17       7.180160838972e-18 
 2265       1.452871072608e-11       8.914209932479e-13      -9.580244665340e-13       0.000000000000e+00       2.239002557145e-16       1.864516504032e-17       7.140430649217e-18 
 2266       1.451178795114e-11       8.891346201504e-13      -9.706717654514e-13       0.000000000000e+00       2.234942885657e-16       1.840738059221e-17       7.100196448138e-18 
 2267       1.449575565216e-11       8.867642201219e-13      -9.831820846689e-13       0.000000000000e+00       2.230892249223e-16       1.817292582639e-17       7.059451978470e-18 
 2268       1.448059842031e-11       8.843107446700e-13      -9.955510273111e-13       0.000000000000e+00       2.226850624154e-16       1.794186974768e-17       7.018190964032e-18 
 2269       1.446630078592e-11       8.817751492242e-13      -1.007774182052e-12       0.000000000000e+00       2.222817986569e-16       1.771428157891e-17       6.976407109719e-18 
 2270       1.445284721849e-11       8.791583931399e-13      -1.019847123101e-12       0.000000000000e+00       2.218794312399e-16       1.749023076120e-17       6.934094101473e-18 
 2271       1.444022212658e-11       8.764614397037e-13      -1.031765410185e-12       0.000000000000e+00       2.214779577381e-16       1.726978695418e-17       6.891245606269e-18 
 2272       1.442840985775e-11       8.736852561372e-13      -1.043524588533e-12       0.000000000000e+00       2.210773757063e-16       1.705302003622e-17       6.847855272094e-18 
 2273       1.441739469848e-11       8.708308136020e-13      -1.055120188864e-12       0.000000000000e+00       2.206776826801e-16       1.684000010465e-17       6.803916727924e-18 
 2274       1.440716087413e-11       8.678990872040e-13      -1.066547727368e-12       0.000000000000e+00       2.202788761758e-16       1.663079747600e-17       6.759423583710e-18 
 2275       1.439769254883e-11       8.648910559979e-13      -1.077802705692e-12       0.000000000000e+00       2.198809536906e-16       1.642548268622e-17       6.714369430352e-18 
 2276       1.438897382544e-11       8.618077029918e-13      -1.088880610923e-12       0.000000000000e+00       2.194839127025e-16       1.622412649094e-17       6.668747839685e-18 
 2277       1.438098874548e-11       8.586500151520e-13      -1.099776915575e-12       0.000000000000e+00       2.190877506702e-16       1.602679986566e-17       6.622552364455e-18 
 2278       1.437372128905e-11       8.554189834069e-13      -1.110487077571e-12       0.000000000000e+00       2.186924650332e-16       1.583357400602e-17       6.575776538302e-18 
 2279       1.436715537475e-11       8.521156026521e-13      -1.121006540229e-12       0.000000000000e+00       2.182980532115e-16       1.564452032798e-17       6.528413875737e-18 
 2280       1.436127485964e-11       8.487408717545e-13      -1.131330732246e-12       0.000000000000e+00       2.179045126061e-16       1.545971046811e-17       6.480457872128e-18 
 2281       1.435606353915e-11       8.452957935572e-13      -1.141455067683e-12       0.000000000000e+00       2.175118405983e-16       1.527921628379e-17       6.431902003673e-18 
 2282       1.435150514700e-11       8.417813748837e-13      -1.151374945947e-12       0.000000000000e+00       2.171200345502e-16       1.510310985343e-17       6.382739727386e-18 
 2283       1.434758335518e-11       8.381986265427e-13      -1.161085751781e-12       0.000000000000e+00       2.167290918044e-16       1.493146347671e-17       6.332964481073e-18 
 2284       1.434428177381e-11       8.345485633325e-13      -1.170582855241e-12       0.000000000000e+00       2.163390096843e-16       1.476434967483e-17       6.282569683318e-18 
 2285       1.434158395112e-11       8.308322040454e-13      -1.179861611688e-12       0.000000000000e+00       2.159497854935e-16       1.460184119071e-17       6.231548733457e-18 
 2286       1.433947337339e-11       8.270505714723e-13      -1.188917361766e-12       0.000000000000e+00       2.155614165164e-16       1.444401098925e-17       6.179895011560e-18 
 2287       1.433793346483e-11       8.232046924075e-13      -1.197745431392e-12       0.000000000000e+00       2.151739000177e-16       1.429093225752e-17       6.127601878414e-18 
 2288       1.433694758754e-11       8.192955976527e-13      -1.206341131737e-12       0.000000000000e+00       2.147872332426e-16       1.414267840505e-17       6.074662675502e-18 
 2289       1.433649904146e-11       8.153243220221e-13      -1.214699759209e-12       0.000000000000e+00       2.144014134169e-16       1.399932306400e-17       6.021070724980e-18 
 2290       1.433657106425e-11       8.112919043465e-13      -1.222816595444e-12       0.000000000000e+00       2.140164377466e-16       1.386094008942e-17       5.966819329662e-18 
 2291       1.433714687650e-11       8.071994659111e-13      -1.230687670760e-12       0.000000000000e+00       2.136323036025e-16       1.372757844003e-17       5.911911681988e-18 
 2292       1.433820981753e-11       8.030484463079e-13      -1.238312059903e-12       0.000000000000e+00       2.132490090738e-16       1.359918664461e-17       5.856390660183e-18 
 2293       1.433974321030e-11       7.988403690998e-13      -1.245689600947e-12       0.000000000000e+00       2.128665524180e-16       1.347568785338e-17       5.800309222468e-18 
 2294       1.434173031618e-11       7.945767635301e-13      -1.252820133143e-12       0.000000000000e+00       2.124849318766e-16       1.335700491326e-17       5.743720515568e-18 
 2295       1.434415433489e-11       7.902591645292e-13      -1.259703496931e-12       0.000000000000e+00       2.121041456754e-16       1.324306036755e-17       5.686677874917e-18 
 2296       1.434699840446e-11       7.858891127206e-13      -1.266339533934e-12       0.000000000000e+00       2.117241920244e-16       1.313377645559e-17       5.629234824864e-18 
 2297       1.435024560111e-11       7.814681544276e-13      -1.272728086965e-12       0.000000000000e+00       2.113450691174e-16       1.302907511237e-17       5.571445078882e-18 
 2298       1.435387893921e-11       7.769978416794e-13      -1.278869000025e-12       0.000000000000e+00       2.109667751325e-16       1.292887796824e-17       5.513362539772e-18 
 2299       1.435788137122e-11       7.724797322171e-13      -1.284762118308e-12       0.000000000000e+00       2.105893082319e-16       1.283310634854e-17       5.455041299874e-18 
 2300       1.436223578761e-11       7.679153895008e-13      -1.290407288204e-12       0.000000000000e+00       2.102126665619e-16       1.274168127328e-17       5.396535641267e-18 
 2301       1.436692501678e-11       7.633063827151e-13      -1.295804357294e-12       0.000000000000e+00       2.098368482525e-16       1.265452345676e-17       5.337900035982e-18 
 2302       1.437193182502e-11       7.586542867760e-13      -1.300953174362e-12       0.000000000000e+00       2.094618514180e-16       1.257155330725e-17       5.279189146206e-18 
 2303       1.437723891642e-11       7.539606823368e-13      -1.305853589387e-12       0.000000000000e+00       2.090876741567e-16       1.249269092665e-17       5.220457824489e-18 
 2304       1.438282893281e-11       7.492271557949e-13      -1.310505453552e-12       0.000000000000e+00       2.087143145506e-16       1.241785611012e-17       5.161761113949e-18 
 2305       1.438868445368e-11       7.444552992974e-13      -1.314908619245e-12       0.000000000000e+00       2.083417706658e-16       1.234696834577e-17       5.103154248483e-18 
 2306       1.439478799613e-11       7.396467107481e-13      -1.319062940055e-12       0.000000000000e+00       2.079700405524e-16       1.227994681431e-17       5.044692652969e-18 
 2307       1.440112201478e-11       7.348029938136e-13      -1.322968270783e-12       0.000000000000e+00       2.075991222443e-16       1.221671038868e-17       4.986431943476e-18 
 2308       1.440766890174e-11       7.299257579294e-13      -1.326624467437e-12       0.000000000000e+00       2.072290137592e-16       1.215717763373e-17       4.928427927468e-18 
 2309       1.441441098650e-11       7.250166183066e-13      -1.330031387236e-12       0.000000000000e+00       2.068597130988e-16       1.210126680588e-17       4.870736604013e-18 
 2310       1.442133053586e-11       7.200771959378e-13      -1.333188888613e-12       0.000000000000e+00       2.064912182484e-16       1.204889585276e-17       4.813414163989e-18 
 2311       1.442840975391e-11       7.151091176037e-13      -1.336096831216e-12       0.000000000000e+00       2.061235271774e-16       1.199998241287e-17       4.756516990292e-18 
 2312       1.443563078192e-11       7.101140158793e-13      -1.338755075910e-12       0.000000000000e+00       2.057566378389e-16       1.195444381525e-17       4.700101658037e-18 
 2313       1.444297569826e-11       7.050935291403e-13      -1.341163484780e-12       0.000000000000e+00       2.053905481696e-16       1.191219707912e-17       4.644224934773e-18 
 2314       1.445042651840e-11       7.000493015695e-13      -1.343321921129e-12       0.000000000000e+00       2.050252560900e-16       1.187315891355e-17       4.588943780684e-18 
 2315       1.445796519475e-11       6.949829831626e-13      -1.345230249486e-12       0.000000000000e+00       2.046607595045e-16       1.183724571710e-17       4.534315348798e-18 
 2316       1.446557361666e-11       6.898962297354e-13      -1.346888335603e-12       0.000000000000e+00       2.042970563010e-16       1.180437357750e-17       4.480396985192e-18 
 2317       1.447323361034e-11       6.847907029292e-13      -1.348296046460e-12       0.000000000000e+00       2.039341443512e-16       1.177445827129e-17       4.427246229201e-18 
 2318       1.448092693874e-11       6.796680702177e-13      -1.349453250264e-12       0.000000000000e+00       2.035720215104e-16       1.174741526347e-17       4.374920813622e-18 
 2319       1.448863530157e-11       6.745300049132e-13      -1.350359816454e-12       0.000000000000e+00       2.032106856175e-16       1.172315970717e-17       4.323478664924e-18 
 2320       1.449634033516e-11       6.693781861729e-13      -1.351015615701e-12       0.000000000000e+00       2.028501344951e-16       1.170160644332e-17       4.272977903451e-18 
 2321       1.450402361241e-11       6.642142990049e-13      -1.351420519910e-12       0.000000000000e+00       2.024903659493e-16       1.168267000025e-17       4.223476843632e-18 
 2322       1.451166664274e-11       6.590400342752e-13      -1.351574402223e-12       0.000000000000e+00       2.021313777698e-16       1.166626459343e-17       4.175033994186e-18 
 2323       1.451925087199e-11       6.538570887134e-13      -1.351477137020e-12       0.000000000000e+00       2.017731677300e-16       1.165230412505e-17       4.127708058327e-18 
 2324       1.452675768241e-11       6.486671649192e-13      -1.351128599922e-12       0.000000000000e+00       2.014157335865e-16       1.164070218372e-17       4.081557933976e-18 
 2325       1.453416839251e-11       6.434719713688e-13      -1.350528667792e-12       0.000000000000e+00       2.010590730797e-16       1.163137204413e-17       4.036642713962e-18 
 2326       1.454146425705e-11       6.382732224213e-13      -1.349677218735e-12       0.000000000000e+00       2.007031839334e-16       1.162422666666e-17       3.993021686232e-18 
 2327       1.454862646695e-11       6.330726383246e-13      -1.348574132105e-12       0.000000000000e+00       2.003480638548e-16       1.161917869709e-17       3.950754334055e-18 
 2328       1.455563614925e-11       6.278719452222e-13      -1.347219288502e-12       0.000000000000e+00       1.999937105346e-16       1.161614046623e-17       3.909900336234e-18 
 2329       1.456247436699e-11       6.226728751594e-13      -1.345612569778e-12       0.000000000000e+00       1.996401216469e-16       1.161502398959e-17       3.870519567306e-18 
 2330       1.456912211918e-11       6.174771660892e-13      -1.343753859034e-12       0.000000000000e+00       1.992872948492e-16       1.161574096700e-17       3.832672097753e-18 
 2331       1.457556198189e-11       6.122864715411e-13      -1.341643583495e-12       0.000000000000e+00       1.989352279508e-16       1.161821425348e-17       3.796395011065e-18 
 2332       1.458178304290e-11       6.071020889919e-13      -1.339284346840e-12       0.000000000000e+00       1.985839194197e-16       1.162241235106e-17       3.761632695389e-18 
 2333       1.458777599793e-11       6.019252298010e-13      -1.336679307126e-12       0.000000000000e+00       1.982333678787e-16       1.162831513290e-17       3.728306114460e-18 
 2334       1.459353151219e-11       5.967571093982e-13      -1.333831634865e-12       0.000000000000e+00       1.978835719377e-16       1.163590239168e-17       3.696335950676e-18 
 2335       1.459904022042e-11       5.915989472879e-13      -1.330744513039e-12       0.000000000000e+00       1.975345301929e-16       1.164515383955e-17       3.665642604799e-18 
 2336       1.460429272683e-11       5.864519670532e-13      -1.327421137111e-12       0.000000000000e+00       1.971862412278e-16       1.165604910801e-17       3.636146195646e-18 
 2337       1.460927960505e-11       5.813173963605e-13      -1.323864715044e-12       0.000000000000e+00       1.968387036121e-16       1.166856774785e-17       3.607766559785e-18 
 2338       1.461399139812e-11       5.761964669639e-13      -1.320078467308e-12       0.000000000000e+00       1.964919159026e-16       1.168268922903e-17       3.580423251232e-18 
 2339       1.461841861846e-11       5.710904147093e-13      -1.316065626900e-12       0.000000000000e+00       1.961458766427e-16       1.169839294060e-17       3.554035541141e-18 
 2340       1.462255174782e-11       5.660004795387e-13      -1.311829439356e-12       0.000000000000e+00       1.958005843623e-16       1.171565819060e-17       3.528522417505e-18 
 2341       1.462638123725e-11       5.609279054946e-13      -1.307373162763e-12       0.000000000000e+00       1.954560375782e-16       1.173446420600e-17       3.503802584847e-18 
 2342       1.462989750710e-11       5.558739407244e-13      -1.302700067775e-12       0.000000000000e+00       1.951122347938e-16       1.175479013258e-17       3.479794463913e-18 
 2343       1.463309094694e-11       5.508398374848e-13      -1.297813437628e-12       0.000000000000e+00       1.947691744989e-16       1.177661503485e-17       3.456416191374e-18 
 2344       1.463595191556e-11       5.458268521458e-13      -1.292716568148e-12       0.000000000000e+00       1.944268551701e-16       1.179991789596e-17       3.433585619514e-18 
 2345       1.463847074093e-11       5.408362451952e-13      -1.287412767775e-12       0.000000000000e+00       1.940852752707e-16       1.182467761762e-17       3.411220315928e-18 
 2346       1.464063772017e-11       5.358692812430e-13      -1.281905357567e-12       0.000000000000e+00       1.937444332503e-16       1.185087301999e-17       3.389237563217e-18 
 2347       1.464244311950e-11       5.309272290257e-13      -1.276197671218e-12       0.000000000000e+00       1.934043275452e-16       1.187848284158e-17       3.367554358682e-18 
 2348       1.464387717424e-11       5.260113614104e-13      -1.270293055074e-12       0.000000000000e+00       1.930649565783e-16       1.190748573921e-17       3.346087414019e-18 
 2349       1.464493008875e-11       5.211229553993e-13      -1.264194868144e-12       0.000000000000e+00       1.927263187588e-16       1.193786028788e-17       3.324753155016e-18 
 2350       1.464559203641e-11       5.162632921343e-13      -1.257906482115e-12       0.000000000000e+00       1.923884124827e-16       1.196958498067e-17       3.303467721243e-18 
 2351       1.464585315959e-11       5.114336569007e-13      -1.251431281365e-12       0.000000000000e+00       1.920512361322e-16       1.200263822869e-17       3.282146965754e-18 
 2352       1.464570356961e-11       5.066353391320e-13      -1.244772662979e-12       0.000000000000e+00       1.917147880761e-16       1.203699836095e-17       3.260706454775e-18 
 2353       1.464513334672e-11       5.018696324142e-13      -1.237934036759e-12       0.000000000000e+00       1.913790666696e-16       1.207264362430e-17       3.239061467402e-18 
 2354       1.464413254004e-11       4.971378344897e-13      -1.230918825242e-12       0.000000000000e+00       1.910440702544e-16       1.210955218333e-17       3.217126995298e-18 
 2355       1.464269116757e-11       4.924412472623e-13      -1.223730463714e-12       0.000000000000e+00       1.907097971586e-16       1.214770212025e-17       3.194817742384e-18 
 2356       1.464079921613e-11       4.877811768008e-13      -1.216372400220e-12       0.000000000000e+00       1.903762456965e-16       1.218707143486e-17       3.172048124536e-18 
 2357       1.463844664132e-11       4.831589333438e-13      -1.208848095580e-12       0.000000000000e+00       1.900434141691e-16       1.222763804440e-17       3.148732269280e-18 
 2358       1.463562336751e-11       4.785758313040e-13      -1.201161023405e-12       0.000000000000e+00       1.897113008635e-16       1.226937978351e-17       3.124784015487e-18 
 2359       1.463231928781e-11       4.740331892723e-13      -1.193314670108e-12       0.000000000000e+00       1.893799040532e-16       1.231227440408e-17       3.100116913067e-18 
 2360       1.462852426402e-11       4.695323300222e-13      -1.185312534918e-12       0.000000000000e+00       1.890492219981e-16       1.235629957524e-17       3.074644222663e-18 
 2361       1.462422812659e-11       4.650745805144e-13      -1.177158129897e-12       0.000000000000e+00       1.887192529444e-16       1.240143288319e-17       3.048278915349e-18 
 2362       1.461942067462e-11       4.606612719005e-13      -1.168854979951e-12       0.000000000000e+00       1.883899951243e-16       1.244765183115e-17       3.020933672323e-18 
 2363       1.461409167580e-11       4.562937395280e-13      -1.160406622842e-12       0.000000000000e+00       1.880614467567e-16       1.249493383929e-17       2.992520884602e-18 
 2364       1.460823086640e-11       4.519733229442e-13      -1.151816609210e-12       0.000000000000e+00       1.877336060465e-16       1.254325624458e-17       2.962952652717e-18 
 2365       1.460182795122e-11       4.477013659006e-13      -1.143088502576e-12       0.000000000000e+00       1.874064711848e-16       1.259259630075e-17       2.932140786408e-18 
 2366       1.459487260357e-11       4.434792163575e-13      -1.134225879365e-12       0.000000000000e+00       1.870800403491e-16       1.264293117819e-17       2.899996804318e-18 
 2367       1.458735446522e-11       4.393082264879e-13      -1.125232328916e-12       0.000000000000e+00       1.867543117029e-16       1.269423796383e-17       2.866431933691e-18 
 2368       1.457926314638e-11       4.351897526819e-13      -1.116111453494e-12       0.000000000000e+00       1.864292833960e-16       1.274649366111e-17       2.831357110063e-18 
 2369       1.457058822568e-11       4.311251555515e-13      -1.106866868309e-12       0.000000000000e+00       1.861049535643e-16       1.279967518981e-17       2.794682976959e-18 
 2370       1.456131925013e-11       4.271157999341e-13      -1.097502201526e-12       0.000000000000e+00       1.857813203298e-16       1.285375938604e-17       2.756319885587e-18 
 2371       1.455144775191e-11       4.231628761391e-13      -1.088021164826e-12       0.000000000000e+00       1.854583818464e-16       1.290873008755e-17       2.716201021218e-18 
 2372       1.454097331258e-11       4.192668624694e-13      -1.078427765536e-12       0.000000000000e+00       1.851361364361e-16       1.296459943788e-17       2.674351938986e-18 
 2373       1.452989753626e-11       4.154280593891e-13      -1.068726095837e-12       0.000000000000e+00       1.848145824537e-16       1.302138671361e-17       2.630821456873e-18 
 2374       1.451822203620e-11       4.116467679813e-13      -1.058920262352e-12       0.000000000000e+00       1.844937182409e-16       1.307911125091e-17       2.585658568207e-18 
 2375       1.450594843482e-11       4.079232899483e-13      -1.049014386162e-12       0.000000000000e+00       1.841735421264e-16       1.313779244559e-17       2.538912441848e-18 
 2376       1.449307836369e-11       4.042579276127e-13      -1.039012602820e-12       0.000000000000e+00       1.838540524257e-16       1.319744975317e-17       2.490632422379e-18 
 2377       1.447961346355e-11       4.006509839171e-13      -1.028919062368e-12       0.000000000000e+00       1.835352474415e-16       1.325810268893e-17       2.440868030293e-18 
 2378       1.446555538433e-11       3.971027624253e-13      -1.018737929353e-12       0.000000000000e+00       1.832171254632e-16       1.331977082800e-17       2.389668962181e-18 
 2379       1.445090578513e-11       3.936135673225e-13      -1.008473382838e-12       0.000000000000e+00       1.828996847673e-16       1.338247380538e-17       2.337085090922e-18 
 2380       1.443566633427e-11       3.901837034159e-13      -9.981296164229e-13       0.000000000000e+00       1.825829236170e-16       1.344623131604e-17       2.283166465869e-18 
 2381       1.441983870930e-11       3.868134761350e-13      -9.877108382580e-13       0.000000000000e+00       1.822668402625e-16       1.351106311493e-17       2.227963313040e-18 
 2382       1.440342459696e-11       3.835031915324e-13      -9.772212710579e-13       0.000000000000e+00       1.819514329408e-16       1.357698901710e-17       2.171526035304e-18 
 2383       1.438642569326e-11       3.802531562841e-13      -9.666651521185e-13       0.000000000000e+00       1.816366998757e-16       1.364402889774e-17       2.113905212571e-18 
 2384       1.436884370342e-11       3.770636776902e-13      -9.560467333319e-13       0.000000000000e+00       1.813226392781e-16       1.371220269220e-17       2.055151601980e-18 
 2385       1.435068034195e-11       3.739350636753e-13      -9.453702812021e-13       0.000000000000e+00       1.810092493452e-16       1.378153039612e-17       1.995316138087e-18 
 2386       1.433193733262e-11       3.708676227887e-13      -9.346400768602e-13       0.000000000000e+00       1.806965282616e-16       1.385203206544e-17       1.934449933054e-18 
 2387       1.431261640848e-11       3.678616642057e-13      -9.238604160797e-13       0.000000000000e+00       1.803844741981e-16       1.392372781648e-17       1.872604276836e-18 
 2388       1.429271931185e-11       3.649174977272e-13      -9.130356092923e-13       0.000000000000e+00       1.800730853126e-16       1.399663782600e-17       1.809830637371e-18 
 2389       1.427224779439e-11       3.620354337808e-13      -9.021699816031e-13       0.000000000000e+00       1.797623597496e-16       1.407078233126e-17       1.746180660769e-18 
 2390       1.425120361704e-11       3.592157834212e-13      -8.912678728059e-13       0.000000000000e+00       1.794522956405e-16       1.414618163007e-17       1.681706171496e-18 
 2391       1.422958855007e-11       3.564588583304e-13      -8.803336373990e-13       0.000000000000e+00       1.791428911032e-16       1.422285608087e-17       1.616459172569e-18 
 2392       1.420740437310e-11       3.537649708188e-13      -8.693716446001e-13       0.000000000000e+00       1.788341442423e-16       1.430082610278e-17       1.550491845738e-18 
 2393       1.418465287508e-11       3.511344338250e-13      -8.583862783622e-13       0.000000000000e+00       1.785260531493e-16       1.438011217567e-17       1.483856551678e-18 
 2394       1.416133585432e-11       3.485675609169e-13      -8.473819373887e-13       0.000000000000e+00       1.782186159020e-16       1.446073484020e-17       1.416605830179e-18 
 2395       1.413745511850e-11       3.460646662920e-13      -8.363630351492e-13       0.000000000000e+00       1.779118305651e-16       1.454271469790e-17       1.348792400328e-18 
 2396       1.411301248467e-11       3.436260647776e-13      -8.253339998943e-13       0.000000000000e+00       1.776056951899e-16       1.462607241124e-17       1.280469160705e-18 
 2397       1.408800977927e-11       3.412520718319e-13      -8.142992746718e-13       0.000000000000e+00       1.773002078142e-16       1.471082870364e-17       1.211689189565e-18 
 2398       1.406244883815e-11       3.389430035441e-13      -8.032633173413e-13       0.000000000000e+00       1.769953664625e-16       1.479700435962e-17       1.142505745031e-18 
 2399       1.403633150657e-11       3.366991766349e-13      -7.922306005905e-13       0.000000000000e+00       1.766911691457e-16       1.488462022475e-17       1.072972265280e-18 
 2400       1.400965963919e-11       3.345209084572e-13      -7.812056119497e-13       0.000000000000e+00       1.763876138615e-16       1.497369720582e-17       1.003142368731e-18 
 2401       1.398243510012e-11       3.324085169966e-13      -7.701928538081e-13       0.000000000000e+00       1.760846985938e-16       1.506425627082e-17       9.330698542347e-19 
 2402       1.395465976292e-11       3.303623208717e-13      -7.591968434285e-13       0.000000000000e+00       1.757824213134e-16       1.515631844903e-17       8.628087012627e-19 
 2403       1.392633551058e-11       3.283826393347e-13      -7.482221129632e-13       0.000000000000e+00       1.754807799773e-16       1.524990483110e-17       7.924130700932e-19 
 2404       1.389746423559e-11       3.264697922721e-13      -7.372732094691e-13       0.000000000000e+00       1.751797725292e-16       1.534503656908e-17       7.219373020012e-19 
 2405       1.386804783988e-11       3.246241002051e-13      -7.263546949235e-13       0.000000000000e+00       1.748793968991e-16       1.544173487650e-17       6.514359194464e-19 
 2406       1.383808823489e-11       3.228458842897e-13      -7.154711462391e-13       0.000000000000e+00       1.745796510036e-16       1.554002102842e-17       5.809636262619e-19 
 2407       1.380758734154e-11       3.211354663180e-13      -7.046271552798e-13       0.000000000000e+00       1.742805327455e-16       1.563991636150e-17       5.105753078420e-19 
 2408       1.377654709029e-11       3.194931687181e-13      -6.938273288757e-13       0.000000000000e+00       1.739820400143e-16       1.574144227405e-17       4.403260313312e-19 
 2409       1.374496942107e-11       3.179193145547e-13      -6.830762888390e-13       0.000000000000e+00       1.736841706858e-16       1.584462022609e-17       3.702710458120e-19 
 2410       1.371285628340e-11       3.164142275298e-13      -6.723786719790e-13       0.000000000000e+00       1.733869226221e-16       1.594947173945e-17       3.004657824938e-19 
 2411       1.368021084534e-11       3.149780775933e-13      -6.617387782391e-13       0.000000000000e+00       1.730902938230e-16       1.605599676866e-17       2.309628869755e-19 
 2412       1.364704112880e-11       3.136104167497e-13      -6.511595127408e-13       0.000000000000e+00       1.727942828810e-16       1.616410867022e-17       1.618032959620e-19 
 2413       1.361335639637e-11       3.123106404337e-13      -6.406434373454e-13       0.000000000000e+00       1.724988885291e-16       1.627369883854e-17       9.302510673309e-20 
 2414       1.357916594432e-11       3.110781416409e-13      -6.301931219574e-13       0.000000000000e+00       1.722041094895e-16       1.638465829884e-17       2.466654027551e-20 
 2415       1.354447910263e-11       3.099123109251e-13      -6.198111445332e-13       0.000000000000e+00       1.719099444737e-16       1.649687770673e-17      -4.323405859021e-20 
 2416       1.350930523505e-11       3.088125363961e-13      -6.095000910884e-13       0.000000000000e+00       1.716163921827e-16       1.661024734784e-17      -1.106382210825e-19 
 2417       1.347365373911e-11       3.077782037166e-13      -5.992625557068e-13       0.000000000000e+00       1.713234513066e-16       1.672465713744e-17      -1.775073543318e-19 
 2418       1.343753404614e-11       3.068086960996e-13      -5.891011405481e-13       0.000000000000e+00       1.710311205247e-16       1.683999662003e-17      -2.438027412531e-19 
 2419       1.340095562137e-11       3.059033943059e-13      -5.790184558559e-13       0.000000000000e+00       1.707393985059e-16       1.695615496899e-17      -3.094855404189e-19 
 2420       1.336392796388e-11       3.050616766411e-13      -5.690171199665e-13       0.000000000000e+00       1.704482839081e-16       1.707302098617e-17      -3.745167859325e-19 
 2421       1.332646060673e-11       3.042829189534e-13      -5.590997593164e-13       0.000000000000e+00       1.701577753784e-16       1.719048310150e-17      -4.388573873002e-19 
 2422       1.328856311690e-11       3.035664946303e-13      -5.492690084508e-13       0.000000000000e+00       1.698678715533e-16       1.730842937262e-17      -5.024681293046e-19 
 2423       1.325024509541e-11       3.029117745964e-13      -5.395275100318e-13       0.000000000000e+00       1.695785710583e-16       1.742674748451e-17      -5.653096718774e-19 
 2424       1.321151617729e-11       3.023181273107e-13      -5.298779148462e-13       0.000000000000e+00       1.692898725084e-16       1.754532474906e-17      -6.273425499723e-19 
 2425       1.317238603166e-11       3.017849187637e-13      -5.203228818143e-13       0.000000000000e+00       1.690017745075e-16       1.766404810472e-17      -6.885271734375e-19 
 2426       1.313286436175e-11       3.013115124748e-13      -5.108650779974e-13       0.000000000000e+00       1.687142756487e-16       1.778280411610e-17      -7.488238268891e-19 
 2427       1.309296090492e-11       3.008972694896e-13      -5.015071786062e-13       0.000000000000e+00       1.684273745144e-16       1.790147897358e-17      -8.081926695837e-19 
 2428       1.305268543274e-11       3.005415483774e-13      -4.922518670092e-13       0.000000000000e+00       1.681410696760e-16       1.801995849295e-17      -8.665937352912e-19 
 2429       1.301204775097e-11       3.002437052284e-13      -4.831018347406e-13       0.000000000000e+00       1.678553596941e-16       1.813812811499e-17      -9.239869321678e-19 
 2430       1.297105769964e-11       3.000030936508e-13      -4.740597815085e-13       0.000000000000e+00       1.675702431184e-16       1.825587290512e-17      -9.803320426288e-19 
 2431       1.292972515306e-11       2.998190647686e-13      -4.651284152030e-13       0.000000000000e+00       1.672857184877e-16       1.837307755299e-17      -1.035588723222e-18 
 2432       1.288806001988e-11       2.996909672184e-13      -4.563104519046e-13       0.000000000000e+00       1.670017843298e-16       1.848962637209e-17      -1.089716504498e-18 
 2433       1.284607224308e-11       2.996181471472e-13      -4.476086158921e-13       0.000000000000e+00       1.667184391618e-16       1.860540329939e-17      -1.142674790888e-18 
 2434       1.280377180008e-11       2.995999482094e-13      -4.390256396509e-13       0.000000000000e+00       1.664356814895e-16       1.872029189493e-17      -1.194422860573e-18 
 2435       1.276116870270e-11       2.996357115643e-13      -4.305642638813e-13       0.000000000000e+00       1.661535098081e-16       1.883417534145e-17      -1.244919865355e-18 
 2436       1.271827299724e-11       2.997247758732e-13      -4.222272375061e-13       0.000000000000e+00       1.658719226017e-16       1.894693644401e-17      -1.294124830536e-18 
 2437       1.267509476451e-11       2.998664772969e-13      -4.140173176795e-13       0.000000000000e+00       1.655909183433e-16       1.905845762956e-17      -1.341996654785e-18 
 2438       1.263164411984e-11       3.000601494931e-13      -4.059372697949e-13       0.000000000000e+00       1.653104954949e-16       1.916862094663e-17      -1.388494110012e-18 
 2439       1.258793121315e-11       3.003051236136e-13      -3.979898674928e-13       0.000000000000e+00       1.650306525078e-16       1.927730806488e-17      -1.433575841246e-18 
 2440       1.254396622899e-11       3.006007283016e-13      -3.901778926695e-13       0.000000000000e+00       1.647513878219e-16       1.938440027474e-17      -1.477200366498e-18 
 2441       1.249975938653e-11       3.009462896889e-13      -3.825041354849e-13       0.000000000000e+00       1.644726998663e-16       1.948977848703e-17      -1.519326076645e-18 
 2442       1.245532093962e-11       3.013411313936e-13      -3.749713943708e-13       0.000000000000e+00       1.641945870589e-16       1.959332323255e-17      -1.559911235295e-18 
 2443       1.241066117686e-11       3.017845745171e-13      -3.675824760389e-13       0.000000000000e+00       1.639170478067e-16       1.969491466174e-17      -1.598913978662e-18 
 2444       1.236579042159e-11       3.022759376416e-13      -3.603401954893e-13       0.000000000000e+00       1.636400805053e-16       1.979443254424e-17      -1.636292315441e-18 
 2445       1.232071903193e-11       3.028145368273e-13      -3.532473760183e-13       0.000000000000e+00       1.633636835396e-16       1.989175626854e-17      -1.672004126676e-18 
 2446       1.227545740084e-11       3.033996856097e-13      -3.463068492266e-13       0.000000000000e+00       1.630878552831e-16       1.998676484159e-17      -1.706007165640e-18 
 2447       1.223001595614e-11       3.040306949970e-13      -3.395214550279e-13       0.000000000000e+00       1.628125940984e-16       2.007933688840e-17      -1.738259057702e-18 
 2448       1.218440516055e-11       3.047068734675e-13      -3.328940416563e-13       0.000000000000e+00       1.625378983368e-16       2.016935065168e-17      -1.768717300199e-18 
 2449       1.213863551172e-11       3.054275269668e-13      -3.264274656752e-13       0.000000000000e+00       1.622637663384e-16       2.025668399143e-17      -1.797339262317e-18 
 2450       1.209271754228e-11       3.061919589051e-13      -3.201245919851e-13       0.000000000000e+00       1.619901964324e-16       2.034121438455e-17      -1.824082184954e-18 
 2451       1.204666171561e-11       3.069994191368e-13      -3.139877975542e-13       0.000000000000e+00       1.617171870694e-16       2.042286231285e-17      -1.848922085646e-18 
 2452       1.200047811248e-11       3.078489505706e-13      -3.080174793544e-13       0.000000000000e+00       1.614447372211e-16       2.050172171097e-17      -1.871910596992e-18 
 2453       1.195417674260e-11       3.087395416380e-13      -3.022135375283e-13       0.000000000000e+00       1.611728459831e-16       2.057793029696e-17      -1.893118467521e-18 
 2454       1.190776764877e-11       3.096701772235e-13      -2.965758708552e-13       0.000000000000e+00       1.609015124425e-16       2.065162625516e-17      -1.912616687733e-18 
 2455       1.186126090688e-11       3.106398386614e-13      -2.911043767497e-13       0.000000000000e+00       1.606307356778e-16       2.072294823670e-17      -1.930476490350e-18 
 2456       1.181466662597e-11       3.116475037321e-13      -2.857989512597e-13       0.000000000000e+00       1.603605147587e-16       2.079203535995e-17      -1.946769350563e-18 
 2457       1.176799494825e-11       3.126921466583e-13      -2.806594890649e-13       0.000000000000e+00       1.600908487464e-16       2.085902721104e-17      -1.961566986282e-18 
 2458       1.172125604910e-11       3.137727381011e-13      -2.756858834747e-13       0.000000000000e+00       1.598217366934e-16       2.092406384430e-17      -1.974941358392e-18 
 2459       1.167446013720e-11       3.148882451568e-13      -2.708780264269e-13       0.000000000000e+00       1.595531776435e-16       2.098728578277e-17      -1.986964670998e-18 
 2460       1.162761745444e-11       3.160376313527e-13      -2.662358084855e-13       0.000000000000e+00       1.592851706318e-16       2.104883401868e-17      -1.997709371675e-18 
 2461       1.158073827607e-11       3.172198566436e-13      -2.617591188392e-13       0.000000000000e+00       1.590177146849e-16       2.110885001389e-17      -2.007248151723e-18 
 2462       1.153383291063e-11       3.184338774084e-13      -2.574478452999e-13       0.000000000000e+00       1.587508088204e-16       2.116747570045e-17      -2.015653946414e-18 
 2463       1.148691170007e-11       3.196786464457e-13      -2.533018743002e-13       0.000000000000e+00       1.584844520473e-16       2.122485348100e-17      -2.022999935242e-18 
 2464       1.143998501973e-11       3.209531129709e-13      -2.493210908924e-13       0.000000000000e+00       1.582186433661e-16       2.128112622929e-17      -2.029359542176e-18 
 2465       1.139306327841e-11       3.222562226119e-13      -2.455053787465e-13       0.000000000000e+00       1.579533817682e-16       2.133643729066e-17      -2.034806435906e-18 
 2466       1.134615691835e-11       3.235869174057e-13      -2.418546201484e-13       0.000000000000e+00       1.576886662364e-16       2.139093048254e-17      -2.039414530099e-18 
 2467       1.129927641533e-11       3.249441357948e-13      -2.383686959980e-13       0.000000000000e+00       1.574244957449e-16       2.144475009486e-17      -2.043257983644e-18 
 2468       1.125243227866e-11       3.263268126229e-13      -2.350474858079e-13       0.000000000000e+00       1.571608692589e-16       2.149804089062e-17      -2.046411200907e-18 
 2469       1.120563505123e-11       3.277338791322e-13      -2.318908677011e-13       0.000000000000e+00       1.568977857350e-16       2.155094810631e-17      -2.048948831977e-18 
 2470       1.115889530953e-11       3.291642629587e-13      -2.288987184098e-13       0.000000000000e+00       1.566352441208e-16       2.160361745242e-17      -2.050945772919e-18 
 2471       1.111222366371e-11       3.306168881292e-13      -2.260709132732e-13       0.000000000000e+00       1.563732433552e-16       2.165619511390e-17      -2.052477166025e-18 
 2472       1.106563075759e-11       3.320906750572e-13      -2.234073262359e-13       0.000000000000e+00       1.561117823685e-16       2.170882775067e-17      -2.053618400062e-18 
 2473       1.101912726869e-11       3.335845405396e-13      -2.209078298465e-13       0.000000000000e+00       1.558508600817e-16       2.176166249807e-17      -2.054445110522e-18 
 2474       1.097272390828e-11       3.350973977524e-13      -2.185722952551e-13       0.000000000000e+00       1.555904754074e-16       2.181484696736e-17      -2.055033179877e-18 
 2475       1.092643142143e-11       3.366281562476e-13      -2.164005922124e-13       0.000000000000e+00       1.553306272492e-16       2.186852924620e-17      -2.055458737824e-18 
 2476       1.088026058700e-11       3.381757219493e-13      -2.143925890672e-13       0.000000000000e+00       1.550713145018e-16       2.192285789910e-17      -2.055798161538e-18 
 2477       1.083422221769e-11       3.397389971498e-13      -2.125481527652e-13       0.000000000000e+00       1.548125360510e-16       2.197798196797e-17      -2.056128075922e-18 
 2478       1.078832716011e-11       3.413168805063e-13      -2.108671488471e-13       0.000000000000e+00       1.545542907739e-16       2.203405097253e-17      -2.056525353857e-18 
 2479       1.074258629476e-11       3.429082670366e-13      -2.093494414466e-13       0.000000000000e+00       1.542965775384e-16       2.209121491081e-17      -2.057067116452e-18 
 2480       1.069701053609e-11       3.445120481163e-13      -2.079948932890e-13       0.000000000000e+00       1.540393952038e-16       2.214962425968e-17      -2.057830733296e-18 
 2481       1.065161083253e-11       3.461271114742e-13      -2.068033656892e-13       0.000000000000e+00       1.537827426204e-16       2.220942997525e-17      -2.058893822707e-18 
 2482       1.060639816654e-11       3.477523411890e-13      -2.057747185502e-13       0.000000000000e+00       1.535266186295e-16       2.227078349341e-17      -2.060334251982e-18 
 2483       1.056138355462e-11       3.493866176859e-13      -2.049088103611e-13       0.000000000000e+00       1.532710220634e-16       2.233383673029e-17      -2.062230137648e-18 
 2484       1.051657804735e-11       3.510288177321e-13      -2.042054981955e-13       0.000000000000e+00       1.530159517457e-16       2.239874208276e-17      -2.064659845713e-18 
 2485       1.047199272942e-11       3.526778144341e-13      -2.036646377096e-13       0.000000000000e+00       1.527614064908e-16       2.246565242887e-17      -2.067701991914e-18 
 2486       1.042763871968e-11       3.543324772333e-13      -2.032860831407e-13       0.000000000000e+00       1.525073851043e-16       2.253472112836e-17      -2.071435441971e-18 
 2487       1.038352717117e-11       3.559916719023e-13      -2.030696873053e-13       0.000000000000e+00       1.522538863826e-16       2.260610202315e-17      -2.075939311835e-18 
 2488       1.033966927114e-11       3.576542605417e-13      -2.030153015974e-13       0.000000000000e+00       1.520009091134e-16       2.267994943779e-17      -2.081292967936e-18 
 2489       1.029607624108e-11       3.593191015761e-13      -2.031227759866e-13       0.000000000000e+00       1.517484520752e-16       2.275641817999e-17      -2.087576027441e-18 
 2490       1.025275933679e-11       3.609850497502e-13      -2.033919590165e-13       0.000000000000e+00       1.514965140375e-16       2.283566354102e-17      -2.094868358493e-18 
 2491       1.020972876649e-11       3.626510163716e-13      -2.038223574108e-13       0.000000000000e+00       1.512450937553e-16       2.291779339347e-17      -2.103230769710e-18 
 2492       1.016699043829e-11       3.643161504329e-13      -2.044121127080e-13       0.000000000000e+00       1.509941899531e-16       2.300272417545e-17      -2.112646954100e-18 
 2493       1.012454919368e-11       3.659796585467e-13      -2.051590186077e-13       0.000000000000e+00       1.507438013406e-16       2.309032406078e-17      -2.123081204374e-18 
 2494       1.008240988770e-11       3.676407447935e-13      -2.060608608081e-13       0.000000000000e+00       1.504939266183e-16       2.318046078445e-17      -2.134497692600e-18 
 2495       1.004057738895e-11       3.692986107195e-13      -2.071154169977e-13       0.000000000000e+00       1.502445644777e-16       2.327300164217e-17      -2.146860470077e-18 
 2496       9.999056579594e-12       3.709524553339e-13      -2.083204568470e-13       0.000000000000e+00       1.499957136011e-16       2.336781348996e-17      -2.160133467213e-18 
 2497       9.957852355378e-12       3.726014751064e-13      -2.096737420001e-13       0.000000000000e+00       1.497473726614e-16       2.346476274367e-17      -2.174280493403e-18 
 2498       9.916969625646e-12       3.742448639646e-13      -2.111730260662e-13       0.000000000000e+00       1.494995403226e-16       2.356371537855e-17      -2.189265236904e-18 
 2499       9.876413313350e-12       3.758818132915e-13      -2.128160546119e-13       0.000000000000e+00       1.492522152392e-16       2.366453692882e-17      -2.205051264714e-18 
 2500       9.836188355062e-12       3.775115119229e-13      -2.146005651522e-13       0.000000000000e+00       1.490053960565e-16       2.376709248718e-17      -2.221602022446e-18 
 2501       9.796299700989e-12       3.791331461450e-13      -2.165242871424e-13       0.000000000000e+00       1.487590814108e-16       2.387124670443e-17      -2.238880834209e-18 
 2502       9.756752314984e-12       3.807458996920e-13      -2.185849419699e-13       0.000000000000e+00       1.485132699289e-16       2.397686378895e-17      -2.256850902484e-18 
 2503       9.717551174561e-12       3.823489537430e-13      -2.207802429457e-13       0.000000000000e+00       1.482679602284e-16       2.408380750633e-17      -2.275475307999e-18 
 2504       9.678701270904e-12       3.839414869202e-13      -2.231078952962e-13       0.000000000000e+00       1.480231509176e-16       2.419194117885e-17      -2.294717009607e-18 
 2505       9.640207608885e-12       3.855226752858e-13      -2.255655961548e-13       0.000000000000e+00       1.477788405956e-16       2.430112768512e-17      -2.314538844165e-18 
 2506       9.602075207074e-12       3.870916923397e-13      -2.281510345536e-13       0.000000000000e+00       1.475350278522e-16       2.441122945955e-17      -2.334903526407e-18 
 2507       9.564309097750e-12       3.886477090171e-13      -2.308618914149e-13       0.000000000000e+00       1.472917112678e-16       2.452210849196e-17      -2.355773648827e-18 
 2508       9.526914326919e-12       3.901898936858e-13      -2.336958395432e-13       0.000000000000e+00       1.470488894134e-16       2.463362632711e-17      -2.377111681548e-18 
 2509       9.489895954321e-12       3.917174121434e-13      -2.366505436167e-13       0.000000000000e+00       1.468065608509e-16       2.474564406428e-17      -2.398879972208e-18 
 2510       9.453259053446e-12       3.932294276154e-13      -2.397236601789e-13       0.000000000000e+00       1.465647241327e-16       2.485802235678e-17      -2.421040745830e-18 
 2511       9.417008711550e-12       3.947251007522e-13      -2.429128376304e-13       0.000000000000e+00       1.463233778019e-16       2.497062141157e-17      -2.443556104702e-18 
 2512       9.381150029660e-12       3.962035896266e-13      -2.462157162205e-13       0.000000000000e+00       1.460825203922e-16       2.508330098874e-17      -2.466388028255e-18 
 2513       9.345688122593e-12       3.976640497316e-13      -2.496299280387e-13       0.000000000000e+00       1.458421504280e-16       2.519592040112e-17      -2.489498372936e-18 
 2514       9.310628118968e-12       3.991056339773e-13      -2.531530970069e-13       0.000000000000e+00       1.456022664241e-16       2.530833851384e-17      -2.512848872092e-18 
 2515       9.275975161217e-12       4.005274926890e-13      -2.567828388705e-13       0.000000000000e+00       1.453628668861e-16       2.542041374381e-17      -2.536401135838e-18 
 2516       9.241734405598e-12       4.019287736041e-13      -2.605167611904e-13       0.000000000000e+00       1.451239503102e-16       2.553200405939e-17      -2.560116650944e-18 
 2517       9.207911022211e-12       4.033086218701e-13      -2.643524633345e-13       0.000000000000e+00       1.448855151830e-16       2.564296697982e-17      -2.583956780702e-18 
 2518       9.174510195007e-12       4.046661800415e-13      -2.682875364695e-13       0.000000000000e+00       1.446475599819e-16       2.575315957489e-17      -2.607882764811e-18 
 2519       9.141537121803e-12       4.060005880780e-13      -2.723195635525e-13       0.000000000000e+00       1.444100831746e-16       2.586243846441e-17      -2.631855719251e-18 
 2520       9.108997014293e-12       4.073109833410e-13      -2.764461193226e-13       0.000000000000e+00       1.441730832195e-16       2.597065981781e-17      -2.655836636158e-18 
 2521       9.076895098063e-12       4.085965005920e-13      -2.806647702929e-13       0.000000000000e+00       1.439365585656e-16       2.607767935369e-17      -2.679786383706e-18 
 2522       9.045236612604e-12       4.098562719896e-13      -2.849730747417e-13       0.000000000000e+00       1.437005076523e-16       2.618335233934e-17      -2.703665705979e-18 
 2523       9.014026811322e-12       4.110894270869e-13      -2.893685827045e-13       0.000000000000e+00       1.434649289094e-16       2.628753359034e-17      -2.727435222852e-18 
 2524       8.983270961554e-12       4.122950928292e-13      -2.938488359655e-13       0.000000000000e+00       1.432298207574e-16       2.639007747011e-17      -2.751055429863e-18 
 2525       8.952974344578e-12       4.134723935515e-13      -2.984113680495e-13       0.000000000000e+00       1.429951816073e-16       2.649083788943e-17      -2.774486698098e-18 
 2526       8.923142255631e-12       4.146204509755e-13      -3.030537042133e-13       0.000000000000e+00       1.427610098604e-16       2.658966830601e-17      -2.797689274059e-18 
 2527       8.893780003913e-12       4.157383842079e-13      -3.077733614375e-13       0.000000000000e+00       1.425273039085e-16       2.668642172409e-17      -2.820623279548e-18 
 2528       8.864892912609e-12       4.168253097369e-13      -3.125678484183e-13       0.000000000000e+00       1.422940621340e-16       2.678095069392e-17      -2.843248711541e-18 
 2529       8.836486318898e-12       4.178803414305e-13      -3.174346655588e-13       0.000000000000e+00       1.420612829097e-16       2.687310731137e-17      -2.865525442066e-18 
 2530       8.808565573963e-12       4.189025905334e-13      -3.223713049611e-13       0.000000000000e+00       1.418289645987e-16       2.696274321745e-17      -2.887413218077e-18 
 2531       8.781134780131e-12       4.198912832254e-13      -3.273752216340e-13       0.000000000000e+00       1.415971056980e-16       2.704973994086e-17      -2.908875758682e-18 
 2532       8.754192994265e-12       4.208461140435e-13      -3.324437469521e-13       0.000000000000e+00       1.413657052699e-16       2.713410011824e-17      -2.929893072954e-18 
 2533       8.727738002432e-12       4.217668944991e-13      -3.375741746797e-13       0.000000000000e+00       1.411347625130e-16       2.721585680076e-17      -2.950449213137e-18 
 2534       8.701767580772e-12       4.226534357034e-13      -3.427637896996e-13       0.000000000000e+00       1.409042766188e-16       2.729504315922e-17      -2.970528183724e-18 
 2535       8.676279495490e-12       4.235055483662e-13      -3.480098680049e-13       0.000000000000e+00       1.406742467723e-16       2.737169248415e-17      -2.990113941410e-18 
 2536       8.651271502844e-12       4.243230427963e-13      -3.533096766896e-13       0.000000000000e+00       1.404446721513e-16       2.744583818596e-17      -3.009190395051e-18 
 2537       8.626741349135e-12       4.251057289009e-13      -3.586604739403e-13       0.000000000000e+00       1.402155519266e-16       2.751751379505e-17      -3.027741405609e-18 
 2538       8.602686770694e-12       4.258534161852e-13      -3.640595090267e-13       0.000000000000e+00       1.399868852624e-16       2.758675296193e-17      -3.045750786114e-18 
 2539       8.579105493876e-12       4.265659137521e-13      -3.695040222931e-13       0.000000000000e+00       1.397586713157e-16       2.765358945734e-17      -3.063202301614e-18 
 2540       8.555995235043e-12       4.272430303019e-13      -3.749912451494e-13       0.000000000000e+00       1.395309092367e-16       2.771805717238e-17      -3.080079669129e-18 
 2541       8.533353700559e-12       4.278845741322e-13      -3.805184000625e-13       0.000000000000e+00       1.393035981686e-16       2.778019011865e-17      -3.096366557604e-18 
 2542       8.511178586776e-12       4.284903531370e-13      -3.860827005470e-13       0.000000000000e+00       1.390767372477e-16       2.784002242832e-17      -3.112046587865e-18 
 2543       8.489467580021e-12       4.290601748069e-13      -3.916813511566e-13       0.000000000000e+00       1.388503256031e-16       2.789758835434e-17      -3.127103332573e-18 
 2544       8.468218356591e-12       4.295938462286e-13      -3.973115474754e-13       0.000000000000e+00       1.386243623573e-16       2.795292227046e-17      -3.141520316172e-18 
 2545       8.447428582739e-12       4.300911740845e-13      -4.029704761085e-13       0.000000000000e+00       1.383988466255e-16       2.800605867144e-17      -3.155281014851e-18 
 2546       8.427095914663e-12       4.305519646525e-13      -4.086553146738e-13       0.000000000000e+00       1.381737775160e-16       2.805703217311e-17      -3.168368856493e-18 
 2547       8.407217998494e-12       4.309760238054e-13      -4.143632317924e-13       0.000000000000e+00       1.379491541303e-16       2.810587751256e-17      -3.180767220628e-18 
 2548       8.387792470289e-12       4.313631570111e-13      -4.200913870805e-13       0.000000000000e+00       1.377249755625e-16       2.815262954818e-17      -3.192459438391e-18 
 2549       8.368816956018e-12       4.317131693314e-13      -4.258369311399e-13       0.000000000000e+00       1.375012409000e-16       2.819732325986e-17      -3.203428792471e-18 
 2550       8.350289071551e-12       4.320258654228e-13      -4.315970055495e-13       0.000000000000e+00       1.372779492230e-16       2.823999374906e-17      -3.213658517068e-18 
 2551       8.332206422652e-12       4.323010495352e-13      -4.373687428563e-13       0.000000000000e+00       1.370550996048e-16       2.828067623896e-17      -3.223131797845e-18 
 2552       8.314566604964e-12       4.325385255120e-13      -4.431492665666e-13       0.000000000000e+00       1.368326911116e-16       2.831940607458e-17      -3.231831771884e-18 
 2553       8.297367204002e-12       4.327380967897e-13      -4.489356911369e-13       0.000000000000e+00       1.366107228024e-16       2.835621872291e-17      -3.239741527636e-18 
 2554       8.280605795137e-12       4.328995663976e-13      -4.547251219655e-13       0.000000000000e+00       1.363891937294e-16       2.839114977299e-17      -3.246844104879e-18 
 2555       8.264279943591e-12       4.330227369576e-13      -4.605146553831e-13       0.000000000000e+00       1.361681029376e-16       2.842423493609e-17      -3.253122494669e-18 
 2556       8.248387204421e-12       4.331074106835e-13      -4.663013786443e-13       0.000000000000e+00       1.359474494648e-16       2.845551004581e-17      -3.258559639294e-18 
 2557       8.232925122514e-12       4.331533893809e-13      -4.720823699187e-13       0.000000000000e+00       1.357272323420e-16       2.848501105819e-17      -3.263138432230e-18 
 2558       8.217891232570e-12       4.331604744469e-13      -4.778546982818e-13       0.000000000000e+00       1.355074505928e-16       2.851277405186e-17      -3.266841718091e-18 
 2559       8.203283059095e-12       4.331284668699e-13      -4.836154237063e-13       0.000000000000e+00       1.352881032339e-16       2.853883522813e-17      -3.269652292587e-18 
 2560       8.189098116390e-12       4.330571672287e-13      -4.893615970533e-13       0.000000000000e+00       1.350691892748e-16       2.856323091115e-17      -3.271552902474e-18 
 2561       8.175333908540e-12       4.329463756930e-13      -4.950902600634e-13       0.000000000000e+00       1.348507077179e-16       2.858599754799e-17      -3.272526245510e-18 
 2562       8.161987929400e-12       4.327958920223e-13      -5.007984453475e-13       0.000000000000e+00       1.346326575585e-16       2.860717170881e-17      -3.272554970408e-18 
 2563       8.149057662591e-12       4.326055155661e-13      -5.064831763786e-13       0.000000000000e+00       1.344150377847e-16       2.862679008695e-17      -3.271621676791e-18 
 2564       8.136540581481e-12       4.323750452633e-13      -5.121414674822e-13       0.000000000000e+00       1.341978473775e-16       2.864488949907e-17      -3.269708915143e-18 
 2565       8.124434149183e-12       4.321042796419e-13      -5.177703238279e-13       0.000000000000e+00       1.339810853108e-16       2.866150688526e-17      -3.266799186765e-18 
 2566       8.112735818535e-12       4.317930168187e-13      -5.233667414206e-13       0.000000000000e+00       1.337647505510e-16       2.867667930917e-17      -3.262874943730e-18 
 2567       8.101443032097e-12       4.314410544992e-13      -5.289277070913e-13       0.000000000000e+00       1.335488420579e-16       2.869044395813e-17      -3.257918588833e-18 
 2568       8.090553222135e-12       4.310481899767e-13      -5.344501984882e-13       0.000000000000e+00       1.333333587837e-16       2.870283814329e-17      -3.251912475548e-18 
 2569       8.080063810615e-12       4.306142201327e-13      -5.399311840682e-13       0.000000000000e+00       1.331182996734e-16       2.871389929971e-17      -3.244838907979e-18 
 2570       8.069972209186e-12       4.301389414357e-13      -5.453676230880e-13       0.000000000000e+00       1.329036636651e-16       2.872366498652e-17      -3.236680140817e-18 
 2571       8.060275128268e-12       4.296222506415e-13      -5.507567094570e-13       0.000000000000e+00       1.326894497504e-16       2.873216894542e-17      -3.227427101276e-18 
 2572       8.050966500021e-12       4.290644475176e-13      -5.560966048340e-13       0.000000000000e+00       1.324756571582e-16       2.873942925147e-17      -3.217105609279e-18 
 2573       8.042039543520e-12       4.284659338417e-13      -5.613857096881e-13       0.000000000000e+00       1.322622851721e-16       2.874546009509e-17      -3.205750306519e-18 
 2574       8.033487454570e-12       4.278271128605e-13      -5.666224198120e-13       0.000000000000e+00       1.320493330698e-16       2.875027571754e-17      -3.193395948150e-18 
 2575       8.025303405678e-12       4.271483892907e-13      -5.718051263171e-13       0.000000000000e+00       1.318368001227e-16       2.875389041100e-17      -3.180077402895e-18 
 2576       8.017480546029e-12       4.264301693211e-13      -5.769322156290e-13       0.000000000000e+00       1.316246855962e-16       2.875631851858e-17      -3.165829653163e-18 
 2577       8.010012001467e-12       4.256728606133e-13      -5.820020694834e-13       0.000000000000e+00       1.314129887495e-16       2.875757443443e-17      -3.150687795157e-18 
 2578       8.002890874470e-12       4.248768723042e-13      -5.870130649214e-13       0.000000000000e+00       1.312017088359e-16       2.875767260376e-17      -3.134687038989e-18 
 2579       7.996110244124e-12       4.240426150064e-13      -5.919635742850e-13       0.000000000000e+00       1.309908451022e-16       2.875662752287e-17      -3.117862708790e-18 
 2580       7.989663166102e-12       4.231705008106e-13      -5.968519652129e-13       0.000000000000e+00       1.307803967895e-16       2.875445373924e-17      -3.100250242822e-18 
 2581       7.983542672641e-12       4.222609432866e-13      -6.016766006359e-13       0.000000000000e+00       1.305703631323e-16       2.875116585158e-17      -3.081885193594e-18 
 2582       7.977741772519e-12       4.213143574851e-13      -6.064358387725e-13       0.000000000000e+00       1.303607433593e-16       2.874677850985e-17      -3.062803227967e-18 
 2583       7.972253451028e-12       4.203311599388e-13      -6.111280331245e-13       0.000000000000e+00       1.301515366928e-16       2.874130641532e-17      -3.043040127272e-18 
 2584       7.967070669957e-12       4.193117686642e-13      -6.157515324723e-13       0.000000000000e+00       1.299427423492e-16       2.873476432066e-17      -3.022631787420e-18 
 2585       7.962186367561e-12       4.182566031632e-13      -6.203046808709e-13       0.000000000000e+00       1.297343595385e-16       2.872716702993e-17      -3.001614219014e-18 
 2586       7.957593458546e-12       4.171660844242e-13      -6.247858176452e-13       0.000000000000e+00       1.295263874645e-16       2.871852939870e-17      -2.980023547462e-18 
 2587       7.953284834038e-12       4.160406349240e-13      -6.291932773854e-13       0.000000000000e+00       1.293188253250e-16       2.870886633404e-17      -2.957896013085e-18 
 2588       7.949253361564e-12       4.148806786290e-13      -6.335253899430e-13       0.000000000000e+00       1.291116723116e-16       2.869819279460e-17      -2.935267971235e-18 
 2589       7.945491885029e-12       4.136866409968e-13      -6.377804804258e-13       0.000000000000e+00       1.289049276094e-16       2.868652379067e-17      -2.912175892405e-18 
 2590       7.941993224691e-12       4.124589489779e-13      -6.419568691941e-13       0.000000000000e+00       1.286985903975e-16       2.867387438421e-17      -2.888656362338e-18 
 2591       7.938750177136e-12       4.111980310168e-13      -6.460528718556e-13       0.000000000000e+00       1.284926598489e-16       2.866025968891e-17      -2.864746082141e-18 
 2592       7.935755515259e-12       4.099043170538e-13      -6.500667992616e-13       0.000000000000e+00       1.282871351302e-16       2.864569487027e-17      -2.840481868401e-18 
 2593       7.933001988238e-12       4.085782385263e-13      -6.539969575018e-13       0.000000000000e+00       1.280820154018e-16       2.863019514558e-17      -2.815900653290e-18 
 2594       7.930482321511e-12       4.072202283707e-13      -6.578416479007e-13       0.000000000000e+00       1.278772998178e-16       2.861377578406e-17      -2.791039484681e-18 
 2595       7.928189216753e-12       4.058307210232e-13      -6.615991670126e-13       0.000000000000e+00       1.276729875262e-16       2.859645210684e-17      -2.765935526261e-18 
 2596       7.926115351852e-12       4.044101524219e-13      -6.652678066172e-13       0.000000000000e+00       1.274690776685e-16       2.857823948704e-17      -2.740626057641e-18 
 2597       7.924253380885e-12       4.029589600082e-13      -6.688458537154e-13       0.000000000000e+00       1.272655693803e-16       2.855915334986e-17      -2.715148474468e-18 
 2598       7.922595934099e-12       4.014775827280e-13      -6.723315905247e-13       0.000000000000e+00       1.270624617907e-16       2.853920917254e-17      -2.689540288539e-18 
 2599       7.921135617882e-12       3.999664610334e-13      -6.757232944747e-13       0.000000000000e+00       1.268597540224e-16       2.851842248449e-17      -2.663839127909e-18 
 2600       7.919865014743e-12       3.984260368842e-13      -6.790192382029e-13       0.000000000000e+00       1.266574451920e-16       2.849680886732e-17      -2.638082737010e-18 
 2601       7.918776683286e-12       3.968567537496e-13      -6.822176895500e-13       0.000000000000e+00       1.264555344098e-16       2.847438395488e-17      -2.612308976755e-18 
 2602       7.917863158191e-12       3.952590566090e-13      -6.853169115554e-13       0.000000000000e+00       1.262540207798e-16       2.845116343333e-17      -2.586555824657e-18 
 2603       7.917116950188e-12       3.936333919545e-13      -6.883151624533e-13       0.000000000000e+00       1.260529033996e-16       2.842716304116e-17      -2.560861374934e-18 
 2604       7.916530546033e-12       3.919802077914e-13      -6.912106956675e-13       0.000000000000e+00       1.258521813606e-16       2.840239856928e-17      -2.535263838630e-18 
 2605       7.916096408484e-12       3.902999536406e-13      -6.940017598075e-13       0.000000000000e+00       1.256518537477e-16       2.837688586104e-17      -2.509801543718e-18 
 2606       7.915806976282e-12       3.885930805394e-13      -6.966865986639e-13       0.000000000000e+00       1.254519196396e-16       2.835064081232e-17      -2.484512935218e-18 
 2607       7.915654664122e-12       3.868600410432e-13      -6.992634512039e-13       0.000000000000e+00       1.252523781087e-16       2.832367937152e-17      -2.459436575307e-18 
 2608       7.915631862637e-12       3.851012892272e-13      -7.017305515669e-13       0.000000000000e+00       1.250532282210e-16       2.829601753969e-17      -2.434611143430e-18 
 2609       7.915730938365e-12       3.833172806878e-13      -7.040861290601e-13       0.000000000000e+00       1.248544690361e-16       2.826767137051e-17      -2.410075436414e-18 
 2610       7.915944233733e-12       3.815084725439e-13      -7.063284081540e-13       0.000000000000e+00       1.246560996073e-16       2.823865697038e-17      -2.385868368581e-18 
 2611       7.916264228718e-12       3.796753557201e-13      -7.084559345688e-13       0.000000000000e+00       1.244581189769e-16       2.820898873488e-17      -2.362021117703e-18 
 2612       7.916684026866e-12       3.778185519906e-13      -7.104685555407e-13       0.000000000000e+00       1.242605261618e-16       2.817867404729e-17      -2.338533514533e-18 
 2613       7.917196871951e-12       3.759387174825e-13      -7.123664450445e-13       0.000000000000e+00       1.240633201680e-16       2.814771855043e-17      -2.315397521081e-18 
 2614       7.917795986517e-12       3.740365104456e-13      -7.141497782034e-13       0.000000000000e+00       1.238664999948e-16       2.811612790758e-17      -2.292605072718e-18 
 2615       7.918474571858e-12       3.721125912549e-13      -7.158187312901e-13       0.000000000000e+00       1.236700646353e-16       2.808390780248e-17      -2.270148078147e-18 
 2616       7.919225807997e-12       3.701676224124e-13      -7.173734817285e-13       0.000000000000e+00       1.234740130758e-16       2.805106393940e-17      -2.248018419377e-18 
 2617       7.920042853665e-12       3.682022685488e-13      -7.188142080945e-13       0.000000000000e+00       1.232783442963e-16       2.801760204307e-17      -2.226207951700e-18 
 2618       7.920918846280e-12       3.662171964265e-13      -7.201410901177e-13       0.000000000000e+00       1.230830572702e-16       2.798352785881e-17      -2.204708503659e-18 
 2619       7.921846901930e-12       3.642130749408e-13      -7.213543086826e-13       0.000000000000e+00       1.228881509645e-16       2.794884715247e-17      -2.183511877029e-18 
 2620       7.922820115347e-12       3.621905751223e-13      -7.224540458297e-13       0.000000000000e+00       1.226936243395e-16       2.791356571046e-17      -2.162609846785e-18 
 2621       7.923831559893e-12       3.601503701389e-13      -7.234404847570e-13       0.000000000000e+00       1.224994763491e-16       2.787768933982e-17      -2.141994161080e-18 
 2622       7.924874287533e-12       3.580931352981e-13      -7.243138098211e-13       0.000000000000e+00       1.223057059406e-16       2.784122386819e-17      -2.121656541214e-18 
 2623       7.925941328818e-12       3.560195480487e-13      -7.250742065389e-13       0.000000000000e+00       1.221123120549e-16       2.780417514384e-17      -2.101588681614e-18 
 2624       7.927025692866e-12       3.539302879831e-13      -7.257218615885e-13       0.000000000000e+00       1.219192936260e-16       2.776654903573e-17      -2.081782249804e-18 
 2625       7.928120367338e-12       3.518260368393e-13      -7.262569628104e-13       0.000000000000e+00       1.217266495818e-16       2.772835143346e-17      -2.062228886377e-18 
 2626       7.929218318420e-12       3.497074785029e-13      -7.266796992093e-13       0.000000000000e+00       1.215343788433e-16       2.768958824736e-17      -2.042920204974e-18 
 2627       7.930312490801e-12       3.475752990094e-13      -7.269902609551e-13       0.000000000000e+00       1.213424803250e-16       2.765026540846e-17      -2.023847792255e-18 
 2628       7.931395807653e-12       3.454301865458e-13      -7.271888393840e-13       0.000000000000e+00       1.211509529349e-16       2.761038886854e-17      -2.005003207871e-18 
 2629       7.932461170611e-12       3.432728314533e-13      -7.272756270001e-13       0.000000000000e+00       1.209597955743e-16       2.756996460014e-17      -1.986377984443e-18 
 2630       7.933501459752e-12       3.411039262289e-13      -7.272508174767e-13       0.000000000000e+00       1.207690071379e-16       2.752899859658e-17      -1.967963627530e-18 
 2631       7.934509533576e-12       3.389241655274e-13      -7.271146056574e-13       0.000000000000e+00       1.205785865140e-16       2.748749687199e-17      -1.949751615608e-18 
 2632       7.935478228982e-12       3.367342461639e-13      -7.268671875575e-13       0.000000000000e+00       1.203885325841e-16       2.744546546132e-17      -1.931733400038e-18 
 2633       7.936400361251e-12       3.345348671155e-13      -7.265087603653e-13       0.000000000000e+00       1.201988442230e-16       2.740291042034e-17      -1.913900405048e-18 
 2634       7.937268724025e-12       3.323267295236e-13      -7.260395224433e-13       0.000000000000e+00       1.200095202991e-16       2.735983782573e-17      -1.896244027699e-18 
 2635       7.938076089284e-12       3.301105366957e-13      -7.254596733297e-13       0.000000000000e+00       1.198205596741e-16       2.731625377501e-17      -1.878755637863e-18 
 2636       7.938815207329e-12       3.278869941077e-13      -7.247694137396e-13       0.000000000000e+00       1.196319612028e-16       2.727216438662e-17      -1.861426578194e-18 
 2637       7.939478806758e-12       3.256568094059e-13      -7.239689455660e-13       0.000000000000e+00       1.194437237337e-16       2.722757579995e-17      -1.844248164108e-18 
 2638       7.940059594449e-12       3.234206924089e-13      -7.230584718817e-13       0.000000000000e+00       1.192558461085e-16       2.718249417530e-17      -1.827211683748e-18 
 2639       7.940550255536e-12       3.211793551101e-13      -7.220381969402e-13       0.000000000000e+00       1.190683271622e-16       2.713692569395e-17      -1.810308397965e-18 
 2640       7.940943453394e-12       3.189335116791e-13      -7.209083261768e-13       0.000000000000e+00       1.188811657232e-16       2.709087655817e-17      -1.793529540288e-18 
 2641       7.941231829610e-12       3.166838784645e-13      -7.196690662104e-13       0.000000000000e+00       1.186943606132e-16       2.704435299123e-17      -1.776866316902e-18 
 2642       7.941408003971e-12       3.144311739953e-13      -7.183206248445e-13       0.000000000000e+00       1.185079106470e-16       2.699736123745e-17      -1.760309906614e-18 
 2643       7.941464574439e-12       3.121761189834e-13      -7.168632110685e-13       0.000000000000e+00       1.183218146332e-16       2.694990756217e-17      -1.743851460837e-18 
 2644       7.941394117130e-12       3.099194363257e-13      -7.152970350591e-13       0.000000000000e+00       1.181360713731e-16       2.690199825182e-17      -1.727482103555e-18 
 2645       7.941189186296e-12       3.076618511057e-13      -7.136223081815e-13       0.000000000000e+00       1.179506796618e-16       2.685363961390e-17      -1.711192931302e-18 
 2646       7.940842314306e-12       3.054040905961e-13      -7.118392429907e-13       0.000000000000e+00       1.177656382873e-16       2.680483797704e-17      -1.694975013134e-18 
 2647       7.940346011617e-12       3.031468842604e-13      -7.099480532329e-13       0.000000000000e+00       1.175809460311e-16       2.675559969098e-17      -1.678819390605e-18 
 2648       7.939692766766e-12       3.008909637553e-13      -7.079489538467e-13       0.000000000000e+00       1.173966016679e-16       2.670593112664e-17      -1.662717077736e-18 
 2649       7.938875046338e-12       2.986370629329e-13      -7.058421609644e-13       0.000000000000e+00       1.172126039657e-16       2.665583867609e-17      -1.646659060994e-18 
 2650       7.937885294954e-12       2.963859178421e-13      -7.036278919134e-13       0.000000000000e+00       1.170289516857e-16       2.660532875259e-17      -1.630636299264e-18 
 2651       7.936716705868e-12       2.941382271958e-13      -7.013065849019e-13       0.000000000000e+00       1.168456437303e-16       2.655440422035e-17      -1.614638278477e-18 
 2652       7.935365537463e-12       2.918945335275e-13      -6.988795594005e-13       0.000000000000e+00       1.166626795880e-16       2.650305366208e-17      -1.598648666834e-18 
 2653       7.933828809514e-12       2.896553413819e-13      -6.963483594112e-13       0.000000000000e+00       1.164800588911e-16       2.645126205220e-17      -1.582649635531e-18 
 2654       7.932103533719e-12       2.874211567925e-13      -6.937145341192e-13       0.000000000000e+00       1.162977812676e-16       2.639901432167e-17      -1.566623301871e-18 
 2655       7.930186713687e-12       2.851924872830e-13      -6.909796378977e-13       0.000000000000e+00       1.161158463416e-16       2.634629535794e-17      -1.550551729218e-18 
 2656       7.928075344939e-12       2.829698418684e-13      -6.881452303135e-13       0.000000000000e+00       1.159342537330e-16       2.629309000494e-17      -1.534416926940e-18 
 2657       7.925766414894e-12       2.807537310567e-13      -6.852128761313e-13       0.000000000000e+00       1.157530030575e-16       2.623938306301e-17      -1.518200850363e-18 
 2658       7.923256902863e-12       2.785446668499e-13      -6.821841453193e-13       0.000000000000e+00       1.155720939268e-16       2.618515928889e-17      -1.501885400718e-18 
 2659       7.920543780043e-12       2.763431627460e-13      -6.790606130541e-13       0.000000000000e+00       1.153915259485e-16       2.613040339563e-17      -1.485452425090e-18 
 2660       7.917624009512e-12       2.741497337397e-13      -6.758438597257e-13       0.000000000000e+00       1.152112987260e-16       2.607510005262e-17      -1.468883716370e-18 
 2661       7.914494546215e-12       2.719648963243e-13      -6.725354709425e-13       0.000000000000e+00       1.150314118586e-16       2.601923388549e-17      -1.452161013200e-18 
 2662       7.911152336962e-12       2.697891684930e-13      -6.691370375365e-13       0.000000000000e+00       1.148518649415e-16       2.596278947609e-17      -1.435265999924e-18 
 2663       7.907594320421e-12       2.676230697399e-13      -6.656501555681e-13       0.000000000000e+00       1.146726575656e-16       2.590575136245e-17      -1.418180306538e-18 
 2664       7.903817427106e-12       2.654671210621e-13      -6.620764263315e-13       0.000000000000e+00       1.144937893179e-16       2.584810403876e-17      -1.400885508640e-18 
 2665       7.899818579374e-12       2.633218449602e-13      -6.584174563594e-13       0.000000000000e+00       1.143152597810e-16       2.578983195528e-17      -1.383363127375e-18 
 2666       7.895594691416e-12       2.611877654407e-13      -6.546748574283e-13       0.000000000000e+00       1.141370685336e-16       2.573091951835e-17      -1.365594629388e-18 
 2667       7.891142669250e-12       2.590654080164e-13      -6.508502465633e-13       0.000000000000e+00       1.139592151500e-16       2.567135109032e-17      -1.347561426774e-18 
 2668       7.886459410714e-12       2.569552997085e-13      -6.469452460434e-13       0.000000000000e+00       1.137816992005e-16       2.561111098952e-17      -1.329244877022e-18 
 2669       7.881541805458e-12       2.548579690477e-13      -6.429614834063e-13       0.000000000000e+00       1.136045202511e-16       2.555018349023e-17      -1.310626282969e-18 
 2670       7.876386734936e-12       2.527739460756e-13      -6.389005914538e-13       0.000000000000e+00       1.134276778638e-16       2.548855282261e-17      -1.291686892749e-18 
 2671       7.870991072401e-12       2.507037623462e-13      -6.347642082564e-13       0.000000000000e+00       1.132511715962e-16       2.542620317267e-17      -1.272407899738e-18 
 2672       7.865351682895e-12       2.486479509271e-13      -6.305539771587e-13       0.000000000000e+00       1.130750010018e-16       2.536311868227e-17      -1.252770442508e-18 
 2673       7.859465423244e-12       2.466070464011e-13      -6.262715467842e-13       0.000000000000e+00       1.128991656301e-16       2.529928344902e-17      -1.232755604774e-18 
 2674       7.853329142049e-12       2.445815848674e-13      -6.219185710405e-13       0.000000000000e+00       1.127236650260e-16       2.523468152628e-17      -1.212344415343e-18 
 2675       7.846939679679e-12       2.425721039432e-13      -6.174967091243e-13       0.000000000000e+00       1.125484987307e-16       2.516929692309e-17      -1.191517848063e-18 
 2676       7.840293868264e-12       2.405791427649e-13      -6.130076255265e-13       0.000000000000e+00       1.123736662807e-16       2.510311360415e-17      -1.170256821774e-18 
 2677       7.833388531689e-12       2.386032419895e-13      -6.084529900372e-13       0.000000000000e+00       1.121991672087e-16       2.503611548978e-17      -1.148542200254e-18 
 2678       7.826220485584e-12       2.366449437962e-13      -6.038344777506e-13       0.000000000000e+00       1.120250010428e-16       2.496828645589e-17      -1.126354792172e-18 
 2679       7.818786537318e-12       2.347047918875e-13      -5.991537690704e-13       0.000000000000e+00       1.118511673073e-16       2.489961033389e-17      -1.103675351034e-18 
 2680       7.811083485991e-12       2.327833314908e-13      -5.944125497144e-13       0.000000000000e+00       1.116776655218e-16       2.483007091070e-17      -1.080484575134e-18 
 2681       7.803108122429e-12       2.308811093598e-13      -5.896125107199e-13       0.000000000000e+00       1.115044952022e-16       2.475965192871e-17      -1.056763107503e-18 
 2682       7.794857229174e-12       2.289986737757e-13      -5.847553484486e-13       0.000000000000e+00       1.113316558597e-16       2.468833708568e-17      -1.032491535858e-18 
 2683       7.786327580477e-12       2.271365745487e-13      -5.798427645917e-13       0.000000000000e+00       1.111591470015e-16       2.461611003480e-17      -1.007650392548e-18 
 2684       7.777515942292e-12       2.252953630195e-13      -5.748764661749e-13       0.000000000000e+00       1.109869681305e-16       2.454295438453e-17      -9.822201545110e-19 
 2685       7.768419072269e-12       2.234755920605e-13      -5.698581655634e-13       0.000000000000e+00       1.108151187453e-16       2.446885369867e-17      -9.561812432145e-19 
 2686       7.759033719743e-12       2.216778160772e-13      -5.647895804670e-13       0.000000000000e+00       1.106435983404e-16       2.439379149625e-17      -9.295140246102e-19 
 2687       7.749356625732e-12       2.199025910098e-13      -5.596724339454e-13       0.000000000000e+00       1.104724064058e-16       2.431775125151e-17      -9.021988090812e-19 
 2688       7.739384522925e-12       2.181504743344e-13      -5.545084544126e-13       0.000000000000e+00       1.103015424275e-16       2.424071639387e-17      -8.742158513915e-19 
 2689       7.729114135679e-12       2.164220250645e-13      -5.492993756425e-13       0.000000000000e+00       1.101310058869e-16       2.416267030787e-17      -8.455453506351e-19 
 2690       7.718542180007e-12       2.147178037523e-13      -5.440469367740e-13       0.000000000000e+00       1.099607962615e-16       2.408359633314e-17      -8.161674501855e-19 
 2691       7.707666204284e-12       2.130382960953e-13      -5.387528916324e-13       0.000000000000e+00       1.097909129812e-16       2.400348600394e-17      -7.860724169895e-19 
 2692       7.696487116371e-12       2.113836833003e-13      -5.334190367406e-13       0.000000000000e+00       1.096213552989e-16       2.392236381683e-17      -7.552912400769e-19 
 2693       7.685006670227e-12       2.097540704724e-13      -5.280471834708e-13       0.000000000000e+00       1.094521224195e-16       2.384026259767e-17      -7.238651984658e-19 
 2694       7.673226626458e-12       2.081495628967e-13      -5.226391487464e-13       0.000000000000e+00       1.092832135428e-16       2.375721527445e-17      -6.918356970577e-19 
 2695       7.661148752317e-12       2.065702660381e-13      -5.171967550474e-13       0.000000000000e+00       1.091146278637e-16       2.367325487732e-17      -6.592442667552e-19 
 2696       7.648774821719e-12       2.050162855419e-13      -5.117218304158e-13       0.000000000000e+00       1.089463645717e-16       2.358841453871e-17      -6.261325645801e-19 
 2697       7.636106615241e-12       2.034877272333e-13      -5.062162084603e-13       0.000000000000e+00       1.087784228514e-16       2.350272749344e-17      -5.925423737910e-19 
 2698       7.623145920130e-12       2.019846971181e-13      -5.006817283618e-13       0.000000000000e+00       1.086108018824e-16       2.341622707881e-17      -5.585156040011e-19 
 2699       7.609894530312e-12       2.005073013825e-13      -4.951202348787e-13       0.000000000000e+00       1.084435008390e-16       2.332894673467e-17      -5.240942912962e-19 
 2700       7.596354246398e-12       1.990556463933e-13      -4.895335783520e-13       0.000000000000e+00       1.082765188906e-16       2.324092000355e-17      -4.893205983520e-19 
 2701       7.582526875686e-12       1.976298386979e-13      -4.839236147102e-13       0.000000000000e+00       1.081098552012e-16       2.315218053075e-17      -4.542368145526e-19 
 2702       7.568414232175e-12       1.962299850247e-13      -4.782922054751e-13       0.000000000000e+00       1.079435089301e-16       2.306276206441e-17      -4.188853561078e-19 
 2703       7.554018136565e-12       1.948561922830e-13      -4.726412177664e-13       0.000000000000e+00       1.077774792312e-16       2.297269845564e-17      -3.833087661709e-19 
 2704       7.539340416270e-12       1.935085675634e-13      -4.669725243075e-13       0.000000000000e+00       1.076117652532e-16       2.288202365859e-17      -3.475497149570e-19 
 2705       7.524382905416e-12       1.921872181373e-13      -4.612880034299e-13       0.000000000000e+00       1.074463661400e-16       2.279077173056e-17      -3.116509998601e-19 
 2706       7.509147444857e-12       1.908922514580e-13      -4.555895390793e-13       0.000000000000e+00       1.072812810300e-16       2.269897683211e-17      -2.756555455714e-19 
 2707       7.493635882176e-12       1.896237751597e-13      -4.498790208203e-13       0.000000000000e+00       1.071165090568e-16       2.260667322711e-17      -2.396064041971e-19 
 2708       7.477850071691e-12       1.883818970586e-13      -4.441583438413e-13       0.000000000000e+00       1.069520493486e-16       2.251389528288e-17      -2.035467553759e-19 
 2709       7.461791874465e-12       1.871667251525e-13      -4.384294089606e-13       0.000000000000e+00       1.067879010286e-16       2.242067747028e-17      -1.675199063969e-19 
 2710       7.445463158312e-12       1.859783676210e-13      -4.326941226307e-13       0.000000000000e+00       1.066240632146e-16       2.232705436378e-17      -1.315692923177e-19 
 2711       7.428865797800e-12       1.848169328257e-13      -4.269543969441e-13       0.000000000000e+00       1.064605350197e-16       2.223306064158e-17      -9.573847608172e-20 
 2712       7.412001674263e-12       1.836825293104e-13      -4.212121496380e-13       0.000000000000e+00       1.062973155512e-16       2.213873108571e-17      -6.007114863645e-20 
 2713       7.394872675802e-12       1.825752658009e-13      -4.154693041001e-13       0.000000000000e+00       1.061344039119e-16       2.204410058211e-17      -2.461112905094e-20 
 2714       7.377480697298e-12       1.814952512055e-13      -4.097277893732e-13       0.000000000000e+00       1.059717991989e-16       2.194920412071e-17       1.059763536623e-20 
 2715       7.359827640410e-12       1.804425946150e-13      -4.039895401609e-13       0.000000000000e+00       1.058095005043e-16       2.185407679558e-17       4.551106894923e-20 
 2716       7.341915413591e-12       1.794174053027e-13      -3.982564968323e-13       0.000000000000e+00       1.056475069151e-16       2.175875380497e-17       8.008496755714e-20 
 2717       7.323745932089e-12       1.784197927247e-13      -3.925306054277e-13       0.000000000000e+00       1.054858175129e-16       2.166327045146e-17       1.142749984561e-19 
 2718       7.305321117953e-12       1.774498665197e-13      -3.868138176635e-13       0.000000000000e+00       1.053244313743e-16       2.156766214198e-17       1.480367002017e-19 
 2719       7.286642900044e-12       1.765077365098e-13      -3.811080909375e-13       0.000000000000e+00       1.051633475706e-16       2.147196438800e-17       1.813254825209e-19 
 2720       7.267713214037e-12       1.755935126998e-13      -3.754153883339e-13       0.000000000000e+00       1.050025651678e-16       2.137621280554e-17       2.140966261944e-19 
 2721       7.248534002431e-12       1.747073052779e-13      -3.697376786289e-13       0.000000000000e+00       1.048420832268e-16       2.128044311533e-17       2.463052829389e-19 
 2722       7.229107214553e-12       1.738492246156e-13      -3.640769362956e-13       0.000000000000e+00       1.046819008033e-16       2.118469114287e-17       2.779064752891e-19 
 2723       7.209434806566e-12       1.730193812679e-13      -3.584351415093e-13       0.000000000000e+00       1.045220169476e-16       2.108899281853e-17       3.088550964799e-19 
 2724       7.189518741476e-12       1.722178859733e-13      -3.528142801524e-13       0.000000000000e+00       1.043624307049e-16       2.099338417767e-17       3.391059103290e-19 
 2725       7.169360989138e-12       1.714448496541e-13      -3.472163438203e-13       0.000000000000e+00       1.042031411151e-16       2.089790136070e-17       3.686135511185e-19 
 2726       7.148963526261e-12       1.707003834165e-13      -3.416433298259e-13       0.000000000000e+00       1.040441472130e-16       2.080258061321e-17       3.973325234775e-19 
 2727       7.128328336418e-12       1.699845985505e-13      -3.360972412051e-13       0.000000000000e+00       1.038854480278e-16       2.070745828603e-17       4.252172022643e-19 
 2728       7.107457410050e-12       1.692976065303e-13      -3.305800867220e-13       0.000000000000e+00       1.037270425838e-16       2.061257083538e-17       4.522218324483e-19 
 2729       7.086352744474e-12       1.686395190142e-13      -3.250938808741e-13       0.000000000000e+00       1.035689298999e-16       2.051795482289e-17       4.783005289925e-19 
 2730       7.065016343888e-12       1.680104478450e-13      -3.196406438975e-13       0.000000000000e+00       1.034111089896e-16       2.042364691579e-17       5.034072767356e-19 
 2731       7.043450660682e-12       1.674104407924e-13      -3.142222396422e-13       0.000000000000e+00       1.032535789435e-16       2.032967370264e-17       5.275087008944e-19 
 2732       7.021659921946e-12       1.668392884046e-13      -3.088398882383e-13       0.000000000000e+00       1.030963391761e-16       2.023602108110e-17       5.506224536265e-19 
 2733       6.999648810088e-12       1.662967161213e-13      -3.034946508272e-13       0.000000000000e+00       1.029393891798e-16       2.014266470622e-17       5.727790330758e-19 
 2734       6.977422022192e-12       1.657824484364e-13      -2.981875914563e-13       0.000000000000e+00       1.027827284437e-16       2.004958015978e-17       5.940090315346e-19 
 2735       6.954984270027e-12       1.652962088965e-13      -2.929197770817e-13       0.000000000000e+00       1.026263564525e-16       1.995674295018e-17       6.143431355308e-19 
 2736       6.932340280067e-12       1.648377201007e-13      -2.876922775710e-13       0.000000000000e+00       1.024702726874e-16       1.986412851239e-17       6.338121259159e-19 
 2737       6.909494793502e-12       1.644067036993e-13      -2.825061657054e-13       0.000000000000e+00       1.023144766255e-16       1.977171220789e-17       6.524468779521e-19 
 2738       6.886452566248e-12       1.640028803930e-13      -2.773625171828e-13       0.000000000000e+00       1.021589677404e-16       1.967946932461e-17       6.702783614004e-19 
 2739       6.863218368969e-12       1.636259699318e-13      -2.722624106202e-13       0.000000000000e+00       1.020037455013e-16       1.958737507681e-17       6.873376406078e-19 
 2740       6.839796987081e-12       1.632756911144e-13      -2.672069275563e-13       0.000000000000e+00       1.018488093740e-16       1.949540460508e-17       7.036558745952e-19 
 2741       6.816193220774e-12       1.629517617871e-13      -2.621971524539e-13       0.000000000000e+00       1.016941588201e-16       1.940353297623e-17       7.192643171446e-19 
 2742       6.792411885019e-12       1.626538988429e-13      -2.572341727029e-13       0.000000000000e+00       1.015397932975e-16       1.931173518323e-17       7.341943168871e-19 
 2743       6.768457809589e-12       1.623818182206e-13      -2.523190786226e-13       0.000000000000e+00       1.013857122602e-16       1.921998614517e-17       7.484773173903e-19 
 2744       6.744335839065e-12       1.621352349041e-13      -2.474529634642e-13       0.000000000000e+00       1.012319151581e-16       1.912826070713e-17       7.621448572459e-19 
 2745       6.720050832855e-12       1.619138629211e-13      -2.426369234136e-13       0.000000000000e+00       1.010784014376e-16       1.903653364018e-17       7.752285701573e-19 
 2746       6.695607665205e-12       1.617174153423e-13      -2.378720575942e-13       0.000000000000e+00       1.009251705407e-16       1.894477964127e-17       7.877601850273e-19 
 2747       6.671011225215e-12       1.615456042810e-13      -2.331594680689e-13       0.000000000000e+00       1.007722219060e-16       1.885297333318e-17       7.997715260454e-19 
 2748       6.646266416850e-12       1.613981408913e-13      -2.285002598432e-13       0.000000000000e+00       1.006195549677e-16       1.876108926445e-17       8.112945127758e-19 
 2749       6.621378158955e-12       1.612747353680e-13      -2.238955408676e-13       0.000000000000e+00       1.004671691565e-16       1.866910190931e-17       8.223611602446e-19 
 2750       6.596351385270e-12       1.611750969452e-13      -2.193464220401e-13       0.000000000000e+00       1.003150638990e-16       1.857698566760e-17       8.330035790277e-19 
 2751       6.571191044441e-12       1.610989338955e-13      -2.148540172089e-13       0.000000000000e+00       1.001632386178e-16       1.848471486473e-17       8.432539753383e-19 
 2752       6.545902100037e-12       1.610459535294e-13      -2.104194431753e-13       0.000000000000e+00       1.000116927316e-16       1.839226375158e-17       8.531446511143e-19 
 2753       6.520489530560e-12       1.610158621939e-13      -2.060438196957e-13       0.000000000000e+00       9.986042565543e-17       1.829960650447e-17       8.627080041062e-19 
 2754       6.494958329462e-12       1.610083652718e-13      -2.017282694844e-13       0.000000000000e+00       9.970943680000e-17       1.820671722506e-17       8.719765279644e-19 
 2755       6.469313505155e-12       1.610231671809e-13      -1.974739182166e-13       0.000000000000e+00       9.955872557230e-17       1.811356994029e-17       8.809828123271e-19 
 2756       6.443560081030e-12       1.610599713732e-13      -1.932818945303e-13       0.000000000000e+00       9.940829137533e-17       1.802013860232e-17       8.897595429076e-19 
 2757       6.417703095464e-12       1.611184803334e-13      -1.891533300295e-13       0.000000000000e+00       9.925813360813e-17       1.792639708846e-17       8.983395015821e-19 
 2758       6.391747601841e-12       1.611983955786e-13      -1.850893592865e-13       0.000000000000e+00       9.910825166579e-17       1.783231920109e-17       9.067555664773e-19 
 2759       6.365698668559e-12       1.612994176573e-13      -1.810911198445e-13       0.000000000000e+00       9.895864493943e-17       1.773787866763e-17       9.150407120578e-19 
 2760       6.339561379049e-12       1.614212461481e-13      -1.771597522202e-13       0.000000000000e+00       9.880931281623e-17       1.764304914040e-17       9.232280092137e-19 
 2761       6.313340831785e-12       1.615635796592e-13      -1.732963999066e-13       0.000000000000e+00       9.866025467939e-17       1.754780419665e-17       9.313506253484e-19 
 2762       6.287042140298e-12       1.617261158274e-13      -1.695022093752e-13       0.000000000000e+00       9.851146990812e-17       1.745211733839e-17       9.394418244663e-19 
 2763       6.260670433194e-12       1.619085513171e-13      -1.657783300789e-13       0.000000000000e+00       9.836295787767e-17       1.735596199240e-17       9.475349672598e-19 
 2764       6.234230854162e-12       1.621105818194e-13      -1.621259144545e-13       0.000000000000e+00       9.821471795932e-17       1.725931151014e-17       9.556635111975e-19 
 2765       6.207728561990e-12       1.623319020512e-13      -1.585461179254e-13       0.000000000000e+00       9.806674952033e-17       1.716213916766e-17       9.638610106116e-19 
 2766       6.181168730580e-12       1.625722057544e-13      -1.550400989039e-13       0.000000000000e+00       9.791905192401e-17       1.706441816555e-17       9.721611167854e-19 
 2767       6.154556548961e-12       1.628311856948e-13      -1.516090187940e-13       0.000000000000e+00       9.777162452964e-17       1.696612162887e-17       9.805975780409e-19 
 2768       6.127897221301e-12       1.631085336615e-13      -1.482540419941e-13       0.000000000000e+00       9.762446669253e-17       1.686722260710e-17       9.892042398264e-19 
 2769       6.101195966922e-12       1.634039404656e-13      -1.449763358995e-13       0.000000000000e+00       9.747757776396e-17       1.676769407404e-17       9.980150448045e-19 
 2770       6.074458020314e-12       1.637170959394e-13      -1.417770709047e-13       0.000000000000e+00       9.733095709123e-17       1.666750892775e-17       1.007064032939e-18 
 2771       6.047688508703e-12       1.640476687911e-13      -1.386572041473e-13       0.000000000000e+00       9.718460406655e-17       1.656665030288e-17       1.016377603441e-18 
 2772       6.020892084020e-12       1.643952460525e-13      -1.356168294842e-13       0.000000000000e+00       9.703851827428e-17       1.646514256719e-17       1.025951255756e-18 
 2773       5.994073289015e-12       1.647593933092e-13      -1.326558240851e-13       0.000000000000e+00       9.689269934447e-17       1.636302048872e-17       1.035772725824e-18 
 2774       5.967236679536e-12       1.651396748152e-13      -1.297740643784e-13       0.000000000000e+00       9.674714690399e-17       1.626031893835e-17       1.045829713026e-18 
 2775       5.940386824542e-12       1.655356534913e-13      -1.269714260509e-13       0.000000000000e+00       9.660186057656e-17       1.615707288990e-17       1.056109880151e-18 
 2776       5.913528306113e-12       1.659468909243e-13      -1.242477840468e-13       0.000000000000e+00       9.645683998267e-17       1.605331742025e-17       1.066600853361e-18 
 2777       5.886665719464e-12       1.663729473655e-13      -1.216030125669e-13       0.000000000000e+00       9.631208473967e-17       1.594908770941e-17       1.077290222160e-18 
 2778       5.859803672957e-12       1.668133817296e-13      -1.190369850679e-13       0.000000000000e+00       9.616759446170e-17       1.584441904061e-17       1.088165539358e-18 
 2779       5.832946788109e-12       1.672677515932e-13      -1.165495742615e-13       0.000000000000e+00       9.602336875968e-17       1.573934680041e-17       1.099214321039e-18 
 2780       5.806099699609e-12       1.677356131942e-13      -1.141406521138e-13       0.000000000000e+00       9.587940724138e-17       1.563390647881e-17       1.110424046529e-18 
 2781       5.779267055325e-12       1.682165214298e-13      -1.118100898444e-13       0.000000000000e+00       9.573570951133e-17       1.552813366927e-17       1.121782158360e-18 
 2782       5.752453516319e-12       1.687100298560e-13      -1.095577579253e-13       0.000000000000e+00       9.559227517086e-17       1.542206406889e-17       1.133276062240e-18 
 2783       5.725663756858e-12       1.692156906857e-13      -1.073835260808e-13       0.000000000000e+00       9.544910381812e-17       1.531573347847e-17       1.144893127015e-18 
 2784       5.698902464425e-12       1.697330547882e-13      -1.052872632862e-13       0.000000000000e+00       9.530619504801e-17       1.520917780257e-17       1.156620684642e-18 
 2785       5.672174339731e-12       1.702616716872e-13      -1.032688377671e-13       0.000000000000e+00       9.516354845223e-17       1.510243304966e-17       1.168446030149e-18 
 2786       5.645484096728e-12       1.708010895602e-13      -1.013281169987e-13       0.000000000000e+00       9.502116361927e-17       1.499553533217e-17       1.180356421607e-18 
 2787       5.618836462619e-12       1.713508552371e-13      -9.946496770496e-14       0.000000000000e+00       9.487904013437e-17       1.488852086661e-17       1.192339080095e-18 
 2788       5.592236177872e-12       1.719105141986e-13      -9.767925585789e-14       0.000000000000e+00       9.473717757956e-17       1.478142597365e-17       1.204381189664e-18 
 2789       5.565687996228e-12       1.724796105756e-13      -9.597084667665e-14       0.000000000000e+00       9.459557553365e-17       1.467428707822e-17       1.216469897308e-18 
 2790       5.539196684718e-12       1.730576871476e-13      -9.433960462683e-14       0.000000000000e+00       9.445423357219e-17       1.456714070959e-17       1.228592312929e-18 
 2791       5.512767023670e-12       1.736442853415e-13      -9.278539341967e-14       0.000000000000e+00       9.431315126751e-17       1.446002350148e-17       1.240735509303e-18 
 2792       5.486403806723e-12       1.742389452304e-13      -9.130807601124e-14       0.000000000000e+00       9.417232818868e-17       1.435297219216e-17       1.252886522046e-18 
 2793       5.460111840839e-12       1.748412055325e-13      -8.990751460167e-14       0.000000000000e+00       9.403176390155e-17       1.424602362451e-17       1.265032349583e-18 
 2794       5.433895946315e-12       1.754506036097e-13      -8.858357063437e-14       0.000000000000e+00       9.389145796870e-17       1.413921474614e-17       1.277159953114e-18 
 2795       5.407760956793e-12       1.760666754665e-13      -8.733610479525e-14       0.000000000000e+00       9.375140994947e-17       1.403258260948e-17       1.289256256580e-18 
 2796       5.381711719273e-12       1.766889557487e-13      -8.616497701189e-14       0.000000000000e+00       9.361161939993e-17       1.392616437188e-17       1.301308146629e-18 
 2797       5.355753094126e-12       1.773169777422e-13      -8.507004645283e-14       0.000000000000e+00       9.347208587290e-17       1.381999729566e-17       1.313302472585e-18 
 2798       5.329889955102e-12       1.779502733718e-13      -8.405117152670e-14       0.000000000000e+00       9.333280891793e-17       1.371411874828e-17       1.325226046413e-18 
 2799       5.304127189346e-12       1.785883731999e-13      -8.310820988150e-14       0.000000000000e+00       9.319378808132e-17       1.360856620237e-17       1.337065642685e-18 
 2800       5.278469697409e-12       1.792308064254e-13      -8.224101840377e-14       0.000000000000e+00       9.305502290606e-17       1.350337723583e-17       1.348807998550e-18 
 2801       5.252922393256e-12       1.798771008825e-13      -8.144945321784e-14       0.000000000000e+00       9.291651293192e-17       1.339858953197e-17       1.360439813697e-18 
 2802       5.227490204283e-12       1.805267830392e-13      -8.073336968501e-14       0.000000000000e+00       9.277825769533e-17       1.329424087955e-17       1.371947750324e-18 
 2803       5.202178071325e-12       1.811793779964e-13      -8.009262240278e-14       0.000000000000e+00       9.264025672949e-17       1.319036917288e-17       1.383318433102e-18 
 2804       5.176990948670e-12       1.818344094865e-13      -7.952706520408e-14       0.000000000000e+00       9.250250956430e-17       1.308701241197e-17       1.394538449146e-18 
 2805       5.151933804069e-12       1.824913998721e-13      -7.903655115644e-14       0.000000000000e+00       9.236501572634e-17       1.298420870255e-17       1.405594347979e-18 
 2806       5.127011618749e-12       1.831498701451e-13      -7.862093256126e-14       0.000000000000e+00       9.222777473894e-17       1.288199625619e-17       1.416472641498e-18 
 2807       5.102229387425e-12       1.838093399252e-13      -7.828006095296e-14       0.000000000000e+00       9.209078612211e-17       1.278041339041e-17       1.427159803942e-18 
 2808       5.077592118312e-12       1.844693274586e-13      -7.801378709827e-14       0.000000000000e+00       9.195404939257e-17       1.267949852877e-17       1.437642271858e-18 
 2809       5.053104833134e-12       1.851293496171e-13      -7.782196099537e-14       0.000000000000e+00       9.181756406372e-17       1.257929020093e-17       1.447906444070e-18 
 2810       5.028772567140e-12       1.857889218967e-13      -7.770443187315e-14       0.000000000000e+00       9.168132964567e-17       1.247982704280e-17       1.457938681642e-18 
 2811       5.004599858913e-12       1.864475846940e-13      -7.766090727423e-14       0.000000000000e+00       9.154534561919e-17       1.238113920708e-17       1.467725836306e-18 
 2812       4.980589216895e-12       1.871049822882e-13      -7.769052950352e-14       0.000000000000e+00       9.140961135751e-17       1.228322254609e-17       1.477256838813e-18 
 2813       4.956742644894e-12       1.877607842684e-13      -7.779229697142e-14       0.000000000000e+00       9.127412620411e-17       1.218606429461e-17       1.486521118789e-18 
 2814       4.933062151568e-12       1.884146592920e-13      -7.796520490660e-14       0.000000000000e+00       9.113888949872e-17       1.208965164721e-17       1.495508077004e-18 
 2815       4.909549750427e-12       1.890662750843e-13      -7.820824535313e-14       0.000000000000e+00       9.100390057727e-17       1.199397175812e-17       1.504207085347e-18 
 2816       4.886207459833e-12       1.897152984377e-13      -7.852040716754e-14       0.000000000000e+00       9.086915877193e-17       1.189901174124e-17       1.512607486801e-18 
 2817       4.863037303010e-12       1.903613952104e-13      -7.890067601586e-14       0.000000000000e+00       9.073466341110e-17       1.180475867011e-17       1.520698595415e-18 
 2818       4.840041308044e-12       1.910042303261e-13      -7.934803437075e-14       0.000000000000e+00       9.060041381938e-17       1.171119957785e-17       1.528469696282e-18 
 2819       4.817221507889e-12       1.916434677727e-13      -7.986146150854e-14       0.000000000000e+00       9.046640931759e-17       1.161832145713e-17       1.535910045511e-18 
 2820       4.794579940370e-12       1.922787706021e-13      -8.043993350629e-14       0.000000000000e+00       9.033264922277e-17       1.152611126013e-17       1.543008870205e-18 
 2821       4.772118648186e-12       1.929098009288e-13      -8.108242323891e-14       0.000000000000e+00       9.019913284815e-17       1.143455589853e-17       1.549755368432e-18 
 2822       4.749839678918e-12       1.935362199291e-13      -8.178790037620e-14       0.000000000000e+00       9.006585950316e-17       1.134364224342e-17       1.556138709203e-18 
 2823       4.727745085029e-12       1.941576878407e-13      -8.255533137995e-14       0.000000000000e+00       8.993282849343e-17       1.125335712532e-17       1.562148032445e-18 
 2824       4.705836923869e-12       1.947738639616e-13      -8.338367950097e-14       0.000000000000e+00       8.980003912079e-17       1.116368733409e-17       1.567772448974e-18 
 2825       4.684117257681e-12       1.953844066493e-13      -8.427190477623e-14       0.000000000000e+00       8.966749068326e-17       1.107461961895e-17       1.573001040476e-18 
 2826       4.662588153602e-12       1.959889733199e-13      -8.521896402587e-14       0.000000000000e+00       8.953518247502e-17       1.098614068839e-17       1.577822859472e-18 
 2827       4.641251683670e-12       1.965872204473e-13      -8.622381085031e-14       0.000000000000e+00       8.940311378646e-17       1.089823721017e-17       1.582226929303e-18 
 2828       4.620109924824e-12       1.971788035627e-13      -8.728539562734e-14       0.000000000000e+00       8.927128390413e-17       1.081089581126e-17       1.586202244098e-18 
 2829       4.599164958914e-12       1.977633772533e-13      -8.840266550915e-14       0.000000000000e+00       8.913969211075e-17       1.072410307781e-17       1.589737768749e-18 
 2830       4.578418872701e-12       1.983405951616e-13      -8.957456441942e-14       0.000000000000e+00       8.900833768523e-17       1.063784555512e-17       1.592822438889e-18 
 2831       4.557873757859e-12       1.989101099849e-13      -9.080003305042e-14       0.000000000000e+00       8.887721990263e-17       1.055210974760e-17       1.595445160867e-18 
 2832       4.537531710985e-12       1.994715734740e-13      -9.207800886007e-14       0.000000000000e+00       8.874633803415e-17       1.046688211872e-17       1.597594811716e-18 
 2833       4.517394833597e-12       2.000246364329e-13      -9.340742606899e-14       0.000000000000e+00       8.861569134719e-17       1.038214909100e-17       1.599260239138e-18 
 2834       4.497465232145e-12       2.005689487172e-13      -9.478721565762e-14       0.000000000000e+00       8.848527910526e-17       1.029789704594e-17       1.600430261468e-18 
 2835       4.477745018006e-12       2.011041592343e-13      -9.621630536325e-14       0.000000000000e+00       8.835510056805e-17       1.021411232400e-17       1.601093667659e-18 
 2836       4.458236307495e-12       2.016299159417e-13      -9.769361967712e-14       0.000000000000e+00       8.822515499137e-17       1.013078122458e-17       1.601239217248e-18 
 2837       4.438941221869e-12       2.021458658466e-13      -9.921807984149e-14       0.000000000000e+00       8.809544162719e-17       1.004789000596e-17       1.600855640335e-18 
 2838       4.419861887325e-12       2.026516550049e-13      -1.007886038467e-13       0.000000000000e+00       8.796595972360e-17       9.965424885241e-18       1.599931637560e-18 
 2839       4.401000435012e-12       2.031469285206e-13      -1.024041064283e-13       0.000000000000e+00       8.783670852484e-17       9.883372038375e-18       1.598455880071e-18 
 2840       4.382359001027e-12       2.036313305447e-13      -1.040634990641e-13       0.000000000000e+00       8.770768727125e-17       9.801717600068e-18       1.596417009504e-18 
 2841       4.363939726427e-12       2.041045042747e-13      -1.057656899711e-13       0.000000000000e+00       8.757889519933e-17       9.720447663764e-18       1.593803637959e-18 
 2842       4.345744757226e-12       2.045660919534e-13      -1.075095841028e-13       0.000000000000e+00       8.745033154167e-17       9.639548281612e-18       1.590604347967e-18 
 2843       4.327776244405e-12       2.050157348683e-13      -1.092940831462e-13       0.000000000000e+00       8.732199552699e-17       9.559005464422e-18       1.586807692475e-18 
 2844       4.310036343910e-12       2.054530733508e-13      -1.111180855187e-13       0.000000000000e+00       8.719388638011e-17       9.478805181631e-18       1.582402194811e-18 
 2845       4.292527216662e-12       2.058777467751e-13      -1.129804863655e-13       0.000000000000e+00       8.706600332199e-17       9.398933361266e-18       1.577376348668e-18 
 2846       4.275251028557e-12       2.062893935580e-13      -1.148801775563e-13       0.000000000000e+00       8.693834556964e-17       9.319375889905e-18       1.571718618068e-18 
 2847       4.258209950472e-12       2.066876511572e-13      -1.168160476827e-13       0.000000000000e+00       8.681091233623e-17       9.240118612644e-18       1.565417437349e-18 
 2848       4.241406158267e-12       2.070721560713e-13      -1.187869820551e-13       0.000000000000e+00       8.668370283098e-17       9.161147333054e-18       1.558461211129e-18 
 2849       4.224841832792e-12       2.074425438384e-13      -1.207918626998e-13       0.000000000000e+00       8.655671625922e-17       9.082447813151e-18       1.550838314287e-18 
 2850       4.208519159888e-12       2.077984490355e-13      -1.228295683561e-13       0.000000000000e+00       8.642995182236e-17       9.004005773352e-18       1.542537091935e-18 
 2851       4.192439777662e-12       2.081395556735e-13      -1.248989692262e-13       0.000000000000e+00       8.630340882672e-17       8.925819095550e-18       1.533554288129e-18 
 2852       4.176603115194e-12       2.084657486668e-13      -1.269989112014e-13       0.000000000000e+00       8.617708701045e-17       8.847934500878e-18       1.523920379344e-18 
 2853       4.161008045303e-12       2.087769631400e-13      -1.291282315490e-13       0.000000000000e+00       8.605098621832e-17       8.770411060283e-18       1.513674371086e-18 
 2854       4.145653436498e-12       2.090731341028e-13      -1.312857641492e-13       0.000000000000e+00       8.592510629296e-17       8.693308008672e-18       1.502855381077e-18 
 2855       4.130538152978e-12       2.093541964500e-13      -1.334703394919e-13       0.000000000000e+00       8.579944707491e-17       8.616684745060e-18       1.491502639351e-18 
 2856       4.115661054622e-12       2.096200849612e-13      -1.356807846740e-13       0.000000000000e+00       8.567400840263e-17       8.540600832710e-18       1.479655488356e-18 
 2857       4.101020996989e-12       2.098707343010e-13      -1.379159233961e-13       0.000000000000e+00       8.554879011246e-17       8.465115999276e-18       1.467353383051e-18 
 2858       4.086616831314e-12       2.101060790187e-13      -1.401745759598e-13       0.000000000000e+00       8.542379203865e-17       8.390290136948e-18       1.454635891009e-18 
 2859       4.072447404500e-12       2.103260535484e-13      -1.424555592642e-13       0.000000000000e+00       8.529901401332e-17       8.316183302592e-18       1.441542692510e-18 
 2860       4.058511559120e-12       2.105305922087e-13      -1.447576868035e-13       0.000000000000e+00       8.517445586651e-17       8.242855717896e-18       1.428113580646e-18 
 2861       4.044808133406e-12       2.107196292028e-13      -1.470797686637e-13       0.000000000000e+00       8.505011742613e-17       8.170367769512e-18       1.414388461416e-18 
 2862       4.031335961250e-12       2.108930986183e-13      -1.494206115195e-13       0.000000000000e+00       8.492599851798e-17       8.098780009199e-18       1.400407353827e-18 
 2863       4.018093872199e-12       2.110509344273e-13      -1.517790186314e-13       0.000000000000e+00       8.480209896574e-17       8.028153153965e-18       1.386210389993e-18 
 2864       4.005080691447e-12       2.111930704861e-13      -1.541537898428e-13       0.000000000000e+00       8.467841859098e-17       7.958548086215e-18       1.371837815235e-18 
 2865       3.992295239837e-12       2.113194405351e-13      -1.565437215769e-13       0.000000000000e+00       8.455495721314e-17       7.890025853885e-18       1.357329988178e-18 
 2866       3.979736333853e-12       2.114299781990e-13      -1.589476068337e-13       0.000000000000e+00       8.443171464954e-17       7.822647670594e-18       1.342727380850e-18 
 2867       3.967402785616e-12       2.115246169866e-13      -1.613642351870e-13       0.000000000000e+00       8.430869071538e-17       7.756474915783e-18       1.328070578786e-18 
 2868       3.955293402880e-12       2.116032902905e-13      -1.637923927812e-13       0.000000000000e+00       8.418588522373e-17       7.691569134857e-18       1.313400281120e-18 
 2869       3.943406989031e-12       2.116659313872e-13      -1.662308623288e-13       0.000000000000e+00       8.406329798551e-17       7.627992039332e-18       1.298757300688e-18 
 2870       3.931742343077e-12       2.117124734371e-13      -1.686784231069e-13       0.000000000000e+00       8.394092880953e-17       7.565805506974e-18       1.284182564128e-18 
 2871       3.920298259650e-12       2.117428494844e-13      -1.711338509546e-13       0.000000000000e+00       8.381877750246e-17       7.505071581944e-18       1.269717111977e-18 
 2872       3.909073528998e-12       2.117569924568e-13      -1.735959182694e-13       0.000000000000e+00       8.369684386882e-17       7.445852474942e-18       1.255402098771e-18 
 2873       3.898066936980e-12       2.117548351655e-13      -1.760633940049e-13       0.000000000000e+00       8.357512771100e-17       7.388210563348e-18       1.241278793144e-18 
 2874       3.887277265068e-12       2.117363103053e-13      -1.785350436674e-13       0.000000000000e+00       8.345362882924e-17       7.332208391366e-18       1.227388577928e-18 
 2875       3.876703290334e-12       2.117013504546e-13      -1.810096293130e-13       0.000000000000e+00       8.333234702164e-17       7.277908670168e-18       1.213772950250e-18 
 2876       3.866343785456e-12       2.116498880746e-13      -1.834859095446e-13       0.000000000000e+00       8.321128208415e-17       7.225374278035e-18       1.200473521633e-18 
 2877       3.856197518702e-12       2.115818555103e-13      -1.859626395086e-13       0.000000000000e+00       8.309043381056e-17       7.174668260504e-18       1.187532018094e-18 
 2878       3.846263253939e-12       2.114971849896e-13      -1.884385708926e-13       0.000000000000e+00       8.296980199254e-17       7.125853830505e-18       1.174990280244e-18 
 2879       3.836539750616e-12       2.113958086233e-13      -1.909124519216e-13       0.000000000000e+00       8.284938641956e-17       7.078994368509e-18       1.162890263388e-18 
 2880       3.827025763772e-12       2.112776584056e-13      -1.933830273556e-13       0.000000000000e+00       8.272918687896e-17       7.034153422670e-18       1.151274037621e-18 
 2881       3.817720044020e-12       2.111426662133e-13      -1.958490384863e-13       0.000000000000e+00       8.260920315591e-17       6.991394708968e-18       1.140183787929e-18 
 2882       3.808621337555e-12       2.109907638062e-13      -1.983092231340e-13       0.000000000000e+00       8.248943503343e-17       6.950782111351e-18       1.129661814289e-18 
 2883       3.799728386138e-12       2.108218828267e-13      -2.007623156449e-13       0.000000000000e+00       8.236988229236e-17       6.912379681878e-18       1.119750531767e-18 
 2884       3.791039927103e-12       2.106359548001e-13      -2.032070468881e-13       0.000000000000e+00       8.225054471137e-17       6.876251640864e-18       1.110492470618e-18 
 2885       3.782554693342e-12       2.104329111341e-13      -2.056421442521e-13       0.000000000000e+00       8.213142206699e-17       6.842462377023e-18       1.101930276384e-18 
 2886       3.774271413311e-12       2.102126831191e-13      -2.080663316424e-13       0.000000000000e+00       8.201251413353e-17       6.811076447608e-18       1.094106709992e-18 
 2887       3.766188811019e-12       2.099752019276e-13      -2.104783294781e-13       0.000000000000e+00       8.189382068317e-17       6.782158578558e-18       1.087064647857e-18 
 2888       3.758305606026e-12       2.097203986148e-13      -2.128768546892e-13       0.000000000000e+00       8.177534148589e-17       6.755773664637e-18       1.080847081978e-18 
 2889       3.750620513440e-12       2.094482041180e-13      -2.152606207133e-13       0.000000000000e+00       8.165707630949e-17       6.731986769583e-18       1.075497120037e-18 
 2890       3.743132243912e-12       2.091585492568e-13      -2.176283374927e-13       0.000000000000e+00       8.153902491960e-17       6.710863126244e-18       1.071057985502e-18 
 2891       3.735839247035e-12       2.088514026825e-13      -2.199788082597e-13       0.000000000000e+00       8.142118702556e-17       6.692441847423e-18       1.067557359528e-18 
 2892       3.728738940137e-12       2.085268849379e-13      -2.223112204329e-13       0.000000000000e+00       8.130356211786e-17       6.676656912618e-18       1.064960319838e-18 
 2893       3.721828475576e-12       2.081851549752e-13      -2.246248561883e-13       0.000000000000e+00       8.118614962989e-17       6.663415781282e-18       1.063216163628e-18 
 2894       3.715104996968e-12       2.078263722595e-13      -2.269189958038e-13       0.000000000000e+00       8.106894899195e-17       6.652625645541e-18       1.062274043983e-18 
 2895       3.708565639184e-12       2.074506967689e-13      -2.291929176572e-13       0.000000000000e+00       8.095195963125e-17       6.644193429951e-18       1.062082969751e-18 
 2896       3.702207528341e-12       2.070582889953e-13      -2.314458982247e-13       0.000000000000e+00       8.083518097189e-17       6.638025791274e-18       1.062591805417e-18 
 2897       3.696027781790e-12       2.066493099447e-13      -2.336772120794e-13       0.000000000000e+00       8.071861243486e-17       6.634029118237e-18       1.063749270977e-18 
 2898       3.690023508116e-12       2.062239211374e-13      -2.358861318895e-13       0.000000000000e+00       8.060225343809e-17       6.632109531298e-18       1.065503941811e-18 
 2899       3.684191807123e-12       2.057822846092e-13      -2.380719284171e-13       0.000000000000e+00       8.048610339635e-17       6.632172882417e-18       1.067804248562e-18 
 2900       3.678529769831e-12       2.053245629109e-13      -2.402338705159e-13       0.000000000000e+00       8.037016172134e-17       6.634124754816e-18       1.070598477004e-18 
 2901       3.673034478466e-12       2.048509191097e-13      -2.423712251302e-13       0.000000000000e+00       8.025442782162e-17       6.637870462746e-18       1.073834767923e-18 
 2902       3.667703006450e-12       2.043615167890e-13      -2.444832572929e-13       0.000000000000e+00       8.013890110264e-17       6.643315051257e-18       1.077461116984e-18 
 2903       3.662532418399e-12       2.038565200490e-13      -2.465692301242e-13       0.000000000000e+00       8.002358096675e-17       6.650363295957e-18       1.081425374614e-18 
 2904       3.657519770111e-12       2.033360935076e-13      -2.486284048297e-13       0.000000000000e+00       7.990846681315e-17       6.658919702783e-18       1.085675245869e-18 
 2905       3.652662108558e-12       2.028004023001e-13      -2.506600406991e-13       0.000000000000e+00       7.979355803793e-17       6.668888507764e-18       1.090158290312e-18 
 2906       3.647956471880e-12       2.022496120804e-13      -2.526633951041e-13       0.000000000000e+00       7.967885403405e-17       6.680173676790e-18       1.094821921887e-18 
 2907       3.643399889376e-12       2.016838890210e-13      -2.546377234973e-13       0.000000000000e+00       7.956435419132e-17       6.692678905373e-18       1.099613408791e-18 
 2908       3.638989381498e-12       2.011033998136e-13      -2.565822794104e-13       0.000000000000e+00       7.945005789643e-17       6.706307618416e-18       1.104479873354e-18 
 2909       3.634721959841e-12       2.005083116697e-13      -2.584963144524e-13       0.000000000000e+00       7.933596453293e-17       6.720962969979e-18       1.109368291906e-18 
 2910       3.630594627136e-12       1.998987923208e-13      -2.603790783082e-13       0.000000000000e+00       7.922207348123e-17       6.736547843043e-18       1.114225494658e-18 
 2911       3.626604377242e-12       1.992750100190e-13      -2.622298187370e-13       0.000000000000e+00       7.910838411858e-17       6.752964849276e-18       1.118998165573e-18 
 2912       3.622748195138e-12       1.986371335376e-13      -2.640477815707e-13       0.000000000000e+00       7.899489581911e-17       6.770116328801e-18       1.123632842238e-18 
 2913       3.619023056919e-12       1.979853321713e-13      -2.658322107118e-13       0.000000000000e+00       7.888160795375e-17       6.787904349958e-18       1.128075915746e-18 
 2914       3.615425929780e-12       1.973197757368e-13      -2.675823481327e-13       0.000000000000e+00       7.876851989033e-17       6.806230709073e-18       1.132273630562e-18 
 2915       3.611953772017e-12       1.966406345734e-13      -2.692974338733e-13       0.000000000000e+00       7.865563099348e-17       6.824996930223e-18       1.136172084402e-18 
 2916       3.608603533012e-12       1.959480795431e-13      -2.709767060396e-13       0.000000000000e+00       7.854294062470e-17       6.844104265001e-18       1.139717228108e-18 
 2917       3.605372153232e-12       1.952422820314e-13      -2.726194008024e-13       0.000000000000e+00       7.843044814229e-17       6.863453692281e-18       1.142854865518e-18 
 2918       3.602256564214e-12       1.945234139478e-13      -2.742247523951e-13       0.000000000000e+00       7.831815290142e-17       6.882945917987e-18       1.145530653346e-18 
 2919       3.599253688564e-12       1.937916477257e-13      -2.757919931128e-13       0.000000000000e+00       7.820605425406e-17       6.902481374855e-18       1.147690101052e-18 
 2920       3.596360439944e-12       1.930471563237e-13      -2.773203533101e-13       0.000000000000e+00       7.809415154901e-17       6.921960222201e-18       1.149278570719e-18 
 2921       3.593573723067e-12       1.922901132254e-13      -2.788090613996e-13       0.000000000000e+00       7.798244413191e-17       6.941282345687e-18       1.150241276924e-18 
 2922       3.590890433688e-12       1.915206924402e-13      -2.802573438506e-13       0.000000000000e+00       7.787093134520e-17       6.960347357083e-18       1.150523286617e-18 
 2923       3.588307458598e-12       1.907390685035e-13      -2.816644251870e-13       0.000000000000e+00       7.775961252815e-17       6.979054594039e-18       1.150069518994e-18 
 2924       3.585821675612e-12       1.899454164777e-13      -2.830295279863e-13       0.000000000000e+00       7.764848701684e-17       6.997303119847e-18       1.148824745366e-18 
 2925       3.583429953568e-12       1.891399119518e-13      -2.843518728774e-13       0.000000000000e+00       7.753755414414e-17       7.014991723205e-18       1.146733589044e-18 
 2926       3.581129152310e-12       1.883227310428e-13      -2.856306785393e-13       0.000000000000e+00       7.742681323975e-17       7.032018917987e-18       1.143740525202e-18 
 2927       3.578916122691e-12       1.874940503954e-13      -2.868651616992e-13       0.000000000000e+00       7.731626363017e-17       7.048282943006e-18       1.139789880759e-18 
 2928       3.576787706556e-12       1.866540471830e-13      -2.880545371316e-13       0.000000000000e+00       7.720590463869e-17       7.063681761781e-18       1.134825834251e-18 
 2929       3.574740736739e-12       1.858028991078e-13      -2.891980176556e-13       0.000000000000e+00       7.709573558540e-17       7.078113062301e-18       1.128792415705e-18 
 2930       3.572772037054e-12       1.849407844015e-13      -2.902948141343e-13       0.000000000000e+00       7.698575578720e-17       7.091474256794e-18       1.121633506514e-18 
 2931       3.570878394969e-12       1.840679090277e-13      -2.913443037940e-13       0.000000000000e+00       7.687596461330e-17       7.103684184269e-18       1.113311110909e-18 
 2932       3.569056479502e-12       1.831845884367e-13      -2.923465361058e-13       0.000000000000e+00       7.676636165230e-17       7.114748337093e-18       1.103860270368e-18 
 2933       3.567302922898e-12       1.822911662203e-13      -2.933017294288e-13       0.000000000000e+00       7.665694654593e-17       7.124693959887e-18       1.093334423366e-18 
 2934       3.565614347904e-12       1.813879869476e-13      -2.942101029193e-13       0.000000000000e+00       7.654771893363e-17       7.133548376414e-18       1.081787158822e-18 
 2935       3.563987367759e-12       1.804753961657e-13      -2.950718765311e-13       0.000000000000e+00       7.643867845253e-17       7.141338989649e-18       1.069272216237e-18 
 2936       3.562418586188e-12       1.795537404007e-13      -2.958872710163e-13       0.000000000000e+00       7.632982473746e-17       7.148093281848e-18       1.055843485816e-18 
 2937       3.560904597391e-12       1.786233671586e-13      -2.966565079264e-13       0.000000000000e+00       7.622115742090e-17       7.153838814618e-18       1.041555008603e-18 
 2938       3.559441986036e-12       1.776846249258e-13      -2.973798096127e-13       0.000000000000e+00       7.611267613305e-17       7.158603228982e-18       1.026460976607e-18 
 2939       3.558027327253e-12       1.767378631705e-13      -2.980573992270e-13       0.000000000000e+00       7.600438050177e-17       7.162414245455e-18       1.010615732935e-18 
 2940       3.556657186620e-12       1.757834323432e-13      -2.986895007228e-13       0.000000000000e+00       7.589627015259e-17       7.165299664104e-18       9.940737719156e-19 
 2941       3.555328120163e-12       1.748216838772e-13      -2.992763388553e-13       0.000000000000e+00       7.578834470872e-17       7.167287364623e-18       9.768897392365e-19 
 2942       3.554036674340e-12       1.738529701903e-13      -2.998181391830e-13       0.000000000000e+00       7.568060379107e-17       7.168405306400e-18       9.591184320675e-19 
 2943       3.552779386038e-12       1.728776446850e-13      -3.003151280674e-13       0.000000000000e+00       7.557304701817e-17       7.168681528586e-18       9.408147991930e-19 
 2944       3.551552782562e-12       1.718960617494e-13      -3.007675326750e-13       0.000000000000e+00       7.546567400626e-17       7.168144150163e-18       9.220339411409e-19 
 2945       3.550353381629e-12       1.709085767583e-13      -3.011755809767e-13       0.000000000000e+00       7.535848436921e-17       7.166821370013e-18       9.028311103121e-19 
 2946       3.549177691357e-12       1.699155460739e-13      -3.015395017497e-13       0.000000000000e+00       7.525147771859e-17       7.164741466988e-18       8.832617111101e-19 
 2947       3.548022210261e-12       1.689173270464e-13      -3.018595245773e-13       0.000000000000e+00       7.514465366361e-17       7.161932799978e-18       8.633813000703e-19 
 2948       3.546883427239e-12       1.679142780154e-13      -3.021358798506e-13       0.000000000000e+00       7.503801181112e-17       7.158423807979e-18       8.432455859901e-19 
 2949       3.545757821571e-12       1.669067583103e-13      -3.023687987681e-13       0.000000000000e+00       7.493155176566e-17       7.154243010164e-18       8.229104300575e-19 
 2950       3.544641862903e-12       1.658951282513e-13      -3.025585133374e-13       0.000000000000e+00       7.482527312940e-17       7.149419005950e-18       8.024318459814e-19 
 2951       3.543532011245e-12       1.648797491501e-13      -3.027052563755e-13       0.000000000000e+00       7.471917550217e-17       7.143980475065e-18       7.818660001210e-19 
 2952       3.542424716961e-12       1.638609833110e-13      -3.028092615097e-13       0.000000000000e+00       7.461325848144e-17       7.137956177623e-18       7.612692116150e-19 
 2953       3.541316420759e-12       1.628391940316e-13      -3.028707631780e-13       0.000000000000e+00       7.450752166233e-17       7.131374954186e-18       7.406979525112e-19 
 2954       3.540203553684e-12       1.618147456036e-13      -3.028899966303e-13       0.000000000000e+00       7.440196463761e-17       7.124265725837e-18       7.202088478964e-19 
 2955       3.539082537112e-12       1.607880033137e-13      -3.028671979289e-13       0.000000000000e+00       7.429658699768e-17       7.116657494247e-18       6.998586760254e-19 
 2956       3.537949782737e-12       1.597593334443e-13      -3.028026039492e-13       0.000000000000e+00       7.419138833057e-17       7.108579341743e-18       6.797043684510e-19 
 2957       3.536801692568e-12       1.587291032748e-13      -3.026964523804e-13       0.000000000000e+00       7.408636822197e-17       7.100060431382e-18       6.598030101529e-19 
 2958       3.535634658917e-12       1.576976810818e-13      -3.025489817266e-13       0.000000000000e+00       7.398152625519e-17       7.091130007012e-18       6.402118396681e-19 
 2959       3.534445064393e-12       1.566654361404e-13      -3.023604313070e-13       0.000000000000e+00       7.387686201117e-17       7.081817393347e-18       6.209882492195e-19 
 2960       3.533229281894e-12       1.556327387250e-13      -3.021310412571e-13       0.000000000000e+00       7.377237506848e-17       7.072151996033e-18       6.021897848462e-19 
 2961       3.531983674595e-12       1.545999601099e-13      -3.018610525290e-13       0.000000000000e+00       7.366806500331e-17       7.062163301716e-18       5.838741465324e-19 
 2962       3.530704595945e-12       1.535674725703e-13      -3.015507068927e-13       0.000000000000e+00       7.356393138949e-17       7.051880878114e-18       5.660991883373e-19 
 2963       3.529388389657e-12       1.525356493833e-13      -3.012002469363e-13       0.000000000000e+00       7.345997379845e-17       7.041334374085e-18       5.489229185245e-19 
 2964       3.528031389697e-12       1.515048648284e-13      -3.008099160669e-13       0.000000000000e+00       7.335619179926e-17       7.030553519691e-18       5.324034996916e-19 
 2965       3.526629920279e-12       1.504754941887e-13      -3.003799585116e-13       0.000000000000e+00       7.325258495859e-17       7.019568126275e-18       5.165992488995e-19 
 2966       3.525180295858e-12       1.494479137513e-13      -2.999106193179e-13       0.000000000000e+00       7.314915284072e-17       7.008408086522e-18       5.015686378023e-19 
 2967       3.523678821118e-12       1.484225008088e-13      -2.994021443545e-13       0.000000000000e+00       7.304589500757e-17       6.997103374533e-18       4.873702927764e-19 
 2968       3.522121790965e-12       1.473996336594e-13      -2.988547803123e-13       0.000000000000e+00       7.294281101863e-17       6.985684045892e-18       4.740629950503e-19 
 2969       3.520505490520e-12       1.463796916082e-13      -2.982687747046e-13       0.000000000000e+00       7.283990043103e-17       6.974180237735e-18       4.617056808341e-19 
 2970       3.518826195110e-12       1.453630549682e-13      -2.976443758686e-13       0.000000000000e+00       7.273716279949e-17       6.962622168817e-18       4.503574414487e-19 
 2971       3.517081064572e-12       1.443500128944e-13      -2.969817524734e-13       0.000000000000e+00       7.263459794212e-17       6.951032621260e-18       4.400633722642e-19 
 2972       3.515270830984e-12       1.433404863902e-13      -2.962807516123e-13       0.000000000000e+00       7.253220673928e-17       6.939404345147e-18       4.308120430432e-19 
 2973       3.513397124169e-12       1.423343039377e-13      -2.955411395195e-13       0.000000000000e+00       7.242999033865e-17       6.927722542672e-18       4.225778181934e-19 
 2974       3.511461578586e-12       1.413312935391e-13      -2.947626819539e-13       0.000000000000e+00       7.232794988980e-17       6.915972376316e-18       4.153349888527e-19 
 2975       3.509465833340e-12       1.403312827162e-13      -2.939451441983e-13       0.000000000000e+00       7.222608654421e-17       6.904138968812e-18       4.090577728274e-19 
 2976       3.507411532180e-12       1.393340985106e-13      -2.930882910594e-13       0.000000000000e+00       7.212440145523e-17       6.892207403109e-18       4.037203145286e-19 
 2977       3.505300323509e-12       1.383395674825e-13      -2.921918868672e-13       0.000000000000e+00       7.202289577815e-17       6.880162722344e-18       3.992966849101e-19 
 2978       3.503133860384e-12       1.373475157109e-13      -2.912556954746e-13       0.000000000000e+00       7.192157067011e-17       6.867989929806e-18       3.957608814049e-19 
 2979       3.500913800519e-12       1.363577687929e-13      -2.902794802573e-13       0.000000000000e+00       7.182042729018e-17       6.855673988902e-18       3.930868278629e-19 
 2980       3.498641806294e-12       1.353701518435e-13      -2.892630041134e-13       0.000000000000e+00       7.171946679932e-17       6.843199823124e-18       3.912483744882e-19 
 2981       3.496319544754e-12       1.343844894947e-13      -2.882060294626e-13       0.000000000000e+00       7.161869036040e-17       6.830552316016e-18       3.902192977756e-19 
 2982       3.493948687615e-12       1.334006058958e-13      -2.871083182466e-13       0.000000000000e+00       7.151809913819e-17       6.817716311142e-18       3.899733004487e-19 
 2983       3.491530911268e-12       1.324183247124e-13      -2.859696319280e-13       0.000000000000e+00       7.141769429936e-17       6.804676612050e-18       3.904840113963e-19 
 2984       3.489067896784e-12       1.314374691264e-13      -2.847897314905e-13       0.000000000000e+00       7.131747701248e-17       6.791417982239e-18       3.917249856102e-19 
 2985       3.486561329915e-12       1.304578618353e-13      -2.835683774382e-13       0.000000000000e+00       7.121744844805e-17       6.777925145129e-18       3.936697041222e-19 
 2986       3.484012901100e-12       1.294793250519e-13      -2.823053297953e-13       0.000000000000e+00       7.111760977845e-17       6.764182784023e-18       3.962915739410e-19 
 2987       3.481424305470e-12       1.285016805039e-13      -2.810003481060e-13       0.000000000000e+00       7.101796217798e-17       6.750175542076e-18       3.995639279899e-19 
 2988       3.478797242849e-12       1.275247494336e-13      -2.796531914338e-13       0.000000000000e+00       7.091850682286e-17       6.735888022263e-18       4.034600250438e-19 
 2989       3.476133417762e-12       1.265483525973e-13      -2.782636183612e-13       0.000000000000e+00       7.081924489122e-17       6.721304787342e-18       4.079530496663e-19 
 2990       3.473434539433e-12       1.255723102649e-13      -2.768313869897e-13       0.000000000000e+00       7.072017756307e-17       6.706410359825e-18       4.130161121468e-19 
 2991       3.470702321797e-12       1.245964422196e-13      -2.753562549390e-13       0.000000000000e+00       7.062130602039e-17       6.691189221939e-18       4.186222484382e-19 
 2992       3.467938483495e-12       1.236205677575e-13      -2.738379793468e-13       0.000000000000e+00       7.052263144703e-17       6.675625815600e-18       4.247444200936e-19 
 2993       3.465144747887e-12       1.226445056871e-13      -2.722763168685e-13       0.000000000000e+00       7.042415502876e-17       6.659704542372e-18       4.313555142037e-19 
 2994       3.462322843047e-12       1.216680743290e-13      -2.706710236768e-13       0.000000000000e+00       7.032587795330e-17       6.643409763439e-18       4.384283433340e-19 
 2995       3.459474501775e-12       1.206910915153e-13      -2.690218554613e-13       0.000000000000e+00       7.022780141025e-17       6.626725799570e-18       4.459356454620e-19 
 2996       3.456601461596e-12       1.197133745894e-13      -2.673285674283e-13       0.000000000000e+00       7.012992659115e-17       6.609636931086e-18       4.538500839144e-19 
 2997       3.453705464766e-12       1.187347404055e-13      -2.655909143003e-13       0.000000000000e+00       7.003225468947e-17       6.592127397824e-18       4.621442473041e-19 
 2998       3.450788258273e-12       1.177550053282e-13      -2.638086503155e-13       0.000000000000e+00       6.993478690057e-17       6.574181399107e-18       4.707906494680e-19 
 2999       3.447851593848e-12       1.167739852321e-13      -2.619815292279e-13       0.000000000000e+00       6.983752442176e-17       6.555783093710e-18       4.797617294034e-19 
 3000       3.444897227959e-12       1.157914955012e-13      -2.601093043064e-13       0.000000000000e+00       6.974046845227e-17       6.536916599825e-18       4.890298512057e-19 
