# dimensionless total [l(l+1)/2pi] C_l's
# for l=2 to 3000, i.e. number of multipoles equal to 2999
#
# -> if you prefer output in CAMB/HealPix/LensPix units/order, set 'format' to 'camb' in input file
# -> if you don't want to see such a header, set 'headers' to 'no' in input file
# -> for CMB lensing (phi), these are C_l^phi-phi for the lensing potential.
#    Remember the conversion factors:
#    C_l^dd (deflection) = l(l+1) C_l^phi-phi
#    C_l^gg (shear/convergence) = 1/4 (l(l+1))^2 C_l^phi-phi
#
# 1:l     2:TT                     3:EE                     4:TE                     5:BB                     6:phiphi                 7:TPhi                   8:Ephi               
    2       1.377536180431e-10       4.275181210982e-15       3.648734836531e-13       0.000000000000e+00       8.308891497371e-09       4.641433676685e-10      -1.853819411090e-12 
    3       1.284429347171e-10       5.432825731968e-15       4.113878969079e-13       0.000000000000e+00       5.100891590001e-09       3.288536017181e-10      -1.381255703939e-12 
    4       1.198419616542e-10       4.652093992105e-15       3.842483833556e-13       0.000000000000e+00       3.544941303261e-09       2.490305002682e-10      -8.912124224313e-13 
    5       1.131945009009e-10       3.071234334821e-15       3.259350269948e-13       0.000000000000e+00       2.647168545985e-09       1.967656966824e-10      -4.864928232569e-13 
    6       1.082846557016e-10       1.703119604252e-15       2.607804459524e-13       0.000000000000e+00       2.069154648617e-09       1.601110325842e-10      -1.919451468287e-13 
    7       1.047070387084e-10       9.204427562819e-16       2.027755979624e-13       0.000000000000e+00       1.670479315556e-09       1.331947683530e-10      -6.658909556225e-15 
    8       1.021619826806e-10       5.992725747083e-16       1.579902911445e-13       0.000000000000e+00       1.381647007111e-09       1.128220887320e-10       8.529564969889e-14 
    9       1.003828602415e-10       4.826327814282e-16       1.277301926228e-13       0.000000000000e+00       1.164357162357e-09       9.703783638369e-11       1.078702051742e-13 
   10       9.921250406701e-11       4.094922321006e-16       1.105222184545e-13       0.000000000000e+00       9.960693751408e-10       8.449082286623e-11       8.740849881927e-14 
   11       9.846242189910e-11       3.433354370951e-16       1.035089478277e-13       0.000000000000e+00       8.544338949101e-10       7.484884512476e-11       4.829098822791e-14 
   12       9.805951153897e-11       3.007177749830e-16       1.035815115427e-13       0.000000000000e+00       7.481991644503e-10       6.627466702548e-11       8.235952541873e-15 
   13       9.798238647371e-11       2.905791703648e-16       1.080046682532e-13       0.000000000000e+00       6.608369059341e-10       5.908950206588e-11      -2.152218219736e-14 
   14       9.817948394814e-11       3.033224301211e-16       1.145919937999e-13       0.000000000000e+00       5.880312460350e-10       5.315714141184e-11      -3.647988428485e-14 
   15       9.855166885646e-11       3.276690587194e-16       1.219243873470e-13       0.000000000000e+00       5.266527433094e-10       4.802284056564e-11      -3.792158762237e-14 
   16       9.909839548632e-11       3.626089495472e-16       1.294213771304e-13       0.000000000000e+00       4.743843034471e-10       4.346222529851e-11      -3.024750348362e-14 
   17       9.985114654336e-11       4.142592177125e-16       1.369208743023e-13       0.000000000000e+00       4.294772839760e-10       3.951962999775e-11      -1.867619203686e-14 
   18       1.007388621943e-10       4.876081932096e-16       1.445398120479e-13       0.000000000000e+00       3.904467615765e-10       3.611990971913e-11      -8.159530093491e-15 
   19       1.017630760260e-10       5.826061636068e-16       1.524759399176e-13       0.000000000000e+00       3.566770145788e-10       3.318164413475e-11      -1.221266564221e-15 
   20       1.029051021330e-10       6.969586212484e-16       1.608962957437e-13       0.000000000000e+00       3.268955836516e-10       3.055937929908e-11       6.266338798587e-16 
   21       1.041687187888e-10       8.301279520225e-16       1.697244063070e-13       0.000000000000e+00       3.006440249015e-10       2.822054277338e-11      -1.820719408453e-15 
   22       1.055361049458e-10       9.818511485505e-16       1.787206664501e-13       0.000000000000e+00       2.772994522612e-10       2.613316959622e-11      -6.553643000770e-15 
   23       1.070133454179e-10       1.152287857905e-15       1.875103437985e-13       0.000000000000e+00       2.565562919486e-10       2.428020937990e-11      -1.167128269194e-14 
   24       1.085933940138e-10       1.341590937262e-15       1.956354619472e-13       0.000000000000e+00       2.379478340031e-10       2.262331518163e-11      -1.524380325091e-14 
   25       1.102748534417e-10       1.550087708407e-15       2.027935113396e-13       0.000000000000e+00       2.212265801732e-10       2.112752326213e-11      -1.664993382579e-14 
   26       1.120454404747e-10       1.778320809654e-15       2.087459522875e-13       0.000000000000e+00       2.060700315197e-10       1.974803296661e-11      -1.584076667922e-14 
   27       1.139123645049e-10       2.028010809466e-15       2.134305197374e-13       0.000000000000e+00       1.924027900527e-10       1.848432009418e-11      -1.341401459325e-14 
   28       1.158734164591e-10       2.301481811047e-15       2.168678170546e-13       0.000000000000e+00       1.800624699485e-10       1.733801823206e-11      -1.040204125739e-14 
   29       1.179128807965e-10       2.601102893101e-15       2.191143732074e-13       0.000000000000e+00       1.687533713861e-10       1.629834178836e-11      -7.946169721365e-15 
   30       1.200338527411e-10       2.928135494079e-15       2.202319078477e-13       0.000000000000e+00       1.584152747736e-10       1.535597794173e-11      -6.424160953717e-15 
   31       1.222353485946e-10       3.283422857221e-15       2.203112054060e-13       0.000000000000e+00       1.489732576142e-10       1.449198697072e-11      -5.986411951431e-15 
   32       1.245080735341e-10       3.667729554687e-15       2.194322225864e-13       0.000000000000e+00       1.402801155684e-10       1.368160672220e-11      -6.673304413663e-15 
   33       1.268545022352e-10       4.081951312678e-15       2.174868683996e-13       0.000000000000e+00       1.322899211411e-10       1.292520845708e-11      -8.055248970160e-15 
   34       1.292741148424e-10       4.526967968027e-15       2.142888098122e-13       0.000000000000e+00       1.249333351817e-10       1.222748240249e-11      -9.442842267346e-15 
   35       1.317612712541e-10       5.003634841281e-15       2.096484312150e-13       0.000000000000e+00       1.181025215269e-10       1.158914356565e-11      -1.015210118732e-14 
   36       1.343195714718e-10       5.512965016932e-15       2.034821733803e-13       0.000000000000e+00       1.117806790986e-10       1.100775715849e-11      -1.014338594023e-14 
   37       1.369511266961e-10       6.056004258345e-15       1.957396983615e-13       0.000000000000e+00       1.059488120236e-10       1.047641669130e-11      -9.600667506568e-15 
   38       1.396519165345e-10       6.633780482885e-15       1.863752458944e-13       0.000000000000e+00       1.005465370107e-10       9.982942962474e-12      -8.767844711389e-15 
   39       1.424147716152e-10       7.247255956932e-15       1.753565188557e-13       0.000000000000e+00       9.549407671785e-11       9.513737440390e-12      -7.906058204583e-15 
   40       1.452411440531e-10       7.897168544345e-15       1.626943803568e-13       0.000000000000e+00       9.077656774115e-11       9.068033023672e-12      -7.137544014275e-15 
   41       1.481322498342e-10       8.584133384245e-15       1.484236988461e-13       0.000000000000e+00       8.638209497438e-11       8.647738614668e-12      -6.555817347086e-15 
   42       1.510853997721e-10       9.308679063129e-15       1.325964809323e-13       0.000000000000e+00       8.227651811213e-11       8.253422570639e-12      -6.268866455463e-15 
   43       1.540959965206e-10       1.007132266401e-14       1.152571648839e-13       0.000000000000e+00       7.841623669268e-11       7.884589986396e-12      -6.363138354662e-15 
   44       1.571651770737e-10       1.087283544637e-14       9.635713743875e-14       0.000000000000e+00       7.479567510869e-11       7.540922751531e-12      -6.780276128863e-15 
   45       1.602939076062e-10       1.171405106314e-14       7.581509842006e-14       0.000000000000e+00       7.141144897857e-11       7.221209206057e-12      -7.403229094918e-15 
   46       1.634805853596e-10       1.259579219987e-14       5.353967013553e-14       0.000000000000e+00       6.824809998265e-11       6.922871883293e-12      -8.088163195719e-15 
   47       1.667208066436e-10       1.351887035702e-14       2.942868737806e-14       0.000000000000e+00       6.527715239826e-11       6.641864659579e-12      -8.662895064783e-15 
   48       1.700095170354e-10       1.448399547659e-14       3.390299940769e-15       0.000000000000e+00       6.246595033871e-11       6.373876051297e-12      -8.973607975653e-15 
   49       1.733487200412e-10       1.549147520573e-14      -2.458502900103e-14       0.000000000000e+00       5.980931663447e-11       6.118580188945e-12      -9.044225522498e-15 
   50       1.767415428125e-10       1.654143048516e-14      -5.447744566818e-14       0.000000000000e+00       5.730519722432e-11       5.876407432264e-12      -8.959272975764e-15 
   51       1.801899359303e-10       1.763387360422e-14      -8.625735324274e-14       0.000000000000e+00       5.494522610992e-11       5.647307526413e-12      -8.820393145751e-15 
   52       1.836945629476e-10       1.876870338343e-14      -1.198850089840e-13       0.000000000000e+00       5.271428090647e-11       5.430713391853e-12      -8.747243808679e-15 
   53       1.872552149854e-10       1.994582899286e-14      -1.553277848777e-13       0.000000000000e+00       5.059527678149e-11       5.225795131888e-12      -8.847199448755e-15 
   54       1.908724339463e-10       2.116558987601e-14      -1.926180877389e-13       0.000000000000e+00       4.858601857051e-11       5.032382088403e-12      -9.113244067280e-15 
   55       1.945461141867e-10       2.242843541013e-14      -2.318096306804e-13       0.000000000000e+00       4.668590745074e-11       4.850214777113e-12      -9.501386324164e-15 
   56       1.982749275459e-10       2.373480628501e-14      -2.729614033717e-13       0.000000000000e+00       4.489086211043e-11       4.678651923034e-12      -9.959155661353e-15 
   57       2.020562349031e-10       2.508513507898e-14      -3.161380097640e-13       0.000000000000e+00       4.319309393839e-11       4.516646418823e-12      -1.042519173376e-14 
   58       2.058859977345e-10       2.647984683498e-14      -3.614100058157e-13       0.000000000000e+00       4.158088221347e-11       4.362721283113e-12      -1.082883384018e-14 
   59       2.097601464475e-10       2.791921371285e-14      -4.088343314840e-13       0.000000000000e+00       4.004182480569e-11       4.215367489490e-12      -1.110653912757e-14 
   60       2.136792573252e-10       2.940287822183e-14      -4.583895330839e-13       0.000000000000e+00       3.857398241212e-11       4.074399942339e-12      -1.125652207712e-14 
   61       2.176448073282e-10       3.093022008975e-14      -5.100260677790e-13       0.000000000000e+00       3.717692962321e-11       3.939874468375e-12      -1.129610086177e-14 
   62       2.216577745518e-10       3.250048817034e-14      -5.636845564677e-13       0.000000000000e+00       3.584840215190e-11       3.811684091412e-12      -1.124614088113e-14 
   63       2.257185991661e-10       3.411279607276e-14      -6.192954467372e-13       0.000000000000e+00       3.458418983708e-11       3.689549291396e-12      -1.113121465930e-14 
   64       2.298271443552e-10       3.576611779101e-14      -6.767786758189e-13       0.000000000000e+00       3.337802964705e-11       3.573008263446e-12      -1.097976174269e-14 
   65       2.339830039379e-10       3.745943791043e-14      -7.360611494455e-13       0.000000000000e+00       3.222334932711e-11       3.461551530578e-12      -1.081849314207e-14 
   66       2.381865886876e-10       3.919224901797e-14      -7.971342379678e-13       0.000000000000e+00       3.111916787863e-11       3.355080797041e-12      -1.065386813552e-14 
   67       2.424382009318e-10       4.096415213333e-14      -8.600078903993e-13       0.000000000000e+00       3.006525712548e-11       3.253530146440e-12      -1.048696881403e-14 
   68       2.467376793566e-10       4.277471138147e-14      -9.246940512609e-13       0.000000000000e+00       2.906034713704e-11       3.156724666364e-12      -1.031890831094e-14 
   69       2.510843696440e-10       4.462345394590e-14      -9.912068218830e-13       0.000000000000e+00       2.810207099803e-11       3.064374745281e-12      -1.015082970806e-14 
   70       2.554770951080e-10       4.650987002199e-14      -1.059562621707e-12       0.000000000000e+00       2.718690957815e-11       2.976070369449e-12      -9.983904941660e-15 
   71       2.599141273322e-10       4.843341277023e-14      -1.129780349586e-12       0.000000000000e+00       2.631013630185e-11       2.891275419810e-12      -9.819333708554e-15 
   72       2.643937261941e-10       5.039343469226e-14      -1.201871261959e-12       0.000000000000e+00       2.546704230866e-11       2.809466128556e-12      -9.658273399933e-15 
   73       2.689159451976e-10       5.238898272384e-14      -1.275805999629e-12       0.000000000000e+00       2.465700692585e-11       2.730589890466e-12      -9.501615763655e-15 
   74       2.734811212234e-10       5.441896354245e-14      -1.351541493802e-12       0.000000000000e+00       2.388011235086e-11       2.654684624034e-12      -9.350165195761e-15 
   75       2.780893197608e-10       5.648220218685e-14      -1.429030616202e-12       0.000000000000e+00       2.313590693422e-11       2.581740044328e-12      -9.204701290959e-15 
   76       2.827403185433e-10       5.857744055887e-14      -1.508222105595e-12       0.000000000000e+00       2.242337918199e-11       2.511695251215e-12      -9.065976173969e-15 
   77       2.874335911861e-10       6.070333592513e-14      -1.589060494316e-12       0.000000000000e+00       2.174093175812e-11       2.444436317578e-12      -8.934711830861e-15 
   78       2.921682908217e-10       6.285845941882e-14      -1.671486034797e-12       0.000000000000e+00       2.108635548690e-11       2.379793877535e-12      -8.811597440400e-15 
   79       2.969432337371e-10       6.504129454145e-14      -1.755434626095e-12       0.000000000000e+00       2.045680335527e-11       2.317540714657e-12      -8.697286705384e-15 
   80       3.017572542268e-10       6.725029765810e-14      -1.840843564457e-12       0.000000000000e+00       1.984950318281e-11       2.257451725318e-12      -8.592251083693e-15 
   81       3.066103761227e-10       6.948409487834e-14      -1.927670106772e-12       0.000000000000e+00       1.926409536026e-11       2.199501107325e-12      -8.496315998694e-15 
   82       3.115028157999e-10       7.174131679184e-14      -2.015876011930e-12       0.000000000000e+00       1.870065553844e-11       2.143695173839e-12      -8.409038835524e-15 
   83       3.164346196879e-10       7.402053916698e-14      -2.105422036970e-12       0.000000000000e+00       1.815897989162e-11       2.090011782560e-12      -8.329840632606e-15 
   84       3.214056547818e-10       7.632028260059e-14      -2.196267971460e-12       0.000000000000e+00       1.763857279892e-11       2.038399079045e-12      -8.258000744473e-15 
   85       3.264155991531e-10       7.863901216776e-14      -2.288372671876e-12       0.000000000000e+00       1.713863452573e-11       1.988774240014e-12      -8.192651504577e-15 
   86       3.314639324606e-10       8.097513707163e-14      -2.381694095983e-12       0.000000000000e+00       1.665804890514e-11       1.941022216674e-12      -8.132772888113e-15 
   87       3.365499264612e-10       8.332701029316e-14      -2.476189337212e-12       0.000000000000e+00       1.619537101935e-11       1.894994478024e-12      -8.077187174834e-15 
   88       3.416726355210e-10       8.569292824094e-14      -2.571814659043e-12       0.000000000000e+00       1.574881488111e-11       1.850507754174e-12      -8.024553611866e-15 
   89       3.468311007414e-10       8.807114854510e-14      -2.668523580260e-12       0.000000000000e+00       1.531668207424e-11       1.807387567839e-12      -7.973573394917e-15 
   90       3.520250197175e-10       9.045994740139e-14      -2.766260711562e-12       0.000000000000e+00       1.489875158599e-11       1.765609394001e-12      -7.923653096312e-15 
   91       3.572541648494e-10       9.285757061916e-14      -2.864967010959e-12       0.000000000000e+00       1.449508631258e-11       1.725177431289e-12      -7.874335958100e-15 
   92       3.625181728781e-10       9.526221620066e-14      -2.964581651937e-12       0.000000000000e+00       1.410560587565e-11       1.686081207500e-12      -7.825098682287e-15 
   93       3.678165385971e-10       9.767203426267e-14      -3.065042028633e-12       0.000000000000e+00       1.373008090987e-11       1.648294993893e-12      -7.775349244492e-15 
   94       3.731486085636e-10       1.000851269581e-13      -3.166283761016e-12       0.000000000000e+00       1.336812735047e-11       1.611777219489e-12      -7.724424707602e-15 
   95       3.785135748091e-10       1.024995483976e-13      -3.268240700067e-12       0.000000000000e+00       1.301920072080e-11       1.576469885372e-12      -7.671589035424e-15 
   96       3.839104685514e-10       1.049133045711e-13      -3.370844932956e-12       0.000000000000e+00       1.268259041985e-11       1.542297978979e-12      -7.616030906343e-15 
   97       3.893381539048e-10       1.073243532697e-13      -3.474026788226e-12       0.000000000000e+00       1.235741400983e-11       1.509168888406e-12      -7.556861526972e-15 
   98       3.947953215921e-10       1.097306040068e-13      -3.577714840966e-12       0.000000000000e+00       1.204261150373e-11       1.476971816704e-12      -7.493112445810e-15 
   99       4.002807058585e-10       1.121299644414e-13      -3.681837410032e-12       0.000000000000e+00       1.173719022196e-11       1.445604615591e-12      -7.424023778878e-15 
  100       4.057937838671e-10       1.145204873189e-13      -3.786327280471e-12       0.000000000000e+00       1.144101128337e-11       1.415059889439e-12      -7.349960194592e-15 
  101       4.113341641450e-10       1.169002442941e-13      -3.891117662720e-12       0.000000000000e+00       1.115410442013e-11       1.385350055855e-12      -7.271621212257e-15 
  102       4.169013686795e-10       1.192672817662e-13      -3.996140783216e-12       0.000000000000e+00       1.087642470554e-11       1.356480764156e-12      -7.189763681693e-15 
  103       4.224948293350e-10       1.216196213638e-13      -4.101327907654e-12       0.000000000000e+00       1.060784987877e-11       1.328450642020e-12      -7.105203117036e-15 
  104       4.281138842691e-10       1.239552604302e-13      -4.206609364259e-12       0.000000000000e+00       1.034817766959e-11       1.301251042146e-12      -7.018815030536e-15 
  105       4.337577743498e-10       1.262721725086e-13      -4.311914567046e-12       0.000000000000e+00       1.009712312317e-11       1.274865788901e-12      -6.931536266359e-15 
  106       4.394256395717e-10       1.285683078275e-13      -4.417172039085e-12       0.000000000000e+00       9.854315924766e-12       1.249270924982e-12      -6.844366334385e-15 
  107       4.451165154731e-10       1.308415937859e-13      -4.522309435768e-12       0.000000000000e+00       9.619297724546e-12       1.224434458066e-12      -6.758368744006e-15 
  108       4.508293295521e-10       1.330899354385e-13      -4.627253568070e-12       0.000000000000e+00       9.391519462293e-12       1.200316107465e-12      -6.674672337932e-15 
  109       4.565628976836e-10       1.353112159812e-13      -4.731930425818e-12       0.000000000000e+00       9.170338692172e-12       1.176867050784e-12      -6.594472625982e-15 
  110       4.623160501517e-10       1.375033447631e-13      -4.836265480473e-12       0.000000000000e+00       8.955165565614e-12       1.154041890520e-12      -6.518788941078e-15 
  111       4.680880357665e-10       1.396644072665e-13      -4.940184587620e-12       0.000000000000e+00       8.745927753457e-12       1.131836838018e-12      -6.447697722832e-15 
  112       4.738781629998e-10       1.417925353184e-13      -5.043613244055e-12       0.000000000000e+00       8.542660294014e-12       1.110255964850e-12      -6.381003150528e-15 
  113       4.796856727099e-10       1.438858622213e-13      -5.146476344302e-12       0.000000000000e+00       8.345361053413e-12       1.089299287975e-12      -6.318471495751e-15 
  114       4.855097358318e-10       1.459425237049e-13      -5.248698206622e-12       0.000000000000e+00       8.153989511363e-12       1.068962636494e-12      -6.259830056402e-15 
  115       4.913494510677e-10       1.479606588787e-13      -5.350202599026e-12       0.000000000000e+00       7.968465546916e-12       1.049237518397e-12      -6.204766090717e-15 
  116       4.972038425776e-10       1.499384111845e-13      -5.450912765290e-12       0.000000000000e+00       7.788668224237e-12       1.030110987318e-12      -6.152925751283e-15 
  117       5.030718576699e-10       1.518739293486e-13      -5.550751450961e-12       0.000000000000e+00       7.614434578372e-12       1.011565509287e-12      -6.103913019058e-15 
  118       5.089523644915e-10       1.537653683342e-13      -5.649640929374e-12       0.000000000000e+00       7.445558401009e-12       9.935788294839e-13      -6.057288637390e-15 
  119       5.148441497189e-10       1.556108902936e-13      -5.747503027659e-12       0.000000000000e+00       7.281789026246e-12       9.761238389888e-13      -6.012569046028e-15 
  120       5.207459162482e-10       1.574086655209e-13      -5.844259152758e-12       0.000000000000e+00       7.122830116359e-12       9.591684415343e-13      -5.969225315148e-15 
  121       5.266562808858e-10       1.591568734040e-13      -5.939830317431e-12       0.000000000000e+00       6.968338447567e-12       9.426754202589e-13      -5.926682079366e-15 
  122       5.325737720389e-10       1.608537033773e-13      -6.034137166273e-12       0.000000000000e+00       6.817922695798e-12       9.266023044587e-13      -5.884316471756e-15 
  123       5.384969536547e-10       1.624974076927e-13      -6.127100890903e-12       0.000000000000e+00       6.671228521524e-12       9.109102868408e-13      -5.841571426427e-15 
  124       5.444248180786e-10       1.640864645705e-13      -6.218646039191e-12       0.000000000000e+00       6.528207478633e-12       8.955924190815e-13      -5.798312595419e-15 
  125       5.503564341864e-10       1.656194356737e-13      -6.308698079285e-12       0.000000000000e+00       6.388876853843e-12       8.806484193938e-13      -5.754510617098e-15 
  126       5.562908238747e-10       1.670949173139e-13      -6.397182572005e-12       0.000000000000e+00       6.253235604914e-12       8.660758507516e-13      -5.710130255754e-15 
  127       5.622269607452e-10       1.685115418114e-13      -6.484025203851e-12       0.000000000000e+00       6.121263825396e-12       8.518700588493e-13      -5.665130235450e-15 
  128       5.681637687883e-10       1.698679788554e-13      -6.569151820007e-12       0.000000000000e+00       5.992922209380e-12       8.380241100620e-13      -5.619463073874e-15 
  129       5.741001210670e-10       1.711629368636e-13      -6.652488457355e-12       0.000000000000e+00       5.868151516255e-12       8.245287294054e-13      -5.573074916187e-15 
  130       5.800348384007e-10       1.723951643428e-13      -6.733961377478e-12       0.000000000000e+00       5.746872035453e-12       8.113722384961e-13      -5.525905368872e-15 
  131       5.859666880489e-10       1.735634512486e-13      -6.813497099666e-12       0.000000000000e+00       5.628983051206e-12       7.985404935111e-13      -5.477887333580e-15 
  132       5.918943823950e-10       1.746666303456e-13      -6.891022433931e-12       0.000000000000e+00       5.514362307297e-12       7.860168231483e-13      -5.428946840984e-15 
  133       5.978165776305e-10       1.757035785675e-13      -6.966464514008e-12       0.000000000000e+00       5.402865471807e-12       7.737819665864e-13      -5.379002884626e-15 
  134       6.037318724381e-10       1.766732183770e-13      -7.039750830363e-12       0.000000000000e+00       5.294325601874e-12       7.618140114447e-13      -5.327967254764e-15 
  135       6.096388066761e-10       1.775745191261e-13      -7.110809263205e-12       0.000000000000e+00       5.188552608440e-12       7.500883317434e-13      -5.275744372224e-15 
  136       6.155358600620e-10       1.784064984159e-13      -7.179568115490e-12       0.000000000000e+00       5.085332721003e-12       7.385775258633e-13      -5.222231122246e-15 
  137       6.214215429668e-10       1.791682622593e-13      -7.245956724629e-12       0.000000000000e+00       4.984474209956e-12       7.272575733764e-13      -5.167350334441e-15 
  138       6.272946821883e-10       1.798591273806e-13      -7.309907299183e-12       0.000000000000e+00       4.885951026444e-12       7.161271559074e-13      -5.111155484417e-15 
  139       6.331541623917e-10       1.804785142090e-13      -7.371353335692e-12       0.000000000000e+00       4.789773080581e-12       7.051902272561e-13      -5.053736562000e-15 
  140       6.389988359272e-10       1.810259108028e-13      -7.430229093378e-12       0.000000000000e+00       4.695941078132e-12       6.944499515584e-13      -4.995187444224e-15 
  141       6.448275220989e-10       1.815008744562e-13      -7.486469630819e-12       0.000000000000e+00       4.604446278867e-12       6.839086807192e-13      -4.935605942738e-15 
  142       6.506390064328e-10       1.819030333053e-13      -7.540010842630e-12       0.000000000000e+00       4.515270254924e-12       6.735679318445e-13      -4.875093851218e-15 
  143       6.564320399459e-10       1.822320879347e-13      -7.590789496147e-12       0.000000000000e+00       4.428384649160e-12       6.634283646736e-13      -4.813756992768e-15 
  144       6.622053384138e-10       1.824878129835e-13      -7.638743268107e-12       0.000000000000e+00       4.343750933513e-12       6.534897590119e-13      -4.751705267333e-15 
  145       6.679575816398e-10       1.826700587521e-13      -7.683810781326e-12       0.000000000000e+00       4.261320167357e-12       6.437509921629e-13      -4.689052699102e-15 
  146       6.736874127231e-10       1.827787528081e-13      -7.725931641383e-12       0.000000000000e+00       4.181032755861e-12       6.342100163608e-13      -4.625917483916e-15 
  147       6.793934373272e-10       1.828139015930e-13      -7.765046473299e-12       0.000000000000e+00       4.102818208348e-12       6.248638362026e-13      -4.562422036679e-15 
  148       6.850742229486e-10       1.827755920283e-13      -7.801096958219e-12       0.000000000000e+00       4.026594896648e-12       6.157084860811e-13      -4.498693038760e-15 
  149       6.907282981850e-10       1.826639931221e-13      -7.834025870090e-12       0.000000000000e+00       3.952269813459e-12       6.067390076163e-13      -4.434861485403e-15 
  150       6.963541520036e-10       1.824793575751e-13      -7.863777112347e-12       0.000000000000e+00       3.879738330704e-12       5.979494270888e-13      -4.371062733135e-15 
  151       7.019502330102e-10       1.822220233872e-13      -7.890295754588e-12       0.000000000000e+00       3.808883957888e-12       5.893327328713e-13      -4.307436547171e-15 
  152       7.075149487168e-10       1.818924154640e-13      -7.913528069257e-12       0.000000000000e+00       3.739578100456e-12       5.808808528617e-13      -4.244127148825e-15 
  153       7.130467493651e-10       1.814910542109e-13      -7.933421899867e-12       0.000000000000e+00       3.671706846377e-12       5.725864245978e-13      -4.181258257445e-15 
  154       7.185443897008e-10       1.810185788353e-13      -7.949927726973e-12       0.000000000000e+00       3.605254635664e-12       5.644483382083e-13      -4.118855506469e-15 
  155       7.240066902459e-10       1.804757292829e-13      -7.962997771660e-12       0.000000000000e+00       3.540227942339e-12       5.564666679782e-13      -4.056916873766e-15 
  156       7.294324546327e-10       1.798633410728e-13      -7.972585710964e-12       0.000000000000e+00       3.476628841949e-12       5.486409126392e-13      -3.995436959782e-15 
  157       7.348204693028e-10       1.791823469387e-13      -7.978646716232e-12       0.000000000000e+00       3.414454907582e-12       5.409699819319e-13      -3.934406907603e-15 
  158       7.401695032060e-10       1.784337784717e-13      -7.981137491499e-12       0.000000000000e+00       3.353699105877e-12       5.334521831686e-13      -3.873814323005e-15 
  159       7.454783074998e-10       1.776187677615e-13      -7.980016311850e-12       0.000000000000e+00       3.294349693031e-12       5.260852077957e-13      -3.813643194515e-15 
  160       7.507456152479e-10       1.767385490389e-13      -7.975243061798e-12       0.000000000000e+00       3.236390110814e-12       5.188661179557e-13      -3.753873813463e-15 
  161       7.559701411198e-10       1.757944603172e-13      -7.966779273644e-12       0.000000000000e+00       3.179798882578e-12       5.117913330501e-13      -3.694482694038e-15 
  162       7.611505810897e-10       1.747879450347e-13      -7.954588165854e-12       0.000000000000e+00       3.124549509269e-12       5.048566163014e-13      -3.635442493346e-15 
  163       7.662856121353e-10       1.737205536961e-13      -7.938634681422e-12       0.000000000000e+00       3.070610365437e-12       4.980570613158e-13      -3.576721931463e-15 
  164       7.713738919373e-10       1.725939455150e-13      -7.918885526246e-12       0.000000000000e+00       3.017944595244e-12       4.913870786455e-13      -3.518285711493e-15 
  165       7.764140585784e-10       1.714098900553e-13      -7.895309207489e-12       0.000000000000e+00       2.966510008481e-12       4.848403823512e-13      -3.460094439625e-15 
  166       7.814047302421e-10       1.701702688735e-13      -7.867876071957e-12       0.000000000000e+00       2.916258976575e-12       4.784099765644e-13      -3.402104545183e-15 
  167       7.863445049120e-10       1.688770771605e-13      -7.836558344461e-12       0.000000000000e+00       2.867138328599e-12       4.720881420497e-13      -3.344268200689e-15 
  168       7.912319600709e-10       1.675324253834e-13      -7.801330166193e-12       0.000000000000e+00       2.819089247285e-12       4.658664227677e-13      -3.286533241913e-15 
  169       7.960656523998e-10       1.661385409279e-13      -7.762167633087e-12       0.000000000000e+00       2.772047165034e-12       4.597356124366e-13      -3.228843087931e-15 
  170       8.008441174771e-10       1.646977697398e-13      -7.719048834198e-12       0.000000000000e+00       2.725941659925e-12       4.536857410957e-13      -3.171136661184e-15 
  171       8.055659389188e-10       1.632125170778e-13      -7.671953463241e-12       0.000000000000e+00       2.680710810288e-12       4.477082619198e-13      -3.113364562148e-15 
  172       8.102299628995e-10       1.616850607920e-13      -7.620861536570e-12       0.000000000000e+00       2.636345819221e-12       4.418028444138e-13      -3.055539274159e-15 
  173       8.148351010253e-10       1.601177255501e-13      -7.565754641330e-12       0.000000000000e+00       2.592849928970e-12       4.359711245301e-13      -2.997689011023e-15 
  174       8.193802624848e-10       1.585129437085e-13      -7.506616389014e-12       0.000000000000e+00       2.550224252633e-12       4.302145509738e-13      -2.939841825675e-15 
  175       8.238643540316e-10       1.568732567054e-13      -7.443432452088e-12       0.000000000000e+00       2.508467729159e-12       4.245343807424e-13      -2.882025596558e-15 
  176       8.282862799668e-10       1.552013164550e-13      -7.376190600620e-12       0.000000000000e+00       2.467577078353e-12       4.189316746647e-13      -2.824268013992e-15 
  177       8.326449421211e-10       1.534998867401e-13      -7.304880738906e-12       0.000000000000e+00       2.427546755874e-12       4.134072929408e-13      -2.766596566553e-15 
  178       8.369392398375e-10       1.517718446066e-13      -7.229494942100e-12       0.000000000000e+00       2.388368908239e-12       4.079618906806e-13      -2.709038527443e-15 
  179       8.411680699536e-10       1.500201817560e-13      -7.150027492842e-12       0.000000000000e+00       2.350033327824e-12       4.025959134443e-13      -2.651620940867e-15 
  180       8.453303267839e-10       1.482480059398e-13      -7.066474917885e-12       0.000000000000e+00       2.312527407861e-12       3.973095927806e-13      -2.594370608405e-15 
  181       8.494249021023e-10       1.464585423525e-13      -6.978836024722e-12       0.000000000000e+00       2.275836097447e-12       3.921029417669e-13      -2.537314075387e-15 
  182       8.534506851244e-10       1.446551350253e-13      -6.887111938215e-12       0.000000000000e+00       2.239941856537e-12       3.869757505484e-13      -2.480477617268e-15 
  183       8.574065624902e-10       1.428412482195e-13      -6.791306137222e-12       0.000000000000e+00       2.204824610953e-12       3.819275818775e-13      -2.423887226000e-15 
  184       8.612914182460e-10       1.410204678201e-13      -6.691424491227e-12       0.000000000000e+00       2.170461707377e-12       3.769577666531e-13      -2.367568596409e-15 
  185       8.651041338273e-10       1.391965027292e-13      -6.587475296966e-12       0.000000000000e+00       2.136827868360e-12       3.720653994599e-13      -2.311547112565e-15 
  186       8.688435880408e-10       1.373731862599e-13      -6.479469315054e-12       0.000000000000e+00       2.103895147320e-12       3.672493341082e-13      -2.255847834162e-15 
  187       8.725086570470e-10       1.355544775291e-13      -6.367419806616e-12       0.000000000000e+00       2.071632883542e-12       3.625081791726e-13      -2.200495482885e-15 
  188       8.760982143426e-10       1.337444628518e-13      -6.251342569911e-12       0.000000000000e+00       2.040007657179e-12       3.578402935321e-13      -2.145514428789e-15 
  189       8.796111307428e-10       1.319473571340e-13      -6.131255976963e-12       0.000000000000e+00       2.008983244258e-12       3.532437819089e-13      -2.090928676674e-15 
  190       8.830462743639e-10       1.301675052667e-13      -6.007181010189e-12       0.000000000000e+00       1.978520571676e-12       3.487164904081e-13      -2.036761852453e-15 
  191       8.864025661724e-10       1.284092219757e-13      -5.879139633675e-12       0.000000000000e+00       1.948585497362e-12       3.442565418672e-13      -1.983034845064e-15 
  192       8.896791513234e-10       1.266762950542e-13      -5.747149694268e-12       0.000000000000e+00       1.919172896257e-12       3.398639960468e-13      -1.929758563042e-15 
  193       8.928752406699e-10       1.249724474653e-13      -5.611229707647e-12       0.000000000000e+00       1.890284298513e-12       3.355393056677e-13      -1.876940607152e-15 
  194       8.959900565144e-10       1.233014963938e-13      -5.471400520251e-12       0.000000000000e+00       1.861920207539e-12       3.312827851231e-13      -1.824587544848e-15 
  195       8.990228327732e-10       1.216673541110e-13      -5.327685340454e-12       0.000000000000e+00       1.834080080608e-12       3.270946077845e-13      -1.772704888971e-15 
  196       9.019728151407e-10       1.200740288393e-13      -5.180109769745e-12       0.000000000000e+00       1.806762309465e-12       3.229748033073e-13      -1.721297076456e-15 
  197       9.048392612536e-10       1.185256256176e-13      -5.028701833906e-12       0.000000000000e+00       1.779964200932e-12       3.189232549365e-13      -1.670367447032e-15 
  198       9.076214408549e-10       1.170263471658e-13      -4.873492014190e-12       0.000000000000e+00       1.753681957516e-12       3.149396968127e-13      -1.619918221926e-15 
  199       9.103186359587e-10       1.155804947499e-13      -4.714513278499e-12       0.000000000000e+00       1.727910658020e-12       3.110237112776e-13      -1.569950482561e-15 
  200       9.129301410136e-10       1.141924690470e-13      -4.551801112564e-12       0.000000000000e+00       1.702644238144e-12       3.071747261800e-13      -1.520464149264e-15 
  201       9.154552630678e-10       1.128667710099e-13      -4.385393551124e-12       0.000000000000e+00       1.677875471095e-12       3.033920121815e-13      -1.471457959967e-15 
  202       9.178933219326e-10       1.116080027321e-13      -4.215331209100e-12       0.000000000000e+00       1.653595948196e-12       2.996746800622e-13      -1.422929448907e-15 
  203       9.202436503472e-10       1.104208683129e-13      -4.041657312780e-12       0.000000000000e+00       1.629796059489e-12       2.960216780266e-13      -1.374874925329e-15 
  204       9.225055941424e-10       1.093101747223e-13      -3.864417730991e-12       0.000000000000e+00       1.606464974346e-12       2.924317890091e-13      -1.327289452190e-15 
  205       9.246785124053e-10       1.082808326655e-13      -3.683661006281e-12       0.000000000000e+00       1.583590622075e-12       2.889036279801e-13      -1.280166824863e-15 
  206       9.267617776433e-10       1.073378574483e-13      -3.499438386099e-12       0.000000000000e+00       1.561159672524e-12       2.854356392517e-13      -1.233499549833e-15 
  207       9.287547759481e-10       1.064863698416e-13      -3.311803853968e-12       0.000000000000e+00       1.539157516694e-12       2.820260937831e-13      -1.187278823408e-15 
  208       9.306569071606e-10       1.057315969468e-13      -3.120814160670e-12       0.000000000000e+00       1.517568247342e-12       2.786730864870e-13      -1.141494510412e-15 
  209       9.324675850343e-10       1.050788730600e-13      -2.926528855419e-12       0.000000000000e+00       1.496374639589e-12       2.753745335348e-13      -1.096135122896e-15 
  210       9.341862374001e-10       1.045336405376e-13      -2.729010317041e-12       0.000000000000e+00       1.475558131525e-12       2.721281696627e-13      -1.051187798836e-15 
  211       9.358123063304e-10       1.041014506607e-13      -2.528323785155e-12       0.000000000000e+00       1.455098804823e-12       2.689315454773e-13      -1.006638280836e-15 
  212       9.373452483032e-10       1.037879645004e-13      -2.324537391348e-12       0.000000000000e+00       1.434975365338e-12       2.657820247615e-13      -9.624708948291e-16 
  213       9.387845651313e-10       1.035986667693e-13      -2.117718663645e-12       0.000000000000e+00       1.415169329196e-12       2.626772734551e-13      -9.186719339047e-16 
  214       9.401298987326e-10       1.035379840877e-13      -1.907923712642e-12       0.000000000000e+00       1.395677935732e-12       2.596167689193e-13      -8.752401081533e-16 
  215       9.413809430796e-10       1.036101088183e-13      -1.695207375026e-12       0.000000000000e+00       1.376502069485e-12       2.566003874327e-13      -8.321767596637e-16 
  216       9.425374142541e-10       1.038192808362e-13      -1.479626696420e-12       0.000000000000e+00       1.357642124820e-12       2.536279202856e-13      -7.894825085660e-16 
  217       9.435990506917e-10       1.041697876387e-13      -1.261240953273e-12       0.000000000000e+00       1.339097997608e-12       2.506990723798e-13      -7.471572406990e-16 
  218       9.445656134275e-10       1.046659644540e-13      -1.040111674756e-12       0.000000000000e+00       1.320869076905e-12       2.478134608289e-13      -7.052000952764e-16 
  219       9.454368863413e-10       1.053121943510e-13      -8.163026646549e-13       0.000000000000e+00       1.302954236628e-12       2.449706135586e-13      -6.636094525536e-16 
  220       9.462126764025e-10       1.061129083484e-13      -5.898800232642e-13       0.000000000000e+00       1.285351827239e-12       2.421699679064e-13      -6.223829214951e-16 
  221       9.468928139157e-10       1.070725855238e-13      -3.609121692825e-13       0.000000000000e+00       1.268059667415e-12       2.394108692224e-13      -5.815173274407e-16 
  222       9.474771527655e-10       1.081957531236e-13      -1.294698617051e-13       0.000000000000e+00       1.251075035735e-12       2.366925694688e-13      -5.410086997724e-16 
  223       9.479655706623e-10       1.094869866717e-13       1.043737782816e-13       0.000000000000e+00       1.234394662355e-12       2.340142258208e-13      -5.008522595815e-16 
  224       9.483579693868e-10       1.109509100790e-13       3.405432454062e-13       0.000000000000e+00       1.218014720685e-12       2.313748992659e-13      -4.610424073349e-16 
  225       9.486542750360e-10       1.125921957529e-13       5.789606284184e-13       0.000000000000e+00       1.201930819071e-12       2.287735532049e-13      -4.215727105424e-16 
  226       9.488544382676e-10       1.144155647065e-13       8.195455881948e-13       0.000000000000e+00       1.186137992469e-12       2.262090520514e-13      -3.824358914232e-16 
  227       9.489584345460e-10       1.164257866677e-13       1.062215335845e-12       0.000000000000e+00       1.170630694130e-12       2.236801598324e-13      -3.436238145726e-16 
  228       9.489662643870e-10       1.186276801888e-13       1.306884610819e-12       0.000000000000e+00       1.155402787272e-12       2.211855387882e-13      -3.051274746292e-16 
  229       9.488779536030e-10       1.210261127556e-13       1.553465659010e-12       0.000000000000e+00       1.140447536762e-12       2.187237479728e-13      -2.669369839412e-16 
  230       9.486935535487e-10       1.236260008970e-13       1.801868210865e-12       0.000000000000e+00       1.125757600795e-12       2.162932418538e-13      -2.290415602336e-16 
  231       9.484131413659e-10       1.264323102938e-13       2.051999459484e-12       0.000000000000e+00       1.111325022570e-12       2.138923689126e-13      -1.914295142748e-16 
  232       9.480368202288e-10       1.294500558885e-13       2.303764038736e-12       0.000000000000e+00       1.097141221972e-12       2.115193702450e-13      -1.540882375433e-16 
  233       9.475647195893e-10       1.326843019944e-13       2.557064001355e-12       0.000000000000e+00       1.083196987248e-12       2.091723781605e-13      -1.170041898947e-16 
  234       9.469969954221e-10       1.361401624049e-13       2.811798797052e-12       0.000000000000e+00       1.069482466685e-12       2.068494147834e-13      -8.016288722847e-17 
  235       9.463338304700e-10       1.398228005029e-13       3.067865250619e-12       0.000000000000e+00       1.055987160290e-12       2.045483906523e-13      -4.354888915452e-17 
  236       9.455754344893e-10       1.437374293700e-13       3.325157540038e-12       0.000000000000e+00       1.042699911471e-12       2.022671033205e-13      -7.145786660258e-18 
  237       9.447220444946e-10       1.478893118957e-13       3.583567174580e-12       0.000000000000e+00       1.029608898709e-12       2.000032359563e-13       2.906381022274e-17 
  238       9.437739238789e-10       1.522833731826e-13       3.842988813145e-12       0.000000000000e+00       1.016703925610e-12       1.977548393035e-13       6.509346041336e-17 
  239       9.427313592067e-10       1.569230114776e-13       4.103338155662e-12       0.000000000000e+00       1.003983462194e-12       1.955218128586e-13       1.009381067731e-16 
  240       9.415946637024e-10       1.618112154147e-13       4.364535093145e-12       0.000000000000e+00       9.914480140472e-13       1.933045107134e-13       1.365879893058e-16 
  241       9.403641785991e-10       1.669509445353e-13       4.626497955437e-12       0.000000000000e+00       9.790978588754e-13       1.911032658877e-13       1.720333910797e-16 
  242       9.390402733821e-10       1.723451285801e-13       4.889143501637e-12       0.000000000000e+00       9.669330430249e-13       1.889183899486e-13       2.072646403827e-16 
  243       9.376233460315e-10       1.779966667804e-13       5.152386910521e-12       0.000000000000e+00       9.549533780124e-13       1.867501726305e-13       2.422721128781e-16 
  244       9.361138232649e-10       1.839084271491e-13       5.416141770976e-12       0.000000000000e+00       9.431584370522e-13       1.845988814550e-13       2.770462337606e-16 
  245       9.345121607806e-10       1.900832457725e-13       5.680320072422e-12       0.000000000000e+00       9.315475515829e-13       1.824647613508e-13       3.115774799112e-16 
  246       9.328188435001e-10       1.965239261017e-13       5.944832195241e-12       0.000000000000e+00       9.201198077949e-13       1.803480342738e-13       3.458563820537e-16 
  247       9.310343858111e-10       2.032332382437e-13       6.209586901201e-12       0.000000000000e+00       9.088740431578e-13       1.782488988263e-13       3.798735269096e-16 
  248       9.291593318102e-10       2.102139182530e-13       6.474491323887e-12       0.000000000000e+00       8.978088429475e-13       1.761675298776e-13       4.136195593543e-16 
  249       9.271942555460e-10       2.174686674230e-13       6.739450959126e-12       0.000000000000e+00       8.869225367737e-13       1.741040781836e-13       4.470851845722e-16 
  250       9.251397612619e-10       2.250001515773e-13       7.004369655410e-12       0.000000000000e+00       8.762131951066e-13       1.720586700065e-13       4.802611702128e-16 
  251       9.229964836388e-10       2.328110003611e-13       7.269149604328e-12       0.000000000000e+00       8.656786258048e-13       1.700314067348e-13       5.131383485461e-16 
  252       9.207650880378e-10       2.409038065327e-13       7.533691330993e-12       0.000000000000e+00       8.553163706422e-13       1.680223645035e-13       5.457076186183e-16 
  253       9.184462707435e-10       2.492811252549e-13       7.797893684463e-12       0.000000000000e+00       8.451237018356e-13       1.660315938133e-13       5.779599484073e-16 
  254       9.160407592066e-10       2.579454733862e-13       8.061653828172e-12       0.000000000000e+00       8.350976185713e-13       1.640591191511e-13       6.098863769787e-16 
  255       9.135493122865e-10       2.668993287724e-13       8.324867230358e-12       0.000000000000e+00       8.252348435332e-13       1.621049386095e-13       6.414780166409e-16 
  256       9.109727204946e-10       2.761451295380e-13       8.587427654486e-12       0.000000000000e+00       8.155318194295e-13       1.601690235069e-13       6.727260551012e-16 
  257       9.083118062368e-10       2.856852733772e-13       8.849227149678e-12       0.000000000000e+00       8.059847055200e-13       1.582513180072e-13       7.036217576212e-16 
  258       9.055674240566e-10       2.955221168459e-13       9.110156041137e-12       0.000000000000e+00       7.965893741436e-13       1.563517387398e-13       7.341564691726e-16 
  259       9.027404608778e-10       3.056579746528e-13       9.370102920576e-12       0.000000000000e+00       7.873414072456e-13       1.544701744192e-13       7.643216165925e-16 
  260       8.998318362473e-10       3.160951189507e-13       9.628954636644e-12       0.000000000000e+00       7.782360929046e-13       1.526064854655e-13       7.941087107395e-16 
  261       8.968425025781e-10       3.268357786278e-13       9.886596285352e-12       0.000000000000e+00       7.692684218599e-13       1.507605036235e-13       8.235093486490e-16 
  262       8.937734453918e-10       3.378821385998e-13       1.014291120050e-11       0.000000000000e+00       7.604330840391e-13       1.489320315830e-13       8.525152156890e-16 
  263       8.906256835621e-10       3.492363391002e-13       1.039778094411e-11       0.000000000000e+00       7.517244650850e-13       1.471208425989e-13       8.811180877154e-16 
  264       8.874002695570e-10       3.609004749726e-13       1.065108529683e-11       0.000000000000e+00       7.431366428829e-13       1.453266801104e-13       9.093098332282e-16 
  265       8.840982896819e-10       3.728765949618e-13       1.090270224840e-11       0.000000000000e+00       7.346633840880e-13       1.435492573614e-13       9.370824155269e-16 
  266       8.807208173459e-10       3.851663569387e-13       1.115251561998e-11       0.000000000000e+00       7.262993335873e-13       1.417883459084e-13       9.644292356507e-16 
  267       8.772687695492e-10       3.977699742970e-13       1.140043840943e-11       0.000000000000e+00       7.180436615864e-13       1.400440472511e-13       9.913492375390e-16 
  268       8.737430430751e-10       4.106872109646e-13       1.164639069514e-11       0.000000000000e+00       7.098966078118e-13       1.383165352123e-13       1.017843029986e-15 
  269       8.701445609276e-10       4.239177190353e-13       1.189029212151e-11       0.000000000000e+00       7.018583049573e-13       1.366059681489e-13       1.043911570324e-15 
  270       8.664742724947e-10       4.374610374783e-13       1.213206190229e-11       0.000000000000e+00       6.939287772265e-13       1.349124887224e-13       1.069556168849e-15 
  271       8.627331537122e-10       4.513165908489e-13       1.237161882388e-11       0.000000000000e+00       6.861079388759e-13       1.332362236686e-13       1.094778493237e-15 
  272       8.589222072269e-10       4.654836879983e-13       1.260888124867e-11       0.000000000000e+00       6.783955927581e-13       1.315772835677e-13       1.119580572967e-15 
  273       8.550424625602e-10       4.799615207833e-13       1.284376711838e-11       0.000000000000e+00       6.707914288637e-13       1.299357626143e-13       1.143964803741e-15 
  274       8.510949762714e-10       4.947491627771e-13       1.307619395733e-11       0.000000000000e+00       6.632950228653e-13       1.283117383879e-13       1.167933951909e-15 
  275       8.470808321216e-10       5.098455679786e-13       1.330607887580e-11       0.000000000000e+00       6.559058346595e-13       1.267052716223e-13       1.191491158884e-15 
  276       8.430011412366e-10       5.252495695230e-13       1.353333857336e-11       0.000000000000e+00       6.486232069104e-13       1.251164059762e-13       1.214639945568e-15 
  277       8.388570422708e-10       5.409598783916e-13       1.375788934215e-11       0.000000000000e+00       6.414463635920e-13       1.235451678029e-13       1.237384216769e-15 
  278       8.346497015706e-10       5.569750821217e-13       1.397964707023e-11       0.000000000000e+00       6.343744085313e-13       1.219915659207e-13       1.259728265627e-15 
  279       8.303803133375e-10       5.732936435172e-13       1.419852724493e-11       0.000000000000e+00       6.274063239510e-13       1.204555913825e-13       1.281676778029e-15 
  280       8.260500997923e-10       5.899138993580e-13       1.441444495609e-11       0.000000000000e+00       6.205409690126e-13       1.189372172465e-13       1.303234837036e-15 
  281       8.216603113378e-10       6.068340591105e-13       1.462731489948e-11       0.000000000000e+00       6.137770783592e-13       1.174363983455e-13       1.324407927301e-15 
  282       8.172122267228e-10       6.240522036375e-13       1.483705138005e-11       0.000000000000e+00       6.071132606582e-13       1.159530710577e-13       1.345201939488e-15 
  283       8.127071532053e-10       6.415662839084e-13       1.504356831527e-11       0.000000000000e+00       6.005479971443e-13       1.144871530761e-13       1.365623174699e-15 
  284       8.081464267162e-10       6.593741197087e-13       1.524677923847e-11       0.000000000000e+00       5.940796401623e-13       1.130385431792e-13       1.385678348888e-15 
  285       8.035314120225e-10       6.774733983511e-13       1.544659730216e-11       0.000000000000e+00       5.877064117102e-13       1.116071210004e-13       1.405374597287e-15 
  286       7.988635028910e-10       6.958616733843e-13       1.564293528130e-11       0.000000000000e+00       5.814264019816e-13       1.101927467987e-13       1.424719478827e-15 
  287       7.941441222516e-10       7.145363633042e-13       1.583570557671e-11       0.000000000000e+00       5.752375679091e-13       1.087952612283e-13       1.443720980555e-15 
  288       7.893747223610e-10       7.334947502631e-13       1.602482021833e-11       0.000000000000e+00       5.691377317068e-13       1.074144851088e-13       1.462387522060e-15 
  289       7.845567849658e-10       7.527339787802e-13       1.621019086853e-11       0.000000000000e+00       5.631245794132e-13       1.060502191953e-13       1.480727959889e-15 
  290       7.796918214665e-10       7.722510544516e-13       1.639172882550e-11       0.000000000000e+00       5.571956594344e-13       1.047022439486e-13       1.498751591974e-15 
  291       7.747813730804e-10       7.920428426603e-13       1.656934502650e-11       0.000000000000e+00       5.513483810865e-13       1.033703193047e-13       1.516468162048e-15 
  292       7.698270110056e-10       8.121060672862e-13       1.674295005123e-11       0.000000000000e+00       5.455800131386e-13       1.020541844458e-13       1.533887864067e-15 
  293       7.648303365839e-10       8.324373094161e-13       1.691245412512e-11       0.000000000000e+00       5.398876823560e-13       1.007535575693e-13       1.551021346634e-15 
  294       7.597929814650e-10       8.530330060542e-13       1.707776712267e-11       0.000000000000e+00       5.342683720427e-13       9.946813565871e-14       1.567879717417e-15 
  295       7.547166077692e-10       8.738894488315e-13       1.723879857078e-11       0.000000000000e+00       5.287189205844e-13       9.819759425330e-14       1.584474547569e-15 
  296       7.496029082515e-10       8.950027827164e-13       1.739545765204e-11       0.000000000000e+00       5.232360199912e-13       9.694158721821e-14       1.600817876155e-15 
  297       7.444535129613e-10       9.163689697026e-13       1.754766064904e-11       0.000000000000e+00       5.178168416898e-13       9.569981528002e-14       1.616919716006e-15 
  298       7.392697038588e-10       9.379836805685e-13       1.769535367139e-11       0.000000000000e+00       5.124609506042e-13       9.447223579772e-14       1.632780427859e-15 
  299       7.340526866162e-10       9.598423953283e-13       1.783849104223e-11       0.000000000000e+00       5.071684814691e-13       9.325886276128e-14       1.648397983378e-15 
  300       7.288036829052e-10       9.819404364471e-13       1.797702797040e-11       0.000000000000e+00       5.019395193791e-13       9.205969881097e-14       1.663770431270e-15 
  301       7.235239304331e-10       1.004272967503e-12       1.811092056386e-11       0.000000000000e+00       4.967740991826e-13       9.087473510062e-14       1.678895898320e-15 
  302       7.182146829797e-10       1.026834991852e-12       1.824012584308e-11       0.000000000000e+00       4.916722048749e-13       8.970395116094e-14       1.693772590416e-15 
  303       7.128772104345e-10       1.049621351285e-12       1.836460175445e-11       0.000000000000e+00       4.866337689914e-13       8.854731476279e-14       1.708398793592e-15 
  304       7.075127988326e-10       1.072626724698e-12       1.848430718373e-11       0.000000000000e+00       4.816586720007e-13       8.740478178053e-14       1.722772875056e-15 
  305       7.021227503919e-10       1.095845626748e-12       1.859920196941e-11       0.000000000000e+00       4.767467416987e-13       8.627629605526e-14       1.736893284226e-15 
  306       6.967083835497e-10       1.119272406520e-12       1.870924691615e-11       0.000000000000e+00       4.718977526009e-13       8.516178925812e-14       1.750758553760e-15 
  307       6.912710329994e-10       1.142901246186e-12       1.881440380818e-11       0.000000000000e+00       4.671114253368e-13       8.406118075362e-14       1.764367300593e-15 
  308       6.858120497271e-10       1.166726159671e-12       1.891463542272e-11       0.000000000000e+00       4.623874260420e-13       8.297437746292e-14       1.777718226969e-15 
  309       6.803328010484e-10       1.190740991314e-12       1.900990554336e-11       0.000000000000e+00       4.577253657528e-13       8.190127372711e-14       1.790810121474e-15 
  310       6.748346706450e-10       1.214939414530e-12       1.910017897354e-11       0.000000000000e+00       4.531247997983e-13       8.084175117052e-14       1.803641860069e-15 
  311       6.693190586016e-10       1.239314930473e-12       1.918542154988e-11       0.000000000000e+00       4.485852271948e-13       7.979567856401e-14       1.816212407126e-15 
  312       6.637873814423e-10       1.263860866698e-12       1.926560015563e-11       0.000000000000e+00       4.441060900383e-13       7.876291168828e-14       1.828520816458e-15 
  313       6.582410721676e-10       1.288570375826e-12       1.934068273408e-11       0.000000000000e+00       4.396867728981e-13       7.774329319713e-14       1.840566232354e-15 
  314       6.526815802908e-10       1.313436434205e-12       1.941063830197e-11       0.000000000000e+00       4.353266022104e-13       7.673665248081e-14       1.852347890613e-15 
  315       6.471103718750e-10       1.338451840570e-12       1.947543696290e-11       0.000000000000e+00       4.310248456712e-13       7.574280552926e-14       1.863865119577e-15 
  316       6.415289295696e-10       1.363609214709e-12       1.953504992073e-11       0.000000000000e+00       4.267807116297e-13       7.476155479544e-14       1.875117341163e-15 
  317       6.359387526469e-10       1.388900996127e-12       1.958944949301e-11       0.000000000000e+00       4.225933484819e-13       7.379268905861e-14       1.886104071899e-15 
  318       6.303413570392e-10       1.414319442702e-12       1.963860912435e-11       0.000000000000e+00       4.184618440635e-13       7.283598328763e-14       1.896824923955e-15 
  319       6.247382753750e-10       1.439856629356e-12       1.968250339990e-11       0.000000000000e+00       4.143852250436e-13       7.189119850427e-14       1.907279606177e-15 
  320       6.191310570161e-10       1.465504446709e-12       1.972110805870e-11       0.000000000000e+00       4.103624563177e-13       7.095808164647e-14       1.917467925122e-15 
  321       6.135212680940e-10       1.491254599749e-12       1.975440000710e-11       0.000000000000e+00       4.063924404013e-13       7.003636543168e-14       1.927389786090e-15 
  322       6.079104915468e-10       1.517098606491e-12       1.978235733220e-11       0.000000000000e+00       4.024740168229e-13       6.912576822012e-14       1.937045194155e-15 
  323       6.023003271560e-10       1.543027796638e-12       1.980495931523e-11       0.000000000000e+00       3.986059615177e-13       6.822599387808e-14       1.946434255205e-15 
  324       5.966923915826e-10       1.569033310247e-12       1.982218644498e-11       0.000000000000e+00       3.947869862205e-13       6.733673164124e-14       1.955557176969e-15 
  325       5.910883184046e-10       1.595106096391e-12       1.983402043120e-11       0.000000000000e+00       3.910157378594e-13       6.645765597795e-14       1.964414270052e-15 
  326       5.854897581532e-10       1.621236911819e-12       1.984044421802e-11       0.000000000000e+00       3.872907979487e-13       6.558842645250e-14       1.973005948971e-15 
  327       5.798983783496e-10       1.647416319621e-12       1.984144199733e-11       0.000000000000e+00       3.836106819828e-13       6.472868758847e-14       1.981332733185e-15 
  328       5.743158635417e-10       1.673634687890e-12       1.983699922225e-11       0.000000000000e+00       3.799738388289e-13       6.387806873198e-14       1.989395248132e-15 
  329       5.687439153407e-10       1.699882188384e-12       1.982710262048e-11       0.000000000000e+00       3.763786501207e-13       6.303618391500e-14       1.997194226258e-15 
  330       5.631842524583e-10       1.726148795189e-12       1.981174020774e-11       0.000000000000e+00       3.728234296516e-13       6.220263171865e-14       2.004730508055e-15 
  331       5.576386107425e-10       1.752424283382e-12       1.979090130118e-11       0.000000000000e+00       3.693064227679e-13       6.137699513650e-14       2.012005043090e-15 
  332       5.521086254109e-10       1.778698820436e-12       1.976457980097e-11       0.000000000000e+00       3.658261356332e-13       6.055892346661e-14       2.019018802402e-15 
  333       5.465954719969e-10       1.804964771682e-12       1.973278416576e-11       0.000000000000e+00       3.623823401310e-13       5.974838221439e-14       2.025772509339e-15 
  334       5.411002098065e-10       1.831214971015e-12       1.969552789877e-11       0.000000000000e+00       3.589751116277e-13       5.894541382768e-14       2.032266898997e-15 
  335       5.356238982183e-10       1.857442134573e-12       1.965282633576e-11       0.000000000000e+00       3.556045028091e-13       5.815005660421e-14       2.038502806733e-15 
  336       5.301675965922e-10       1.883638860037e-12       1.960469666200e-11       0.000000000000e+00       3.522705434322e-13       5.736234464386e-14       2.044481169100e-15 
  337       5.247323641788e-10       1.909797625941e-12       1.955115792921e-11       0.000000000000e+00       3.489732400767e-13       5.658230780105e-14       2.050203024787e-15 
  338       5.193192600274e-10       1.935910790975e-12       1.949223107253e-11       0.000000000000e+00       3.457125758957e-13       5.580997163705e-14       2.055669515554e-15 
  339       5.139293428955e-10       1.961970593294e-12       1.942793892748e-11       0.000000000000e+00       3.424885103678e-13       5.504535737230e-14       2.060881887174e-15 
  340       5.085636711574e-10       1.987969149819e-12       1.935830624690e-11       0.000000000000e+00       3.393009790479e-13       5.428848183877e-14       2.065841490361e-15 
  341       5.032233027129e-10       2.013898455550e-12       1.928335971792e-11       0.000000000000e+00       3.361498933190e-13       5.353935743224e-14       2.070549781717e-15 
  342       4.979092948963e-10       2.039750382864e-12       1.920312797895e-11       0.000000000000e+00       3.330351401432e-13       5.279799206471e-14       2.075008324663e-15 
  343       4.926227043851e-10       2.065516680829e-12       1.911764163656e-11       0.000000000000e+00       3.299565818134e-13       5.206438911667e-14       2.079218790379e-15 
  344       4.873645871092e-10       2.091188974503e-12       1.902693328253e-11       0.000000000000e+00       3.269140557044e-13       5.133854738942e-14       2.083182958739e-15 
  345       4.821359981590e-10       2.116758764244e-12       1.893103751071e-11       0.000000000000e+00       3.239073740244e-13       5.062046105747e-14       2.086902719251e-15 
  346       4.769379916951e-10       2.142217425016e-12       1.882999093409e-11       0.000000000000e+00       3.209363235663e-13       4.991011962082e-14       2.090380071992e-15 
  347       4.717716208564e-10       2.167556205691e-12       1.872383220164e-11       0.000000000000e+00       3.180006654591e-13       4.920750785728e-14       2.093617128546e-15 
  348       4.666379376693e-10       2.192766228360e-12       1.861260201537e-11       0.000000000000e+00       3.151001349194e-13       4.851260577485e-14       2.096616112939e-15 
  349       4.615379929565e-10       2.217838487636e-12       1.849634314723e-11       0.000000000000e+00       3.122344410024e-13       4.782538856402e-14       2.099379362582e-15 
  350       4.564728362457e-10       2.242763849961e-12       1.837510045607e-11       0.000000000000e+00       3.094032663537e-13       4.714582655010e-14       2.101909329202e-15 
  351       4.514435156787e-10       2.267533052911e-12       1.824892090462e-11       0.000000000000e+00       3.066062669604e-13       4.647388514555e-14       2.104208579781e-15 
  352       4.464510779199e-10       2.292136704503e-12       1.811785357644e-11       0.000000000000e+00       3.038430719024e-13       4.580952480233e-14       2.106279797495e-15 
  353       4.414965680653e-10       2.316565282501e-12       1.798194969287e-11       0.000000000000e+00       3.011132831041e-13       4.515270096424e-14       2.108125782651e-15 
  354       4.365810295512e-10       2.340809133719e-12       1.784126262999e-11       0.000000000000e+00       2.984164750854e-13       4.450336401919e-14       2.109749453621e-15 
  355       4.317055040634e-10       2.364858473332e-12       1.769584793559e-11       0.000000000000e+00       2.957521947133e-13       4.386145925160e-14       2.111153847783e-15 
  356       4.268710314456e-10       2.388703384179e-12       1.754576334613e-11       0.000000000000e+00       2.931199609532e-13       4.322692679471e-14       2.112342122454e-15 
  357       4.220786496083e-10       2.412333816068e-12       1.739106880365e-11       0.000000000000e+00       2.905192646202e-13       4.259970158288e-14       2.113317555833e-15 
  358       4.173293944379e-10       2.435739585085e-12       1.723182647281e-11       0.000000000000e+00       2.879495681305e-13       4.197971330397e-14       2.114083547932e-15 
  359       4.126242997053e-10       2.458910372896e-12       1.706810075776e-11       0.000000000000e+00       2.854103052528e-13       4.136688635164e-14       2.114643621519e-15 
  360       4.079643969747e-10       2.481835726057e-12       1.689995831918e-11       0.000000000000e+00       2.829008808598e-13       4.076113977770e-14       2.115001423051e-15 
  361       4.033507155126e-10       2.504505055316e-12       1.672746809117e-11       0.000000000000e+00       2.804206706793e-13       4.016238724442e-14       2.115160723610e-15 
  362       3.987842821967e-10       2.526907634924e-12       1.655070129825e-11       0.000000000000e+00       2.779690210455e-13       3.957053697686e-14       2.115125419846e-15 
  363       3.942661214241e-10       2.549032601936e-12       1.636973147230e-11       0.000000000000e+00       2.755452486509e-13       3.898549171525e-14       2.114899534910e-15 
  364       3.897972550212e-10       2.570868955519e-12       1.618463446953e-11       0.000000000000e+00       2.731486402970e-13       3.840714866726e-14       2.114487219392e-15 
  365       3.853787021515e-10       2.592405556257e-12       1.599548848742e-11       0.000000000000e+00       2.707784526463e-13       3.783539946036e-14       2.113892752257e-15 
  366       3.810114792250e-10       2.613631125461e-12       1.580237408170e-11       0.000000000000e+00       2.684339119729e-13       3.727013009416e-14       2.113120541784e-15 
  367       3.766965998068e-10       2.634534244468e-12       1.560537418328e-11       0.000000000000e+00       2.661142139148e-13       3.671122089271e-14       2.112175126504e-15 
  368       3.724350745264e-10       2.655103353953e-12       1.540457411524e-11       0.000000000000e+00       2.638185232244e-13       3.615854645687e-14       2.111061176135e-15 
  369       3.682279109856e-10       2.675326753232e-12       1.520006160977e-11       0.000000000000e+00       2.615459735205e-13       3.561197561660e-14       2.109783492518e-15 
  370       3.640761136682e-10       2.695192599569e-12       1.499192682512e-11       0.000000000000e+00       2.592956670392e-13       3.507137138335e-14       2.108347010559e-15 
  371       3.599805988132e-10       2.714690085470e-12       1.478025716705e-11       0.000000000000e+00       2.570668392568e-13       3.453661592606e-14       2.106755782407e-15 
  372       3.559419355495e-10       2.733813022765e-12       1.456512149513e-11       0.000000000000e+00       2.548593603647e-13       3.400768667397e-14       2.105009884280e-15 
  373       3.519605944606e-10       2.752556397306e-12       1.434658533215e-11       0.000000000000e+00       2.526732529153e-13       3.348458309608e-14       2.103108390533e-15 
  374       3.480370315415e-10       2.770915203959e-12       1.412471601626e-11       0.000000000000e+00       2.505085286155e-13       3.296730192018e-14       2.101050379544e-15 
  375       3.441716880339e-10       2.788884446936e-12       1.389958271345e-11       0.000000000000e+00       2.483651882217e-13       3.245583710699e-14       2.098834933771e-15 
  376       3.403649902607e-10       2.806459140119e-12       1.367125642995e-11       0.000000000000e+00       2.462432214345e-13       3.195017982420e-14       2.096461139804e-15 
  377       3.366173494610e-10       2.823634307399e-12       1.343981002471e-11       0.000000000000e+00       2.441426067931e-13       3.145031842061e-14       2.093928088417e-15 
  378       3.329291616253e-10       2.840404982999e-12       1.320531822180e-11       0.000000000000e+00       2.420633115707e-13       3.095623840015e-14       2.091234874624e-15 
  379       3.293008073300e-10       2.856766211807e-12       1.296785762291e-11       0.000000000000e+00       2.400052916685e-13       3.046792239604e-14       2.088380597726e-15 
  380       3.257326515725e-10       2.872713049705e-12       1.272750671970e-11       0.000000000000e+00       2.379684915108e-13       2.998535014485e-14       2.085364361372e-15 
  381       3.222250436059e-10       2.888240563902e-12       1.248434590634e-11       0.000000000000e+00       2.359528439396e-13       2.950849846056e-14       2.082185273607e-15 
  382       3.187783167744e-10       2.903343833261e-12       1.223845749188e-11       0.000000000000e+00       2.339582701094e-13       2.903734120872e-14       2.078842446927e-15 
  383       3.153927883475e-10       2.918017948632e-12       1.198992571271e-11       0.000000000000e+00       2.319846793819e-13       2.857184928046e-14       2.075334998331e-15 
  384       3.120687593552e-10       2.932258013178e-12       1.173883674502e-11       0.000000000000e+00       2.300319692207e-13       2.811199056662e-14       2.071662049374e-15 
  385       3.088065144232e-10       2.946059142711e-12       1.148527871722e-11       0.000000000000e+00       2.281000250860e-13       2.765772993187e-14       2.067822726223e-15 
  386       3.056063216073e-10       2.959416466018e-12       1.122934172238e-11       0.000000000000e+00       2.261887203293e-13       2.720902918871e-14       2.063816159706e-15 
  387       3.024684322285e-10       2.972325125190e-12       1.097111783068e-11       0.000000000000e+00       2.242979160881e-13       2.676584707167e-14       2.059641485368e-15 
  388       2.993930807080e-10       2.984780275958e-12       1.071070110184e-11       0.000000000000e+00       2.224274611809e-13       2.632813921130e-14       2.055297843523e-15 
  389       2.963804844018e-10       2.996777088019e-12       1.044818759757e-11       0.000000000000e+00       2.205771920014e-13       2.589585810832e-14       2.050784379309e-15 
  390       2.934308434360e-10       3.008310745364e-12       1.018367539401e-11       0.000000000000e+00       2.187469324138e-13       2.546895310770e-14       2.046100242737e-15 
  391       2.905443405413e-10       3.019376446615e-12       9.917264594179e-12       0.000000000000e+00       2.169364936470e-13       2.504737037272e-14       2.041244588747e-15 
  392       2.877211408881e-10       3.029969405348e-12       9.649057340376e-12       0.000000000000e+00       2.151456741897e-13       2.463105285909e-14       2.036216577263e-15 
  393       2.849613919214e-10       3.040084850429e-12       9.379157826669e-12       0.000000000000e+00       2.133742596849e-13       2.421994028903e-14       2.031015373242e-15 
  394       2.822652231956e-10       3.049718026341e-12       9.107672311308e-12       0.000000000000e+00       2.116220228248e-13       2.381396912537e-14       2.025640146729e-15 
  395       2.796327462095e-10       3.058864193513e-12       8.834709129174e-12       0.000000000000e+00       2.098887232451e-13       2.341307254561e-14       2.020090072912e-15 
  396       2.770640542410e-10       3.067518628656e-12       8.560378704219e-12       0.000000000000e+00       2.081741074205e-13       2.301718041603e-14       2.014364332171e-15 
  397       2.745592221822e-10       3.075676625085e-12       8.284793561903e-12       0.000000000000e+00       2.064779085584e-13       2.262621926578e-14       2.008462110134e-15 
  398       2.721183063743e-10       3.083333493056e-12       8.008068341638e-12       0.000000000000e+00       2.047998464948e-13       2.224011226097e-14       2.002382597731e-15 
  399       2.697413444422e-10       3.090484560094e-12       7.730319809226e-12       0.000000000000e+00       2.031396275878e-13       2.185877917874e-14       1.996124991244e-15 
  400       2.674283551298e-10       3.097125171321e-12       7.451666869303e-12       0.000000000000e+00       2.014969446132e-13       2.148213638139e-14       1.989688492362e-15 
  401       2.651793381346e-10       3.103250689789e-12       7.172230577774e-12       0.000000000000e+00       1.998714766589e-13       2.111009679042e-14       1.983072308236e-15 
  402       2.629942739427e-10       3.108856496810e-12       6.892134154260e-12       0.000000000000e+00       1.982628890197e-13       2.074256986065e-14       1.976275651528e-15 
  403       2.608731236637e-10       3.113937992284e-12       6.611502994532e-12       0.000000000000e+00       1.966708330918e-13       2.037946155430e-14       1.969297740466e-15 
  404       2.588158288654e-10       3.118490595032e-12       6.330464682957e-12       0.000000000000e+00       1.950949462678e-13       2.002067431508e-14       1.962137798899e-15 
  405       2.568223114091e-10       3.122509743125e-12       6.049149004934e-12       0.000000000000e+00       1.935348518312e-13       1.966610704229e-14       1.954795056347e-15 
  406       2.548924732842e-10       3.125990894213e-12       5.767687959336e-12       0.000000000000e+00       1.919901588514e-13       1.931565506490e-14       1.947268748057e-15 
  407       2.530261964430e-10       3.128929525856e-12       5.486215770954e-12       0.000000000000e+00       1.904604620781e-13       1.896921011561e-14       1.939558115053e-15 
  408       2.512233426358e-10       3.131321135856e-12       5.204868902931e-12       0.000000000000e+00       1.889453418361e-13       1.862666030501e-14       1.931662404191e-15 
  409       2.494837532458e-10       3.133161242585e-12       4.923786069208e-12       0.000000000000e+00       1.874443639203e-13       1.828789009560e-14       1.923580868215e-15 
  410       2.478072491239e-10       3.134445385314e-12       4.643108246960e-12       0.000000000000e+00       1.859570794901e-13       1.795278027592e-14       1.915312765804e-15 
  411       2.461936352087e-10       3.135170129133e-12       4.362966140108e-12       0.000000000000e+00       1.844831047986e-13       1.762123229952e-14       1.906858046756e-15 
  412       2.446427149029e-10       3.135336118131e-12       4.083442056439e-12       0.000000000000e+00       1.830223636997e-13       1.729324230236e-14       1.898219434102e-15 
  413       2.431542758803e-10       3.134945130743e-12       3.804606707924e-12       0.000000000000e+00       1.815748535025e-13       1.696882964976e-14       1.889400415662e-15 
  414       2.417280851859e-10       3.133999085945e-12       3.526531641515e-12       0.000000000000e+00       1.801405658627e-13       1.664801279914e-14       1.880404566102e-15 
  415       2.403638890737e-10       3.132500044295e-12       3.249289242688e-12       0.000000000000e+00       1.787194867337e-13       1.633080929140e-14       1.871235547473e-15 
  416       2.390614128450e-10       3.130450208981e-12       2.972952738996e-12       0.000000000000e+00       1.773115963180e-13       1.601723574220e-14       1.861897109745e-15 
  417       2.378203606871e-10       3.127851926856e-12       2.697596203610e-12       0.000000000000e+00       1.759168690182e-13       1.570730783339e-14       1.852393091355e-15 
  418       2.366404155112e-10       3.124707689484e-12       2.423294558873e-12       0.000000000000e+00       1.745352733889e-13       1.540104030434e-14       1.842727419735e-15 
  419       2.355212387907e-10       3.121020134184e-12       2.150123579843e-12       0.000000000000e+00       1.731667720872e-13       1.509844694327e-14       1.832904111859e-15 
  420       2.344624703997e-10       3.116792045067e-12       1.878159897842e-12       0.000000000000e+00       1.718113218246e-13       1.479954057866e-14       1.822927274776e-15 
  421       2.334637284512e-10       3.112026354081e-12       1.607481004002e-12       0.000000000000e+00       1.704688733181e-13       1.450433307056e-14       1.812801106153e-15 
  422       2.325246091353e-10       3.106726142054e-12       1.338165252815e-12       0.000000000000e+00       1.691393712415e-13       1.421283530196e-14       1.802529894811e-15 
  423       2.316446865573e-10       3.100894639735e-12       1.070291865679e-12       0.000000000000e+00       1.678227541766e-13       1.392505717014e-14       1.792118021262e-15 
  424       2.308235125766e-10       3.094535228835e-12       8.039409344448e-13       0.000000000000e+00       1.665189545647e-13       1.364100757805e-14       1.781569958254e-15 
  425       2.300606166444e-10       3.087651443071e-12       5.391934249648e-13       0.000000000000e+00       1.652278986577e-13       1.336069442564e-14       1.770890271302e-15 
  426       2.293555056422e-10       3.080246969208e-12       2.761311806394e-13       0.000000000000e+00       1.639495064695e-13       1.308412460124e-14       1.760083619232e-15 
  427       2.287076637200e-10       3.072325648098e-12       1.483692596500e-14       0.000000000000e+00       1.626836917273e-13       1.281130397286e-14       1.749154754719e-15 
  428       2.281165521347e-10       3.063891475727e-12      -2.446057299187e-13       0.000000000000e+00       1.614303618228e-13       1.254223737963e-14       1.738108524822e-15 
  429       2.275816090885e-10       3.054948604254e-12      -5.021122896815e-13       0.000000000000e+00       1.601894177637e-13       1.227692862309e-14       1.726949871528e-15 
  430       2.271022495666e-10       3.045501343053e-12      -7.575973642546e-13       0.000000000000e+00       1.589607541246e-13       1.201538045858e-14       1.715683832284e-15 
  431       2.266778651764e-10       3.035554159757e-12      -1.010974669284e-12       0.000000000000e+00       1.577442589989e-13       1.175759458657e-14       1.704315540544e-15 
  432       2.263078239848e-10       3.025111681299e-12      -1.262157021583e-12       0.000000000000e+00       1.565398139495e-13       1.150357164404e-14       1.692850226301e-15 
  433       2.259914703574e-10       3.014178694953e-12      -1.511056335583e-12       0.000000000000e+00       1.553472939604e-13       1.125331119583e-14       1.681293216627e-15 
  434       2.257281247960e-10       3.002760149378e-12      -1.757583619788e-12       0.000000000000e+00       1.541665673880e-13       1.100681172598e-14       1.669649936215e-15 
  435       2.255170837775e-10       2.990861155659e-12      -2.001648973229e-12       0.000000000000e+00       1.529974959122e-13       1.076407062909e-14       1.657925907912e-15 
  436       2.253576195916e-10       2.978486988351e-12      -2.243161581911e-12       0.000000000000e+00       1.518399344880e-13       1.052508420172e-14       1.646126753265e-15 
  437       2.252489801797e-10       2.965643086517e-12      -2.482029715270e-12       0.000000000000e+00       1.506937312965e-13       1.028984763367e-14       1.634258193051e-15 
  438       2.251903889728e-10       2.952335054775e-12      -2.718160722624e-12       0.000000000000e+00       1.495587276964e-13       1.005835499939e-14       1.622326047823e-15 
  439       2.251810447297e-10       2.938568664336e-12      -2.951461029626e-12       0.000000000000e+00       1.484347581752e-13       9.830599249334e-15       1.610336238446e-15 
  440       2.252201213757e-10       2.924349854049e-12      -3.181836134718e-12       0.000000000000e+00       1.473216503004e-13       9.606572201277e-15       1.598294786634e-15 
  441       2.253067678404e-10       2.909684731441e-12      -3.409190605579e-12       0.000000000000e+00       1.462192246712e-13       9.386264531714e-15       1.586207815490e-15 
  442       2.254401078964e-10       2.894579573763e-12      -3.633428075582e-12       0.000000000000e+00       1.451272948691e-13       9.169665767196e-15       1.574081550047e-15 
  443       2.256192399973e-10       2.879040829025e-12      -3.854451240246e-12       0.000000000000e+00       1.440456674100e-13       8.956764275685e-15       1.561922317802e-15 
  444       2.258432371160e-10       2.863075117045e-12      -4.072161853687e-12       0.000000000000e+00       1.429741416947e-13       8.747547257917e-15       1.549736549258e-15 
  445       2.261111465832e-10       2.846689230489e-12      -4.286460725070e-12       0.000000000000e+00       1.419125099610e-13       8.542000738752e-15       1.537530778462e-15 
  446       2.264219899256e-10       2.829890135912e-12      -4.497247715065e-12       0.000000000000e+00       1.408605572342e-13       8.340109558532e-15       1.525311643543e-15 
  447       2.267747627039e-10       2.812684974798e-12      -4.704421732295e-12       0.000000000000e+00       1.398180612791e-13       8.141857364438e-15       1.513085887253e-15 
  448       2.271684343516e-10       2.795081064609e-12      -4.907880729793e-12       0.000000000000e+00       1.387847925508e-13       7.947226601844e-15       1.500860357500e-15 
  449       2.276019480127e-10       2.777085899821e-12      -5.107521701450e-12       0.000000000000e+00       1.377605141461e-13       7.756198505673e-15       1.488642007893e-15 
  450       2.280742203805e-10       2.758707152967e-12      -5.303240678473e-12       0.000000000000e+00       1.367449817551e-13       7.568753091756e-15       1.476437898278e-15 
  451       2.285842354792e-10       2.739952728833e-12      -5.494946023345e-12       0.000000000000e+00       1.357379857187e-13       7.384868312703e-15       1.464253882431e-15 
  452       2.291313296660e-10       2.720830926833e-12      -5.682598790570e-12       0.000000000000e+00       1.347394787938e-13       7.204517513190e-15       1.452090623480e-15 
  453       2.297149154957e-10       2.701350285915e-12      -5.866173659675e-12       0.000000000000e+00       1.337494524100e-13       7.027671875654e-15       1.439947451132e-15 
  454       2.303343885012e-10       2.681519532955e-12      -6.045645759525e-12       0.000000000000e+00       1.327678949112e-13       6.854301239254e-15       1.427823662678e-15 
  455       2.309891270871e-10       2.661347583828e-12      -6.220990672606e-12       0.000000000000e+00       1.317947915317e-13       6.684374090732e-15       1.415718522754e-15 
  456       2.316784924232e-10       2.640843544486e-12      -6.392184439301e-12       0.000000000000e+00       1.308301243725e-13       6.517857555279e-15       1.403631263116e-15 
  457       2.324018283382e-10       2.620016712024e-12      -6.559203562173e-12       0.000000000000e+00       1.298738723771e-13       6.354717387398e-15       1.391561082399e-15 
  458       2.331584612129e-10       2.598876575762e-12      -6.722025010244e-12       0.000000000000e+00       1.289260113077e-13       6.194917961769e-15       1.379507145882e-15 
  459       2.339476998746e-10       2.577432818310e-12      -6.880626223277e-12       0.000000000000e+00       1.279865137213e-13       6.038422264111e-15       1.367468585261e-15 
  460       2.347688354898e-10       2.555695316650e-12      -7.034985116055e-12       0.000000000000e+00       1.270553489457e-13       5.885191882051e-15       1.355444498407e-15 
  461       2.356211414582e-10       2.533674143201e-12      -7.185080082660e-12       0.000000000000e+00       1.261324830557e-13       5.735186995981e-15       1.343433949137e-15 
  462       2.365038733064e-10       2.511379566899e-12      -7.330890000757e-12       0.000000000000e+00       1.252178788490e-13       5.588366369928e-15       1.331435966976e-15 
  463       2.374162685812e-10       2.488822054266e-12      -7.472394235871e-12       0.000000000000e+00       1.243114958226e-13       5.444687342414e-15       1.319449546927e-15 
  464       2.383575467433e-10       2.466012270485e-12      -7.609572645668e-12       0.000000000000e+00       1.234132901486e-13       5.304105817323e-15       1.307473649234e-15 
  465       2.393269090611e-10       2.442961080475e-12      -7.742405584236e-12       0.000000000000e+00       1.225232146502e-13       5.166576254763e-15       1.295507199148e-15 
  466       2.403235385038e-10       2.419679549963e-12      -7.870873906367e-12       0.000000000000e+00       1.216412187783e-13       5.032051661932e-15       1.283549086693e-15 
  467       2.413465996355e-10       2.396178946555e-12      -7.994958971832e-12       0.000000000000e+00       1.207672485868e-13       4.900483583981e-15       1.271598166434e-15 
  468       2.423952385084e-10       2.372470740814e-12      -8.114642649667e-12       0.000000000000e+00       1.199012467095e-13       4.771822094875e-15       1.259653257239e-15 
  469       2.434685825566e-10       2.348566607330e-12      -8.229907322450e-12       0.000000000000e+00       1.190431523355e-13       4.646015788264e-15       1.247713142048e-15 
  470       2.445657404896e-10       2.324478425795e-12      -8.340735890583e-12       0.000000000000e+00       1.181929011858e-13       4.523011768341e-15       1.235776567637e-15 
  471       2.456858021860e-10       2.300218282076e-12      -8.447111776571e-12       0.000000000000e+00       1.173504254890e-13       4.402755640709e-15       1.223842244385e-15 
  472       2.468278385868e-10       2.275798469287e-12      -8.549018929302e-12       0.000000000000e+00       1.165156539577e-13       4.285191503242e-15       1.211908846039e-15 
  473       2.479909015893e-10       2.251231488867e-12      -8.646441828331e-12       0.000000000000e+00       1.156885117642e-13       4.170261936954e-15       1.199975009480e-15 
  474       2.491740239406e-10       2.226530051647e-12      -8.739365488153e-12       0.000000000000e+00       1.148689205169e-13       4.057907996858e-15       1.188039334490e-15 
  475       2.503762191310e-10       2.201707078926e-12      -8.827775462493e-12       0.000000000000e+00       1.140567982364e-13       3.948069202835e-15       1.176100383515e-15 
  476       2.515964812879e-10       2.176775703549e-12      -8.911657848576e-12       0.000000000000e+00       1.132520593314e-13       3.840683530493e-15       1.164156681436e-15 
  477       2.528337850691e-10       2.151749270971e-12      -8.990999291417e-12       0.000000000000e+00       1.124546145748e-13       3.735687402034e-15       1.152206715328e-15 
  478       2.540870855565e-10       2.126641340341e-12      -9.065786988093e-12       0.000000000000e+00       1.116643710798e-13       3.633015677117e-15       1.140248934231e-15 
  479       2.553553181496e-10       2.101465685566e-12      -9.136008692029e-12       0.000000000000e+00       1.108812322761e-13       3.532601643724e-15       1.128281748914e-15 
  480       2.566373984595e-10       2.076236296391e-12      -9.201652717276e-12       0.000000000000e+00       1.101050978858e-13       3.434377009022e-15       1.116303531640e-15 
  481       2.579322222017e-10       2.050967379469e-12      -9.262707942791e-12       0.000000000000e+00       1.093358638999e-13       3.338271890227e-15       1.104312615935e-15 
  482       2.592386650905e-10       2.025673359435e-12      -9.319163816718e-12       0.000000000000e+00       1.085734225535e-13       3.244214805468e-15       1.092307296351e-15 
  483       2.605555827319e-10       2.000368879981e-12      -9.371010360669e-12       0.000000000000e+00       1.078176623029e-13       3.152132664654e-15       1.080285828230e-15 
  484       2.618818105178e-10       1.975068804926e-12      -9.418238174002e-12       0.000000000000e+00       1.070684678011e-13       3.061950760333e-15       1.068246427476e-15 
  485       2.632161635192e-10       1.949788219293e-12      -9.460838438105e-12       0.000000000000e+00       1.063257198739e-13       2.973592758562e-15       1.056187270316e-15 
  486       2.645574363796e-10       1.924542430382e-12      -9.498802920673e-12       0.000000000000e+00       1.055892954962e-13       2.886980689764e-15       1.044106493065e-15 
  487       2.659044032093e-10       1.899346968840e-12      -9.532123979988e-12       0.000000000000e+00       1.048590677679e-13       2.802034939600e-15       1.032002191896e-15 
  488       2.672558174783e-10       1.874217589739e-12      -9.560794569203e-12       0.000000000000e+00       1.041349058902e-13       2.718674239826e-15       1.019872422604e-15 
  489       2.686104119101e-10       1.849170273645e-12      -9.584808240619e-12       0.000000000000e+00       1.034166751413e-13       2.636815659160e-15       1.007715200370e-15 
  490       2.699668983753e-10       1.824221227694e-12      -9.604159149965e-12       0.000000000000e+00       1.027042368528e-13       2.556374594149e-15       9.955284995294e-16 
  491       2.713241078367e-10       1.799385723637e-12      -9.618848779932e-12       0.000000000000e+00       1.019974714506e-13       2.477280488713e-15       9.833108243437e-16 
  492       2.726814149603e-10       1.774674571924e-12      -9.628906321148e-12       0.000000000000e+00       1.012963483761e-13       2.399524523625e-15       9.710629403977e-16 
  493       2.740383258730e-10       1.750097545283e-12      -9.634368903399e-12       0.000000000000e+00       1.006008581892e-13       2.323113321771e-15       9.587861940316e-16 
  494       2.753943392121e-10       1.725664532798e-12      -9.635274938561e-12       0.000000000000e+00       9.991098967834e-14       2.248053345890e-15       9.464819460212e-16 
  495       2.767489460880e-10       1.701385540407e-12      -9.631664128228e-12       0.000000000000e+00       9.922672984782e-14       2.174350897251e-15       9.341515716269e-16 
  496       2.781016300479e-10       1.677270691395e-12      -9.623577471321e-12       0.000000000000e+00       9.854806390560e-14       2.102012114330e-15       9.217964606434e-16 
  497       2.794518670386e-10       1.653330226892e-12      -9.611057271713e-12       0.000000000000e+00       9.787497525070e-14       2.031042971486e-15       9.094180174494e-16 
  498       2.807991253696e-10       1.629574506367e-12      -9.594147145843e-12       0.000000000000e+00       9.720744546079e-14       1.961449277637e-15       8.970176610567e-16 
  499       2.821428656765e-10       1.606014008124e-12      -9.572892030334e-12       0.000000000000e+00       9.654545427971e-14       1.893236674942e-15       8.845968251597e-16 
  500       2.834825408840e-10       1.582659329800e-12      -9.547338189616e-12       0.000000000000e+00       9.588897960503e-14       1.826410637474e-15       8.721569581851e-16 
  501       2.848175961692e-10       1.559521188856e-12      -9.517533223536e-12       0.000000000000e+00       9.523799747557e-14       1.760976469900e-15       8.596995233415e-16 
  502       2.861474689245e-10       1.536610423077e-12      -9.483526074984e-12       0.000000000000e+00       9.459248205893e-14       1.696939306154e-15       8.472259986684e-16 
  503       2.874715887211e-10       1.513937991065e-12      -9.445367037505e-12       0.000000000000e+00       9.395240563907e-14       1.634304108118e-15       8.347378770861e-16 
  504       2.887893772717e-10       1.491514972736e-12      -9.403107762923e-12       0.000000000000e+00       9.331773860380e-14       1.573075664301e-15       8.222366664450e-16 
  505       2.901002483941e-10       1.469352569816e-12      -9.356801268951e-12       0.000000000000e+00       9.268844943236e-14       1.513258588509e-15       8.097238895750e-16 
  506       2.914036079742e-10       1.447462106336e-12      -9.306501946818e-12       0.000000000000e+00       9.206450468294e-14       1.454857318531e-15       7.972010843352e-16 
  507       2.926988539290e-10       1.425855029125e-12      -9.252265568881e-12       0.000000000000e+00       9.144586898021e-14       1.397876114807e-15       7.846698036634e-16 
  508       2.939853761700e-10       1.404542908312e-12      -9.194149296244e-12       0.000000000000e+00       9.083250500288e-14       1.342319059115e-15       7.721316156253e-16 
  509       2.952625565660e-10       1.383537437817e-12      -9.132211686379e-12       0.000000000000e+00       9.022437347124e-14       1.288190053240e-15       7.595881034641e-16 
  510       2.965297689068e-10       1.362850435845e-12      -9.066512700740e-12       0.000000000000e+00       8.962143313467e-14       1.235492817655e-15       7.470408656502e-16 
  511       2.977863788659e-10       1.342493845388e-12      -8.997113712385e-12       0.000000000000e+00       8.902364075921e-14       1.184230890200e-15       7.344915159302e-16 
  512       2.990317439637e-10       1.322479734715e-12      -8.924077513590e-12       0.000000000000e+00       8.843095111508e-14       1.134407624753e-15       7.219416833771e-16 
  513       3.002652135309e-10       1.302820297871e-12      -8.847468323472e-12       0.000000000000e+00       8.784331696424e-14       1.086026189915e-15       7.093930124389e-16 
  514       3.014861286714e-10       1.283527855169e-12      -8.767351795601e-12       0.000000000000e+00       8.726068904791e-14       1.039089567681e-15       6.968471629889e-16 
  515       3.026938222257e-10       1.264614853691e-12      -8.683795025624e-12       0.000000000000e+00       8.668301607412e-14       9.936005521208e-16       6.843058103746e-16 
  516       3.038876187337e-10       1.246093867778e-12      -8.596866558879e-12       0.000000000000e+00       8.611024470522e-14       9.495617480538e-16       6.717706454676e-16 
  517       3.050668343983e-10       1.227977599530e-12      -8.506636398016e-12       0.000000000000e+00       8.554231954550e-14       9.069755697285e-16       6.592433747127e-16 
  518       3.062307770481e-10       1.210278879300e-12      -8.413176010610e-12       0.000000000000e+00       8.497918312861e-14       8.658442394980e-16       6.467257201776e-16 
  519       3.073787461010e-10       1.193010666189e-12      -8.316558336788e-12       0.000000000000e+00       8.442077590521e-14       8.261697864984e-16       6.342194196025e-16 
  520       3.085100325270e-10       1.176186048543e-12      -8.216857796836e-12       0.000000000000e+00       8.386703623044e-14       7.879540453250e-16       6.217262264491e-16 
  521       3.096239188114e-10       1.159818244448e-12      -8.114150298828e-12       0.000000000000e+00       8.331790035150e-14       7.511986547102e-16       6.092479099508e-16 
  522       3.107196789183e-10       1.143920602225e-12      -8.008513246234e-12       0.000000000000e+00       8.277330239514e-14       7.159050562005e-16       5.967862551614e-16 
  523       3.117965782532e-10       1.128506600927e-12      -7.900025545547e-12       0.000000000000e+00       8.223317435526e-14       6.820744928336e-16       5.843430630053e-16 
  524       3.128538736266e-10       1.113589850834e-12      -7.788767613893e-12       0.000000000000e+00       8.169744608041e-14       6.497080078159e-16       5.719201503265e-16 
  525       3.138908132171e-10       1.099184093948e-12      -7.674821386657e-12       0.000000000000e+00       8.116604526134e-14       6.188064431993e-16       5.595193499381e-16 
  526       3.149066365343e-10       1.085303204491e-12      -7.558270325094e-12       0.000000000000e+00       8.063889741854e-14       5.893704385590e-16       5.471425106721e-16 
  527       3.159005743822e-10       1.071961189399e-12      -7.439199423952e-12       0.000000000000e+00       8.011592588977e-14       5.614004296702e-16       5.347914974287e-16 
  528       3.168718488221e-10       1.059172188814e-12      -7.317695219086e-12       0.000000000000e+00       7.959705181761e-14       5.348966471854e-16       5.224681912256e-16 
  529       3.178196731362e-10       1.046950476589e-12      -7.193845795082e-12       0.000000000000e+00       7.908219413700e-14       5.098591153119e-16       5.101744892477e-16 
  530       3.187432517902e-10       1.035310460775e-12      -7.067740792867e-12       0.000000000000e+00       7.857126956278e-14       4.862876504888e-16       4.979123048966e-16 
  531       3.196419009157e-10       1.024264871338e-12      -6.939467722260e-12       0.000000000000e+00       7.806420596415e-14       4.641790678159e-16       4.856834090776e-16 
  532       3.205154134606e-10       1.013819267693e-12      -6.809100773030e-12       0.000000000000e+00       7.756098291643e-14       4.435187188508e-16       4.734889491775e-16 
  533       3.213637039742e-10       1.003977381602e-12      -6.676711712180e-12       0.000000000000e+00       7.706159223624e-14       4.242887192597e-16       4.613299170003e-16 
  534       3.221866890085e-10       9.947429160675e-13      -6.542373557317e-12       0.000000000000e+00       7.656602468832e-14       4.064707175823e-16       4.492073063183e-16 
  535       3.229842871319e-10       9.861195450545e-13      -6.406160582698e-12       0.000000000000e+00       7.607426997876e-14       3.900458927232e-16       4.371221128548e-16 
  536       3.237564189443e-10       9.781109132185e-13      -6.268148325278e-12       0.000000000000e+00       7.558631674825e-14       3.749949514423e-16       4.250753342660e-16 
  537       3.245030070907e-10       9.707206356302e-13      -6.128413590762e-12       0.000000000000e+00       7.510215256528e-14       3.612981258465e-16       4.130679701227e-16 
  538       3.252239762761e-10       9.639522975011e-13      -5.987034459647e-12       0.000000000000e+00       7.462176391940e-14       3.489351708806e-16       4.011010218926e-16 
  539       3.259192532797e-10       9.578094539095e-13      -5.844090293279e-12       0.000000000000e+00       7.414513621439e-14       3.378853618183e-16       3.891754929226e-16 
  540       3.265887669692e-10       9.522956295258e-13      -5.699661739893e-12       0.000000000000e+00       7.367225376154e-14       3.281274917534e-16       3.772923884202e-16 
  541       3.272324483150e-10       9.474143183381e-13      -5.553830740668e-12       0.000000000000e+00       7.320309977286e-14       3.196398690909e-16       3.654527154362e-16 
  542       3.278502304049e-10       9.431689833782e-13      -5.406680535769e-12       0.000000000000e+00       7.273765635427e-14       3.124003150380e-16       3.536574828462e-16 
  543       3.284420484582e-10       9.395630564468e-13      -5.258295670403e-12       0.000000000000e+00       7.227590449890e-14       3.063861610955e-16       3.419077013331e-16 
  544       3.290078398400e-10       9.365999378393e-13      -5.108762000862e-12       0.000000000000e+00       7.181782408024e-14       3.015742465482e-16       3.302043833687e-16 
  545       3.295475440759e-10       9.342829960713e-13      -4.958166700571e-12       0.000000000000e+00       7.136339384540e-14       2.979409159570e-16       3.185485431962e-16 
  546       3.300611028659e-10       9.326155676043e-13      -4.806598266142e-12       0.000000000000e+00       7.091259140836e-14       2.954620166490e-16       3.069411968118e-16 
  547       3.305484600991e-10       9.316009565716e-13      -4.654146523416e-12       0.000000000000e+00       7.046539324315e-14       2.941128962093e-16       2.953833619470e-16 
  548       3.310095618677e-10       9.312424345032e-13      -4.500902633514e-12       0.000000000000e+00       7.002177467708e-14       2.938683999718e-16       2.838760580506e-16 
  549       3.314443564818e-10       9.315432400523e-13      -4.346959098889e-12       0.000000000000e+00       6.958170988403e-14       2.947028685102e-16       2.724203062707e-16 
  550       3.318527944835e-10       9.325065787202e-13      -4.192409769367e-12       0.000000000000e+00       6.914517187759e-14       2.965901351294e-16       2.610171294369e-16 
  551       3.322348286610e-10       9.341356225822e-13      -4.037349848202e-12       0.000000000000e+00       6.871213250434e-14       2.995035233563e-16       2.496675520419e-16 
  552       3.325904140634e-10       9.364335100133e-13      -3.881875898121e-12       0.000000000000e+00       6.828256243704e-14       3.034158444311e-16       2.383726002241e-16 
  553       3.329195080149e-10       9.394033454138e-13      -3.726085847374e-12       0.000000000000e+00       6.785643116791e-14       3.082993947983e-16       2.271333017493e-16 
  554       3.332220701291e-10       9.430481989347e-13      -3.570078995781e-12       0.000000000000e+00       6.743370700180e-14       3.141259535978e-16       2.159506859928e-16 
  555       3.334980623232e-10       9.473711062034e-13      -3.413956020782e-12       0.000000000000e+00       6.701435704943e-14       3.208667801559e-16       2.048257839214e-16 
  556       3.337474488326e-10       9.523750680496e-13      -3.257818983485e-12       0.000000000000e+00       6.659834722066e-14       3.284926114767e-16       1.937596280756e-16 
  557       3.339701962252e-10       9.580630502306e-13      -3.101771334712e-12       0.000000000000e+00       6.618564221764e-14       3.369736597329e-16       1.827532525515e-16 
  558       3.341662734158e-10       9.644379831569e-13      -2.945917921053e-12       0.000000000000e+00       6.577620552809e-14       3.462796097570e-16       1.718076929829e-16 
  559       3.343356516800e-10       9.715027616182e-13      -2.790364990907e-12       0.000000000000e+00       6.536999941853e-14       3.563796165322e-16       1.609239865232e-16 
  560       3.344783046692e-10       9.792602445086e-13      -2.635220200538e-12       0.000000000000e+00       6.496698492746e-14       3.672423026841e-16       1.501031718278e-16 
  561       3.345942084247e-10       9.877132545522e-13      -2.480592620117e-12       0.000000000000e+00       6.456712185863e-14       3.788357559710e-16       1.393462890356e-16 
  562       3.346833413918e-10       9.968645780292e-13      -2.326592739776e-12       0.000000000000e+00       6.417036877425e-14       3.911275267754e-16       1.286543797515e-16 
  563       3.347456844345e-10       1.006716964501e-12      -2.173332475651e-12       0.000000000000e+00       6.377668298821e-14       4.040846255954e-16       1.180284870284e-16 
  564       3.347812208495e-10       1.017273126536e-12      -2.020925175935e-12       0.000000000000e+00       6.338602055931e-14       4.176735205351e-16       1.074696553488e-16 
  565       3.347899363811e-10       1.028535739436e-12      -1.869485626924e-12       0.000000000000e+00       6.299833628449e-14       4.318601347961e-16       9.697893060743e-17 
  566       3.347718192350e-10       1.040507440959e-12      -1.719130059066e-12       0.000000000000e+00       6.261358369207e-14       4.466098441687e-16       8.655736009287e-17 
  567       3.347268600927e-10       1.053190831049e-12      -1.569976153008e-12       0.000000000000e+00       6.223171503493e-14       4.618874745229e-16       7.620599246979e-17 
  568       3.346550521263e-10       1.066588471559e-12      -1.422143045649e-12       0.000000000000e+00       6.185268128379e-14       4.776572992992e-16       6.592587776092e-17 
  569       3.345563910123e-10       1.080702885977e-12      -1.275751336184e-12       0.000000000000e+00       6.147643212040e-14       4.938830370000e-16       5.571806732911e-17 
  570       3.344308749465e-10       1.095536559152e-12      -1.130923092151e-12       0.000000000000e+00       6.110291593077e-14       5.105278486808e-16       4.558361385935e-17 
  571       3.342785559977e-10       1.111090586737e-12      -9.877700631204e-13       0.000000000000e+00       6.073208780218e-14       5.275600466907e-16       3.552341920232e-17 
  572       3.340996955808e-10       1.127360586248e-12      -8.463579792057e-13       0.000000000000e+00       6.036393375192e-14       5.449703859476e-16       2.553777367775e-17 
  573       3.338946129775e-10       1.144340681181e-12      -7.067413540027e-13       0.000000000000e+00       5.999844710304e-14       5.627552086860e-16       1.562680498654e-17 
  574       3.336636343879e-10       1.162024841095e-12      -5.689751962789e-13       0.000000000000e+00       5.963562053272e-14       5.809107727003e-16       5.790629212371e-18 
  575       3.334070929641e-10       1.180406880837e-12      -4.331150116890e-13       0.000000000000e+00       5.927544606841e-14       5.994332509345e-16      -3.970649252060e-18 
  576       3.331253288430e-10       1.199480459775e-12      -2.992168044911e-13       0.000000000000e+00       5.891791508399e-14       6.183187310717e-16      -1.365693777896e-17 
  577       3.328186891799e-10       1.219239081023e-12      -1.673370792624e-13       0.000000000000e+00       5.856301829596e-14       6.375632151233e-16      -2.326815557928e-17 
  578       3.324875281815e-10       1.239676090675e-12      -3.753284261475e-14       0.000000000000e+00       5.821074575959e-14       6.571626190186e-16      -3.280423377657e-17 
  579       3.321322071392e-10       1.260784677033e-12       9.013839508913e-14       0.000000000000e+00       5.786108686510e-14       6.771127721943e-16      -4.226511548082e-17 
  580       3.317530944623e-10       1.282557869834e-12       2.156186180201e-13       0.000000000000e+00       5.751403033380e-14       6.974094171838e-16      -5.165075586236e-17 
  581       3.313505657110e-10       1.304988539483e-12       3.388493031666e-13       0.000000000000e+00       5.716956421429e-14       7.180482092071e-16      -6.096112222568e-17 
  582       3.309250036300e-10       1.328069396281e-12       4.597714186191e-13       0.000000000000e+00       5.682767587861e-14       7.390247157594e-16      -7.019619408328e-17 
  583       3.304767981815e-10       1.351792989654e-12       5.783254218539e-13       0.000000000000e+00       5.648835201840e-14       7.603344162016e-16      -7.935596322958e-17 
  584       3.300063465782e-10       1.376151707385e-12       6.944512580177e-13       0.000000000000e+00       5.615157864107e-14       7.819727013488e-16      -8.844043381472e-17 
  585       3.295140533171e-10       1.401137774840e-12       8.080883582115e-13       0.000000000000e+00       5.581734106599e-14       8.039348730605e-16      -9.744962241844e-17 
  586       3.290003302120e-10       1.426743254200e-12       9.191756377751e-13       0.000000000000e+00       5.548562392063e-14       8.262161438295e-16      -1.063835581239e-16 
  587       3.284655964273e-10       1.452960043689e-12       1.027651494571e-12       0.000000000000e+00       5.515641113672e-14       8.488116363719e-16      -1.152422825918e-16 
  588       3.279102785108e-10       1.479779876804e-12       1.133453807268e-12       0.000000000000e+00       5.482968594644e-14       8.717163832160e-16      -1.240258501336e-16 
  589       3.273348104272e-10       1.507194321547e-12       1.236519933627e-12       0.000000000000e+00       5.450543087860e-14       8.949253262921e-16      -1.327343277861e-16 
  590       3.267396335913e-10       1.535194779649e-12       1.336786708783e-12       0.000000000000e+00       5.418362775474e-14       9.184333165219e-16      -1.413677953849e-16 
  591       3.261251969008e-10       1.563772485805e-12       1.434190443533e-12       0.000000000000e+00       5.386425768538e-14       9.422351134078e-16      -1.499263456384e-16 
  592       3.254919567701e-10       1.592918506901e-12       1.528666922615e-12       0.000000000000e+00       5.354730106612e-14       9.663253846228e-16      -1.584100842015e-16 
  593       3.248403771631e-10       1.622623741244e-12       1.620151402995e-12       0.000000000000e+00       5.323273757384e-14       9.906987055993e-16      -1.668191297496e-16 
  594       3.241709296267e-10       1.652878917789e-12       1.708578612154e-12       0.000000000000e+00       5.292054616289e-14       1.015349559119e-15      -1.751536140525e-16 
  595       3.234840933235e-10       1.683674595374e-12       1.793882746365e-12       0.000000000000e+00       5.261070506118e-14       1.040272334902e-15      -1.834136820479e-16 
  596       3.227803550659e-10       1.715001161944e-12       1.875997468985e-12       0.000000000000e+00       5.230319176642e-14       1.065461329198e-15      -1.915994919160e-16 
  597       3.220602093483e-10       1.746848833785e-12       1.954855908733e-12       0.000000000000e+00       5.199798304226e-14       1.090910744371e-15      -1.997112151524e-16 
  598       3.213241583811e-10       1.779207654750e-12       2.030390657978e-12       0.000000000000e+00       5.169505491445e-14       1.116614688496e-15      -2.077490366427e-16 
  599       3.205727121235e-10       1.812067495489e-12       2.102533771023e-12       0.000000000000e+00       5.139438266701e-14       1.142567174942e-15      -2.157131547361e-16 
  600       3.198063883168e-10       1.845418052681e-12       2.171216762387e-12       0.000000000000e+00       5.109594083842e-14       1.168762121964e-15      -2.236037813192e-16 
  601       3.190257125177e-10       1.879248848262e-12       2.236370605089e-12       0.000000000000e+00       5.079970321775e-14       1.195193352293e-15      -2.314211418899e-16 
  602       3.182312181314e-10       1.913549228653e-12       2.297925728935e-12       0.000000000000e+00       5.050564284083e-14       1.221854592726e-15      -2.391654756313e-16 
  603       3.174234464448e-10       1.948308363992e-12       2.355812018802e-12       0.000000000000e+00       5.021373198647e-14       1.248739473711e-15      -2.468370354855e-16 
  604       3.166029466600e-10       1.983515247362e-12       2.409958812917e-12       0.000000000000e+00       4.992394217254e-14       1.275841528943e-15      -2.544360882277e-16 
  605       3.157702759270e-10       2.019158694021e-12       2.460294901150e-12       0.000000000000e+00       4.963624415222e-14       1.303154194949e-15      -2.619629145394e-16 
  606       3.149259993774e-10       2.055227340632e-12       2.506748523289e-12       0.000000000000e+00       4.935060791010e-14       1.330670810678e-15      -2.694178090832e-16 
  607       3.140706901573e-10       2.091709644491e-12       2.549247367330e-12       0.000000000000e+00       4.906700265841e-14       1.358384617093e-15      -2.768010805758e-16 
  608       3.132049294607e-10       2.128593882758e-12       2.587718567761e-12       0.000000000000e+00       4.878539683312e-14       1.386288756757e-15      -2.841130518624e-16 
  609       3.123293065625e-10       2.165868151688e-12       2.622088703842e-12       0.000000000000e+00       4.850575809016e-14       1.414376273424e-15      -2.913540599902e-16 
  610       3.114444188521e-10       2.203520365854e-12       2.652283797894e-12       0.000000000000e+00       4.822805330156e-14       1.442640111629e-15      -2.985244562827e-16 
  611       3.105508441109e-10       2.241538306169e-12       2.678242044645e-12       0.000000000000e+00       4.795225350367e-14       1.471073291621e-15      -3.056244769594e-16 
  612       3.096490565545e-10       2.279909766743e-12       2.699952336089e-12       0.000000000000e+00       4.767834887918e-14       1.499669439579e-15      -3.126538514597e-16 
  613       3.087395088542e-10       2.318622410000e-12       2.717416651839e-12       0.000000000000e+00       4.740633412478e-14       1.528422269227e-15      -3.196121849256e-16 
  614       3.078226597358e-10       2.357663717459e-12       2.730637413572e-12       0.000000000000e+00       4.713620352916e-14       1.557325407280e-15      -3.264990868428e-16 
  615       3.068989740034e-10       2.397020988981e-12       2.739617487398e-12       0.000000000000e+00       4.686795097084e-14       1.586372393092e-15      -3.333141710727e-16 
  616       3.059689225641e-10       2.436681342010e-12       2.744360186232e-12       0.000000000000e+00       4.660156991583e-14       1.615556678300e-15      -3.400570558849e-16 
  617       3.050329824519e-10       2.476631710823e-12       2.744869272165e-12       0.000000000000e+00       4.633705341547e-14       1.644871626472e-15      -3.467273639892e-16 
  618       3.040916368524e-10       2.516858845770e-12       2.741148958828e-12       0.000000000000e+00       4.607439410414e-14       1.674310512748e-15      -3.533247225682e-16 
  619       3.031453751268e-10       2.557349312524e-12       2.733203913768e-12       0.000000000000e+00       4.581358419704e-14       1.703866523492e-15      -3.598487633096e-16 
  620       3.021946928363e-10       2.598089491323e-12       2.721039260813e-12       0.000000000000e+00       4.555461548793e-14       1.733532755931e-15      -3.662991224384e-16 
  621       3.012400917666e-10       2.639065576217e-12       2.704660582446e-12       0.000000000000e+00       4.529747934687e-14       1.763302217808e-15      -3.726754407492e-16 
  622       3.002820799519e-10       2.680263574310e-12       2.684073922170e-12       0.000000000000e+00       4.504216671802e-14       1.793167827020e-15      -3.789773636387e-16 
  623       2.993211716994e-10       2.721669305011e-12       2.659285786884e-12       0.000000000000e+00       4.478866811737e-14       1.823122411272e-15      -3.852045411378e-16 
  624       2.983578876136e-10       2.763268399274e-12       2.630303149246e-12       0.000000000000e+00       4.453697363048e-14       1.853158707714e-15      -3.913566279439e-16 
  625       2.973927546205e-10       2.805046298843e-12       2.597133450048e-12       0.000000000000e+00       4.428707291026e-14       1.883269362594e-15      -3.974332834534e-16 
  626       2.964263059919e-10       2.846988255503e-12       2.559784600581e-12       0.000000000000e+00       4.403895517474e-14       1.913446930900e-15      -4.034341717941e-16 
  627       2.954590813698e-10       2.889079330317e-12       2.518264985011e-12       0.000000000000e+00       4.379260920477e-14       1.943683876007e-15      -4.093589618570e-16 
  628       2.944916267908e-10       2.931304392879e-12       2.472583462742e-12       0.000000000000e+00       4.354802334183e-14       1.973972569321e-15      -4.152073273293e-16 
  629       2.935244947102e-10       2.973648120553e-12       2.422749370791e-12       0.000000000000e+00       4.330518548578e-14       2.004305289928e-15      -4.209789467261e-16 
  630       2.925582440262e-10       3.016094997722e-12       2.368772526154e-12       0.000000000000e+00       4.306408309256e-14       2.034674224235e-15      -4.266735034230e-16 
  631       2.915934401047e-10       3.058629315031e-12       2.310663228180e-12       0.000000000000e+00       4.282470317203e-14       2.065071465621e-15      -4.322906856887e-16 
  632       2.906306548032e-10       3.101235168634e-12       2.248432260935e-12       0.000000000000e+00       4.258703228566e-14       2.095489014080e-15      -4.378301867166e-16 
  633       2.896704664949e-10       3.143896459437e-12       2.182090895577e-12       0.000000000000e+00       4.235105654432e-14       2.125918775865e-15      -4.432917046577e-16 
  634       2.887134600938e-10       3.186596892346e-12       2.111650892724e-12       0.000000000000e+00       4.211676160602e-14       2.156352563138e-15      -4.486749426528e-16 
  635       2.877602270781e-10       3.229319975510e-12       2.037124504822e-12       0.000000000000e+00       4.188413267367e-14       2.186782093611e-15      -4.539796088648e-16 
  636       2.868113655152e-10       3.272049019565e-12       1.958524478518e-12       0.000000000000e+00       4.165315449285e-14       2.217198990196e-15      -4.592054165106e-16 
  637       2.858674800856e-10       3.314767136883e-12       1.875864057026e-12       0.000000000000e+00       4.142381134952e-14       2.247594780648e-15      -4.643520838942e-16 
  638       2.849291821072e-10       3.357457240814e-12       1.789156982500e-12       0.000000000000e+00       4.119608706784e-14       2.277960897213e-15      -4.694193344384e-16 
  639       2.839970895599e-10       3.400102044933e-12       1.698417498403e-12       0.000000000000e+00       4.096996500788e-14       2.308288676269e-15      -4.744068967173e-16 
  640       2.830718271098e-10       3.442684062284e-12       1.603660351875e-12       0.000000000000e+00       4.074542806340e-14       2.338569357978e-15      -4.793145044886e-16 
  641       2.821540261333e-10       3.485185604625e-12       1.504900796106e-12       0.000000000000e+00       4.052245865959e-14       2.368794085928e-15      -4.841418967261e-16 
  642       2.812443247415e-10       3.527588781674e-12       1.402154592700e-12       0.000000000000e+00       4.030103875082e-14       2.398953906779e-15      -4.888888176516e-16 
  643       2.803433678047e-10       3.569875500355e-12       1.295438014053e-12       0.000000000000e+00       4.008114981843e-14       2.429039769909e-15      -4.935550167677e-16 
  644       2.794518069765e-10       3.612027464041e-12       1.184767845716e-12       0.000000000000e+00       3.986277286843e-14       2.459042527062e-15      -4.981402488896e-16 
  645       2.785703007181e-10       3.654026171800e-12       1.070161388767e-12       0.000000000000e+00       3.964588842933e-14       2.488952931988e-15      -5.026442741780e-16 
  646       2.776995143229e-10       3.695852917641e-12       9.516364621811e-13       0.000000000000e+00       3.943047654983e-14       2.518761640095e-15      -5.070668581708e-16 
  647       2.768401199402e-10       3.737488789758e-12       8.292114052007e-13       0.000000000000e+00       3.921651679659e-14       2.548459208092e-15      -5.114077718160e-16 
  648       2.759927966003e-10       3.778914669778e-12       7.029050797036e-13       0.000000000000e+00       3.900398825203e-14       2.578036093634e-15      -5.156667915035e-16 
  649       2.751582302380e-10       3.820111232000e-12       5.727368725743e-13       0.000000000000e+00       3.879286951201e-14       2.607482654969e-15      -5.198436990977e-16 
  650       2.743371137175e-10       3.861058942646e-12       4.387266980728e-13       0.000000000000e+00       3.858313868367e-14       2.636789150584e-15      -5.239382819698e-16 
  651       2.735300720248e-10       3.901739597889e-12       3.009011470580e-13       0.000000000000e+00       3.837477655906e-14       2.665947345771e-15      -5.279503655986e-16 
  652       2.727374359570e-10       3.942140977259e-12       1.593120809914e-13       0.000000000000e+00       3.816777621887e-14       2.694955372549e-15      -5.318799121088e-16 
  653       2.719594634146e-10       3.982252292925e-12       1.401845891016e-14       0.000000000000e+00       3.796213363930e-14       2.723812977844e-15      -5.357269240026e-16 
  654       2.711964137769e-10       4.022062660028e-12      -1.349197676365e-13       0.000000000000e+00       3.775784453425e-14       2.752519926528e-15      -5.394914118325e-16 
  655       2.704485479061e-10       4.061561096356e-12      -2.874416504796e-13       0.000000000000e+00       3.755490435394e-14       2.781076001509e-15      -5.431733942428e-16 
  656       2.697161281496e-10       4.100736522027e-12      -4.434852407232e-13       0.000000000000e+00       3.735330828362e-14       2.809481003837e-15      -5.467728980112e-16 
  657       2.689994183434e-10       4.139577759170e-12      -6.029875846363e-13       0.000000000000e+00       3.715305124215e-14       2.837734752802e-15      -5.502899580900e-16 
  658       2.682986838158e-10       4.178073531605e-12      -7.658847195458e-13       0.000000000000e+00       3.695412788074e-14       2.865837086035e-15      -5.537246176482e-16 
  659       2.676141913896e-10       4.216212464521e-12      -9.321116697284e-13       0.000000000000e+00       3.675653258152e-14       2.893787859605e-15      -5.570769281123e-16 
  660       2.669462093860e-10       4.253983084158e-12      -1.101602442303e-12       0.000000000000e+00       3.656025945624e-14       2.921586948124e-15      -5.603469492085e-16 
  661       2.662950076274e-10       4.291373817488e-12      -1.274290023125e-12       0.000000000000e+00       3.636530234494e-14       2.949234244843e-15      -5.635347490038e-16 
  662       2.656608574407e-10       4.328372991891e-12      -1.450106372675e-12       0.000000000000e+00       3.617165481455e-14       2.976729661752e-15      -5.666404039475e-16 
  663       2.650440316603e-10       4.364968834843e-12      -1.628982421954e-12       0.000000000000e+00       3.597931015758e-14       3.004073129684e-15      -5.696639989130e-16 
  664       2.644448046315e-10       4.401149473588e-12      -1.810848068375e-12       0.000000000000e+00       3.578826139078e-14       3.031264598412e-15      -5.726056272393e-16 
  665       2.638634522131e-10       4.436902934822e-12      -1.995632171658e-12       0.000000000000e+00       3.559850125376e-14       3.058304036747e-15      -5.754653907722e-16 
  666       2.633002517815e-10       4.472217144375e-12      -2.183262549715e-12       0.000000000000e+00       3.541002220767e-14       3.085191432644e-15      -5.782433999061e-16 
  667       2.627554822327e-10       4.507079926887e-12      -2.373665974553e-12       0.000000000000e+00       3.522281643386e-14       3.111926793296e-15      -5.809397736254e-16 
  668       2.622294239865e-10       4.541479005492e-12      -2.566768168156e-12       0.000000000000e+00       3.503687583251e-14       3.138510145238e-15      -5.835546395462e-16 
  669       2.617223589889e-10       4.575402001495e-12      -2.762493798386e-12       0.000000000000e+00       3.485219202128e-14       3.164941534444e-15      -5.860881339575e-16 
  670       2.612345707156e-10       4.608836434055e-12      -2.960766474868e-12       0.000000000000e+00       3.466875633402e-14       3.191221026430e-15      -5.885404018631e-16 
  671       2.607663441751e-10       4.641769719864e-12      -3.161508744891e-12       0.000000000000e+00       3.448655981934e-14       3.217348706353e-15      -5.909115970227e-16 
  672       2.603179659118e-10       4.674189172827e-12      -3.364642089290e-12       0.000000000000e+00       3.430559323933e-14       3.243324679109e-15      -5.932018819940e-16 
  673       2.598897240092e-10       4.706082003741e-12      -3.570086918347e-12       0.000000000000e+00       3.412584706817e-14       3.269149069436e-15      -5.954114281735e-16 
  674       2.594819080931e-10       4.737435319979e-12      -3.777762567681e-12       0.000000000000e+00       3.394731149083e-14       3.294822022014e-15      -5.975404158386e-16 
  675       2.590948093344e-10       4.768236125166e-12      -3.987587294137e-12       0.000000000000e+00       3.376997640168e-14       3.320343701560e-15      -5.995890341890e-16 
  676       2.587287204529e-10       4.798471318862e-12      -4.199478271685e-12       0.000000000000e+00       3.359383140315e-14       3.345714292935e-15      -6.015574813878e-16 
  677       2.583839357198e-10       4.828127696241e-12      -4.413351587304e-12       0.000000000000e+00       3.341886580442e-14       3.370934001240e-15      -6.034459646038e-16 
  678       2.580607509612e-10       4.857191947772e-12      -4.629122236882e-12       0.000000000000e+00       3.324506862002e-14       3.396003051918e-15      -6.052547000522e-16 
  679       2.577594635612e-10       4.885650658897e-12      -4.846704121106e-12       0.000000000000e+00       3.307242856854e-14       3.420921690850e-15      -6.069839130368e-16 
  680       2.574803724650e-10       4.913490309715e-12      -5.066010041351e-12       0.000000000000e+00       3.290093407124e-14       3.445690184460e-15      -6.086338379910e-16 
  681       2.572237781820e-10       4.940697274659e-12      -5.286951695578e-12       0.000000000000e+00       3.273057325071e-14       3.470308819814e-15      -6.102047185196e-16 
  682       2.569899827892e-10       4.967257822177e-12      -5.509439674222e-12       0.000000000000e+00       3.256133392955e-14       3.494777904717e-15      -6.116968074404e-16 
  683       2.567792899339e-10       4.993158114413e-12      -5.733383456086e-12       0.000000000000e+00       3.239320362900e-14       3.519097767816e-15      -6.131103668255e-16 
  684       2.565920048375e-10       5.018384206887e-12      -5.958691404236e-12       0.000000000000e+00       3.222616956760e-14       3.543268758699e-15      -6.144456680428e-16 
  685       2.564284342978e-10       5.042922048175e-12      -6.185270761888e-12       0.000000000000e+00       3.206021865984e-14       3.567291247995e-15      -6.157029917979e-16 
  686       2.562888866929e-10       5.066757479587e-12      -6.413027648305e-12       0.000000000000e+00       3.189533751481e-14       3.591165627474e-15      -6.168826281750e-16 
  687       2.561736719841e-10       5.089876234853e-12      -6.641867054686e-12       0.000000000000e+00       3.173151243489e-14       3.614892310147e-15      -6.179848766791e-16 
  688       2.560831017188e-10       5.112263939797e-12      -6.871692840063e-12       0.000000000000e+00       3.156872941435e-14       3.638471730367e-15      -6.190100462769e-16 
  689       2.560174890341e-10       5.133906112021e-12      -7.102407727188e-12       0.000000000000e+00       3.140697413803e-14       3.661904343928e-15      -6.199584554390e-16 
  690       2.559771486596e-10       5.154788160582e-12      -7.333913298430e-12       0.000000000000e+00       3.124623197999e-14       3.685190628165e-15      -6.208304321807e-16 
  691       2.559623269076e-10       5.174897538859e-12      -7.566113921498e-12       0.000000000000e+00       3.108649004611e-14       3.708330260872e-15      -6.216263113540e-16 
  692       2.559729900165e-10       5.194230253638e-12      -7.798928625835e-12       0.000000000000e+00       3.092774335177e-14       3.731319637835e-15      -6.223464263753e-16 
  693       2.560090313476e-10       5.212784492732e-12      -8.032279468688e-12       0.000000000000e+00       3.076998877187e-14       3.754154303118e-15      -6.229911174051e-16 
  694       2.560703409796e-10       5.230558484460e-12      -8.266087624856e-12       0.000000000000e+00       3.061322300782e-14       3.776829765394e-15      -6.235607341231e-16 
  695       2.561568056937e-10       5.247550497865e-12      -8.500273383563e-12       0.000000000000e+00       3.045744258675e-14       3.799341497840e-15      -6.240556357691e-16 
  696       2.562683089597e-10       5.263758842936e-12      -8.734756145343e-12       0.000000000000e+00       3.030264386063e-14       3.821684938030e-15      -6.244761911835e-16 
  697       2.564047309211e-10       5.279181870827e-12      -8.969454418913e-12       0.000000000000e+00       3.014882300549e-14       3.843855487830e-15      -6.248227788484e-16 
  698       2.565659483811e-10       5.293817974078e-12      -9.204285818056e-12       0.000000000000e+00       2.999597602056e-14       3.865848513293e-15      -6.250957869282e-16 
  699       2.567518347880e-10       5.307665586839e-12      -9.439167058497e-12       0.000000000000e+00       2.984409872743e-14       3.887659344549e-15      -6.252956133110e-16 
  700       2.569622602205e-10       5.320723185083e-12      -9.674013954781e-12       0.000000000000e+00       2.969318676922e-14       3.909283275703e-15      -6.254226656485e-16 
  701       2.571970913738e-10       5.332989286835e-12      -9.908741417155e-12       0.000000000000e+00       2.954323560976e-14       3.930715564728e-15      -6.254773613977e-16 
  702       2.574561915448e-10       5.344462452388e-12      -1.014326344844e-11       0.000000000000e+00       2.939424053275e-14       3.951951433356e-15      -6.254601278613e-16 
  703       2.577394206179e-10       5.355141284522e-12      -1.037749314093e-11       0.000000000000e+00       2.924619664092e-14       3.972986066978e-15      -6.253714022287e-16 
  704       2.580466350504e-10       5.365024428728e-12      -1.061134267323e-11       0.000000000000e+00       2.909909885519e-14       3.993814614530e-15      -6.252116316164e-16 
  705       2.583776878583e-10       5.374110573430e-12      -1.084472330718e-11       0.000000000000e+00       2.895294191387e-14       4.014432188395e-15      -6.249812731096e-16 
  706       2.587324286014e-10       5.382398450199e-12      -1.107754538470e-11       0.000000000000e+00       2.880772037179e-14       4.034833864292e-15      -6.246807938024e-16 
  707       2.591107033696e-10       5.389886833980e-12      -1.130971832470e-11       0.000000000000e+00       2.866342859949e-14       4.055014681169e-15      -6.243106708388e-16 
  708       2.595123547679e-10       5.396574543309e-12      -1.154115061991e-11       0.000000000000e+00       2.852006078236e-14       4.074969641103e-15      -6.238713914537e-16 
  709       2.599372219022e-10       5.402460440535e-12      -1.177174983381e-11       0.000000000000e+00       2.837761091984e-14       4.094693709186e-15      -6.233634530135e-16 
  710       2.603851403649e-10       5.407543432040e-12      -1.200142259750e-11       0.000000000000e+00       2.823607282457e-14       4.114181813427e-15      -6.227873630571e-16 
  711       2.608559422204e-10       5.411822468461e-12      -1.223007460654e-11       0.000000000000e+00       2.809544012155e-14       4.133428844640e-15      -6.221436393366e-16 
  712       2.613494559907e-10       5.415296544907e-12      -1.245761061787e-11       0.000000000000e+00       2.795570624732e-14       4.152429656338e-15      -6.214328098583e-16 
  713       2.618655066410e-10       5.417964701184e-12      -1.268393444666e-11       0.000000000000e+00       2.781686444912e-14       4.171179064632e-15      -6.206554129233e-16 
  714       2.624039155653e-10       5.419826022012e-12      -1.290894896322e-11       0.000000000000e+00       2.767890778406e-14       4.189671848121e-15      -6.198119971685e-16 
  715       2.629645005719e-10       5.420879637249e-12      -1.313255608985e-11       0.000000000000e+00       2.754182911827e-14       4.207902747785e-15      -6.189031216074e-16 
  716       2.635470758691e-10       5.421124722107e-12      -1.335465679774e-11       0.000000000000e+00       2.740562112609e-14       4.225866466883e-15      -6.179293556710e-16 
  717       2.641514520506e-10       5.420560497377e-12      -1.357515110382e-11       0.000000000000e+00       2.727027628923e-14       4.243557670844e-15      -6.168912792484e-16 
  718       2.647774360814e-10       5.419186229647e-12      -1.379393806767e-11       0.000000000000e+00       2.713578689594e-14       4.260970987161e-15      -6.157894827278e-16 
  719       2.654248312828e-10       5.417001231524e-12      -1.401091578838e-11       0.000000000000e+00       2.700214504014e-14       4.278101005287e-15      -6.146245670376e-16 
  720       2.660934373188e-10       5.414004861852e-12      -1.422598140144e-11       0.000000000000e+00       2.686934262066e-14       4.294942276524e-15      -6.133971436865e-16 
  721       2.667830501808e-10       5.410196525937e-12      -1.443903107562e-11       0.000000000000e+00       2.673737134034e-14       4.311489313926e-15      -6.121078348051e-16 
  722       2.674934621738e-10       5.405575675764e-12      -1.464996000981e-11       0.000000000000e+00       2.660622270521e-14       4.327736592182e-15      -6.107572731863e-16 
  723       2.682244619019e-10       5.400141810217e-12      -1.485866242996e-11       0.000000000000e+00       2.647588802368e-14       4.343678547519e-15      -6.093461023262e-16 
  724       2.689758342536e-10       5.393894475302e-12      -1.506503158592e-11       0.000000000000e+00       2.634635840570e-14       4.359309577591e-15      -6.078749764651e-16 
  725       2.697473603875e-10       5.386833264369e-12      -1.526895974832e-11       0.000000000000e+00       2.621762476190e-14       4.374624041374e-15      -6.063445606280e-16 
  726       2.705388177180e-10       5.378957818326e-12      -1.547033820547e-11       0.000000000000e+00       2.608967780281e-14       4.389616259061e-15      -6.047555306658e-16 
  727       2.713499799008e-10       5.370267825868e-12      -1.566905726021e-11       0.000000000000e+00       2.596250803795e-14       4.404280511955e-15      -6.031085732960e-16 
  728       2.721806168185e-10       5.360763023689e-12      -1.586500622681e-11       0.000000000000e+00       2.583610577508e-14       4.418611042362e-15      -6.014043861434e-16 
  729       2.730304945661e-10       5.350443196712e-12      -1.605807342785e-11       0.000000000000e+00       2.571046111929e-14       4.432602053489e-15      -5.996436777810e-16 
  730       2.738993754367e-10       5.339308178300e-12      -1.624814619107e-11       0.000000000000e+00       2.558556397223e-14       4.446247709332e-15      -5.978271677709e-16 
  731       2.747869942902e-10       5.327359310246e-12      -1.643512216645e-11       0.000000000000e+00       2.546140540786e-14       4.459543545584e-15      -5.959555382074e-16 
  732       2.756929871729e-10       5.314603854234e-12      -1.661894353135e-11       0.000000000000e+00       2.533798183154e-14       4.472490733449e-15      -5.940292872035e-16 
  733       2.766169612449e-10       5.301050668828e-12      -1.679956346161e-11       0.000000000000e+00       2.521529090230e-14       4.485091900685e-15      -5.920488725620e-16 
  734       2.775585182488e-10       5.286708758233e-12      -1.697693487268e-11       0.000000000000e+00       2.509333016319e-14       4.497349728514e-15      -5.900147600383e-16 
  735       2.785172544894e-10       5.271587272837e-12      -1.715101041895e-11       0.000000000000e+00       2.497209704074e-14       4.509266951832e-15      -5.879274233704e-16 
  736       2.794927608147e-10       5.255695509765e-12      -1.732174249325e-11       0.000000000000e+00       2.485158884447e-14       4.520846359419e-15      -5.857873443089e-16 
  737       2.804846225952e-10       5.239042913421e-12      -1.748908322622e-11       0.000000000000e+00       2.473180276636e-14       4.532090794146e-15      -5.835950126467e-16 
  738       2.814924197051e-10       5.221639076041e-12      -1.765298448574e-11       0.000000000000e+00       2.461273588031e-14       4.543003153192e-15      -5.813509262495e-16 
  739       2.825157265021e-10       5.203493738238e-12      -1.781339787635e-11       0.000000000000e+00       2.449438514159e-14       4.553586388248e-15      -5.790555910851e-16 
  740       2.835541118077e-10       5.184616789552e-12      -1.797027473866e-11       0.000000000000e+00       2.437674738640e-14       4.563843505731e-15      -5.767095212538e-16 
  741       2.846071388876e-10       5.165018268994e-12      -1.812356614877e-11       0.000000000000e+00       2.425981933126e-14       4.573777566993e-15      -5.743132390182e-16 
  742       2.856743654321e-10       5.144708365600e-12      -1.827322291770e-11       0.000000000000e+00       2.414359757251e-14       4.583391688532e-15      -5.718672748332e-16 
  743       2.867553435360e-10       5.123697418973e-12      -1.841919559079e-11       0.000000000000e+00       2.402807858582e-14       4.592689042204e-15      -5.693721673759e-16 
  744       2.878496196794e-10       5.101995919834e-12      -1.856143444711e-11       0.000000000000e+00       2.391325872562e-14       4.601672855428e-15      -5.668284635756e-16 
  745       2.889567347073e-10       5.079614510571e-12      -1.869988949892e-11       0.000000000000e+00       2.379913422460e-14       4.610346411403e-15      -5.642367186438e-16 
  746       2.900762238107e-10       5.056563985784e-12      -1.883451049102e-11       0.000000000000e+00       2.368570119316e-14       4.618713049314e-15      -5.615974961039e-16 
  747       2.912076165062e-10       5.032855292833e-12      -1.896524690025e-11       0.000000000000e+00       2.357295561894e-14       4.626776164545e-15      -5.589113678215e-16 
  748       2.923504366166e-10       5.008499532390e-12      -1.909204793482e-11       0.000000000000e+00       2.346089336623e-14       4.634539208886e-15      -5.561789140342e-16 
  749       2.935042022512e-10       4.983507958982e-12      -1.921486253380e-11       0.000000000000e+00       2.334951017548e-14       4.642005690748e-15      -5.534007233817e-16 
  750       2.946684257859e-10       4.957891981542e-12      -1.933363936649e-11       0.000000000000e+00       2.323880166278e-14       4.649179175368e-15      -5.505773929352e-16 
  751       2.958426138437e-10       4.931663163956e-12      -1.944832683186e-11       0.000000000000e+00       2.312876331932e-14       4.656063285026e-15      -5.477095282283e-16 
  752       2.970262672749e-10       4.904833225611e-12      -1.955887305797e-11       0.000000000000e+00       2.301939051086e-14       4.662661699248e-15      -5.447977432860e-16 
  753       2.982188811372e-10       4.877414041943e-12      -1.966522590137e-11       0.000000000000e+00       2.291067847724e-14       4.668978155022e-15      -5.418426606553e-16 
  754       2.994199446764e-10       4.849417644983e-12      -1.976733294652e-11       0.000000000000e+00       2.280262233180e-14       4.675016447007e-15      -5.388449114349e-16 
  755       3.006289413060e-10       4.820856223909e-12      -1.986514150524e-11       0.000000000000e+00       2.269521706092e-14       4.680780427742e-15      -5.358051353052e-16 
  756       3.018453485884e-10       4.791742125591e-12      -1.995859861606e-11       0.000000000000e+00       2.258845752344e-14       4.686274007857e-15      -5.327239805582e-16 
  757       3.030686382144e-10       4.762087855139e-12      -2.004765104371e-11       0.000000000000e+00       2.248233845016e-14       4.691501156283e-15      -5.296021041275e-16 
  758       3.042982759838e-10       4.731906076452e-12      -2.013224527851e-11       0.000000000000e+00       2.237685444331e-14       4.696465900465e-15      -5.264401716183e-16 
  759       3.055337217858e-10       4.701209612766e-12      -2.021232753575e-11       0.000000000000e+00       2.227199997605e-14       4.701172326569e-15      -5.232388573374e-16 
  760       3.067744295789e-10       4.670011447200e-12      -2.028784375518e-11       0.000000000000e+00       2.216776939190e-14       4.705624579694e-15      -5.199988443229e-16 
  761       3.080198473717e-10       4.638324723307e-12      -2.035873960035e-11       0.000000000000e+00       2.206415690424e-14       4.709826864083e-15      -5.167208243743e-16 
  762       3.092694172026e-10       4.606162745618e-12      -2.042496045809e-11       0.000000000000e+00       2.196115659580e-14       4.713783443330e-15      -5.134054980828e-16 
  763       3.105225751207e-10       4.573538980194e-12      -2.048645143790e-11       0.000000000000e+00       2.185876241810e-14       4.717498640596e-15      -5.100535748606e-16 
  764       3.117787511656e-10       4.540467055172e-12      -2.054315737135e-11       0.000000000000e+00       2.175696819096e-14       4.720976838815e-15      -5.066657729712e-16 
  765       3.130373693479e-10       4.506960761312e-12      -2.059502281155e-11       0.000000000000e+00       2.165576760195e-14       4.724222480905e-15      -5.032428195597e-16 
  766       3.142978476292e-10       4.473034052547e-12      -2.064199203250e-11       0.000000000000e+00       2.155515420588e-14       4.727240069980e-15      -4.997854506819e-16 
  767       3.155595979031e-10       4.438701046529e-12      -2.068400902857e-11       0.000000000000e+00       2.145512142428e-14       4.730034169559e-15      -4.962944113351e-16 
  768       3.168220259746e-10       4.403976025179e-12      -2.072101751386e-11       0.000000000000e+00       2.135566254484e-14       4.732609403778e-15      -4.927704554877e-16 
  769       3.180845315410e-10       4.368873435233e-12      -2.075296092167e-11       0.000000000000e+00       2.125677072094e-14       4.734970457598e-15      -4.892143461090e-16 
  770       3.193465081717e-10       4.333407888789e-12      -2.077978240388e-11       0.000000000000e+00       2.115843897108e-14       4.737122077016e-15      -4.856268551994e-16 
  771       3.206073763237e-10       4.297594011653e-12      -2.080143665711e-11       0.000000000000e+00       2.106066110133e-14       4.739067640845e-15      -4.820087106376e-16 
  772       3.218666831108e-10       4.261445984098e-12      -2.081792564771e-11       0.000000000000e+00       2.096343449286e-14       4.740804845972e-15      -4.783604355587e-16 
  773       3.231240043827e-10       4.224977992496e-12      -2.082926356158e-11       0.000000000000e+00       2.086675736611e-14       4.742329940872e-15      -4.746825059961e-16 
  774       3.243789118488e-10       4.188204381257e-12      -2.083546504057e-11       0.000000000000e+00       2.077062786228e-14       4.743639146565e-15      -4.709754038081e-16 
  775       3.256309730646e-10       4.151139653346e-12      -2.083654518416e-11       0.000000000000e+00       2.067504404298e-14       4.744728656537e-15      -4.672396166969e-16 
  776       3.268797514193e-10       4.113798470795e-12      -2.083251955139e-11       0.000000000000e+00       2.058000388991e-14       4.745594636667e-15      -4.634756382282e-16 
  777       3.281248061222e-10       4.076195655228e-12      -2.082340416254e-11       0.000000000000e+00       2.048550530453e-14       4.746233225143e-15      -4.596839678502e-16 
  778       3.293656921896e-10       4.038346188372e-12      -2.080921550104e-11       0.000000000000e+00       2.039154610768e-14       4.746640532390e-15      -4.558651109129e-16 
  779       3.306019604324e-10       4.000265212579e-12      -2.078997051520e-11       0.000000000000e+00       2.029812403927e-14       4.746812640990e-15      -4.520195786872e-16 
  780       3.318331574424e-10       3.961968031339e-12      -2.076568662003e-11       0.000000000000e+00       2.020523675796e-14       4.746745605605e-15      -4.481478883842e-16 
  781       3.330588255792e-10       3.923470109799e-12      -2.073638169906e-11       0.000000000000e+00       2.011288184076e-14       4.746435452897e-15      -4.442505631748e-16 
  782       3.342785029579e-10       3.884787075283e-12      -2.070207410612e-11       0.000000000000e+00       2.002105678277e-14       4.745878181455e-15      -4.403281322083e-16 
  783       3.354917234351e-10       3.845934717803e-12      -2.066278266715e-11       0.000000000000e+00       1.992975899678e-14       4.745069761713e-15      -4.363811306321e-16 
  784       3.366980165966e-10       3.806928990584e-12      -2.061852668200e-11       0.000000000000e+00       1.983898581296e-14       4.744006135876e-15      -4.324100996107e-16 
  785       3.378969077437e-10       3.767786010574e-12      -2.056932592623e-11       0.000000000000e+00       1.974873447851e-14       4.742683217839e-15      -4.284155863449e-16 
  786       3.390879178807e-10       3.728522058965e-12      -2.051520065293e-11       0.000000000000e+00       1.965900215732e-14       4.741096893112e-15      -4.243981440915e-16 
  787       3.402705637015e-10       3.689153581710e-12      -2.045617159449e-11       0.000000000000e+00       1.956978592966e-14       4.739243018742e-15      -4.203583321818e-16 
  788       3.414443575769e-10       3.649697190041e-12      -2.039225996441e-11       0.000000000000e+00       1.948108279181e-14       4.737117423232e-15      -4.162967160414e-16 
  789       3.426088075408e-10       3.610169660984e-12      -2.032348745914e-11       0.000000000000e+00       1.939288965570e-14       4.734715906471e-15      -4.122138672092e-16 
  790       3.437634172781e-10       3.570587937877e-12      -2.024987625983e-11       0.000000000000e+00       1.930520334865e-14       4.732034239647e-15      -4.081103633566e-16 
  791       3.449076861110e-10       3.530969130889e-12      -2.017144903415e-11       0.000000000000e+00       1.921802061296e-14       4.729068165177e-15      -4.039867883071e-16 
  792       3.460411089860e-10       3.491330517534e-12      -2.008822893809e-11       0.000000000000e+00       1.913133810558e-14       4.725813396625e-15      -3.998437320548e-16 
  793       3.471631764612e-10       3.451689543192e-12      -2.000023961780e-11       0.000000000000e+00       1.904515239781e-14       4.722265618627e-15      -3.956817907845e-16 
  794       3.482733746929e-10       3.412063821623e-12      -1.990750521132e-11       0.000000000000e+00       1.895945997492e-14       4.718420486812e-15      -3.915015668902e-16 
  795       3.493711854225e-10       3.372471135487e-12      -1.981005035043e-11       0.000000000000e+00       1.887425723585e-14       4.714273627724e-15      -3.873036689947e-16 
  796       3.504560859639e-10       3.332929436858e-12      -1.970790016245e-11       0.000000000000e+00       1.878954049284e-14       4.709820638744e-15      -3.830887119690e-16 
  797       3.515275491899e-10       3.293456847745e-12      -1.960108027203e-11       0.000000000000e+00       1.870530597108e-14       4.705057088017e-15      -3.788573169509e-16 
  798       3.525850435195e-10       3.254071660606e-12      -1.948961680294e-11       0.000000000000e+00       1.862154980843e-14       4.699978514368e-15      -3.746101113651e-16 
  799       3.536280329045e-10       3.214792338866e-12      -1.937353637991e-11       0.000000000000e+00       1.853826805501e-14       4.694580427227e-15      -3.703477289417e-16 
  800       3.546559768171e-10       3.175637517438e-12      -1.925286613040e-11       0.000000000000e+00       1.845545667293e-14       4.688858306555e-15      -3.660708097356e-16 
  801       3.556683302359e-10       3.136626003234e-12      -1.912763368639e-11       0.000000000000e+00       1.837311153588e-14       4.682807602759e-15      -3.617800001462e-16 
  802       3.566645436337e-10       3.097776775685e-12      -1.899786718622e-11       0.000000000000e+00       1.829122842887e-14       4.676423736620e-15      -3.574759529359e-16 
  803       3.576440629640e-10       3.059108987262e-12      -1.886359527637e-11       0.000000000000e+00       1.820980304781e-14       4.669702099215e-15      -3.531593272501e-16 
  804       3.586063296479e-10       3.020641963987e-12      -1.872484711327e-11       0.000000000000e+00       1.812883099924e-14       4.662638051838e-15      -3.488307886355e-16 
  805       3.595507805615e-10       2.982395205953e-12      -1.858165236508e-11       0.000000000000e+00       1.804830779995e-14       4.655226925921e-15      -3.444910090605e-16 
  806       3.604768480221e-10       2.944388387842e-12      -1.843404121352e-11       0.000000000000e+00       1.796822887666e-14       4.647464022959e-15      -3.401406669333e-16 
  807       3.613839597759e-10       2.906641359442e-12      -1.828204435566e-11       0.000000000000e+00       1.788858956566e-14       4.639344614433e-15      -3.357804471218e-16 
  808       3.622715389844e-10       2.869174146163e-12      -1.812569300572e-11       0.000000000000e+00       1.780938511252e-14       4.630863941728e-15      -3.314110409729e-16 
  809       3.631390042118e-10       2.832006949556e-12      -1.796501889686e-11       0.000000000000e+00       1.773061067168e-14       4.622017216061e-15      -3.270331463311e-16 
  810       3.639857694113e-10       2.795160147829e-12      -1.780005428302e-11       0.000000000000e+00       1.765226130619e-14       4.612799618399e-15      -3.226474675585e-16 
  811       3.648113096885e-10       2.758652592348e-12      -1.763083730240e-11       0.000000000000e+00       1.757433262351e-14       4.603208365736e-15      -3.182546777259e-16 
  812       3.656153599129e-10       2.722496462495e-12      -1.745742817028e-11       0.000000000000e+00       1.749682269648e-14       4.593248950839e-15      -3.138553044037e-16 
  813       3.663977196537e-10       2.686702319259e-12      -1.727989328116e-11       0.000000000000e+00       1.741973017629e-14       4.582929014624e-15      -3.094498418542e-16 
  814       3.671581877273e-10       2.651280801062e-12      -1.709829987621e-11       0.000000000000e+00       1.734305365913e-14       4.572256290275e-15      -3.050387886855e-16 
  815       3.678965621959e-10       2.616242623974e-12      -1.691271604605e-11       0.000000000000e+00       1.726679168604e-14       4.561238603542e-15      -3.006226478636e-16 
  816       3.686126403664e-10       2.581598581913e-12      -1.672321073352e-11       0.000000000000e+00       1.719094274262e-14       4.549883873042e-15      -2.962019267247e-16 
  817       3.693062187897e-10       2.547359546858e-12      -1.652985373648e-11       0.000000000000e+00       1.711550525884e-14       4.538200110556e-15      -2.917771369880e-16 
  818       3.699770932592e-10       2.513536469049e-12      -1.633271571055e-11       0.000000000000e+00       1.704047760884e-14       4.526195421330e-15      -2.873487947674e-16 
  819       3.706250588099e-10       2.480140377198e-12      -1.613186817194e-11       0.000000000000e+00       1.696585811065e-14       4.513878004371e-15      -2.829174205844e-16 
  820       3.712499097174e-10       2.447182378695e-12      -1.592738350019e-11       0.000000000000e+00       1.689164502601e-14       4.501256152748e-15      -2.784835393800e-16 
  821       3.718514394967e-10       2.414673659816e-12      -1.571933494095e-11       0.000000000000e+00       1.681783656013e-14       4.488338253891e-15      -2.740476805274e-16 
  822       3.724294409012e-10       2.382625485925e-12      -1.550779660878e-11       0.000000000000e+00       1.674443086147e-14       4.475132789890e-15      -2.696103778440e-16 
  823       3.729837059216e-10       2.351049201688e-12      -1.529284348993e-11       0.000000000000e+00       1.667142602153e-14       4.461648337792e-15      -2.651721696041e-16 
  824       3.735140257850e-10       2.319956231272e-12      -1.507455144509e-11       0.000000000000e+00       1.659882007462e-14       4.447893569902e-15      -2.607335985509e-16 
  825       3.740201909535e-10       2.289358078558e-12      -1.485299721217e-11       0.000000000000e+00       1.652661099762e-14       4.433877254082e-15      -2.562952119091e-16 
  826       3.745019911232e-10       2.259266327344e-12      -1.462825840913e-11       0.000000000000e+00       1.645479670977e-14       4.419608254049e-15      -2.518575613970e-16 
  827       3.749592152236e-10       2.229692641552e-12      -1.440041353670e-11       0.000000000000e+00       1.638337507247e-14       4.405095529673e-15      -2.474212032392e-16 
  828       3.753916514158e-10       2.200648765439e-12      -1.416954198119e-11       0.000000000000e+00       1.631234388903e-14       4.390348137278e-15      -2.429866981785e-16 
  829       3.757990870920e-10       2.172146523797e-12      -1.393572401725e-11       0.000000000000e+00       1.624170090443e-14       4.375375229940e-15      -2.385546114886e-16 
  830       3.761813088741e-10       2.144197822164e-12      -1.369904081067e-11       0.000000000000e+00       1.617144380515e-14       4.360186057787e-15      -2.341255129862e-16 
  831       3.765381026128e-10       2.116814647030e-12      -1.345957442114e-11       0.000000000000e+00       1.610157021890e-14       4.344789968294e-15      -2.296999770434e-16 
  832       3.768692533864e-10       2.090009066046e-12      -1.321740780503e-11       0.000000000000e+00       1.603207771444e-14       4.329196406589e-15      -2.252785826002e-16 
  833       3.771745455001e-10       2.063793228223e-12      -1.297262481820e-11       0.000000000000e+00       1.596296380130e-14       4.313414915744e-15      -2.208619131767e-16 
  834       3.774537624841e-10       2.038179364150e-12      -1.272531021873e-11       0.000000000000e+00       1.589422592962e-14       4.297455137080e-15      -2.164505568855e-16 
  835       3.777066870936e-10       2.013179786189e-12      -1.247554966972e-11       0.000000000000e+00       1.582586148988e-14       4.281326810462e-15      -2.120451064437e-16 
  836       3.779331013069e-10       1.988806888693e-12      -1.222342974209e-11       0.000000000000e+00       1.575786781270e-14       4.265039774603e-15      -2.076461591858e-16 
  837       3.781327863245e-10       1.965073148204e-12      -1.196903791733e-11       0.000000000000e+00       1.569024216861e-14       4.248603967355e-15      -2.032543170758e-16 
  838       3.783055225685e-10       1.941991123663e-12      -1.171246259028e-11       0.000000000000e+00       1.562298176785e-14       4.232029426015e-15      -1.988701867195e-16 
  839       3.784510896810e-10       1.919573456617e-12      -1.145379307193e-11       0.000000000000e+00       1.555608376010e-14       4.215326287622e-15      -1.944943793766e-16 
  840       3.785692665231e-10       1.897832871427e-12      -1.119311959218e-11       0.000000000000e+00       1.548954523429e-14       4.198504789254e-15      -1.901275109737e-16 
  841       3.786598311741e-10       1.876782175472e-12      -1.093053330263e-11       0.000000000000e+00       1.542336321838e-14       4.181575268329e-15      -1.857702021158e-16 
  842       3.787225609301e-10       1.856434259357e-12      -1.066612627934e-11       0.000000000000e+00       1.535753467914e-14       4.164548162903e-15      -1.814230780995e-16 
  843       3.787572323032e-10       1.836802097118e-12      -1.039999152563e-11       0.000000000000e+00       1.529205652189e-14       4.147434011970e-15      -1.770867689247e-16 
  844       3.787636210204e-10       1.817898746434e-12      -1.013222297486e-11       0.000000000000e+00       1.522692559033e-14       4.130243455759e-15      -1.727619093070e-16 
  845       3.787415020223e-10       1.799737348827e-12      -9.862915493188e-12       0.000000000000e+00       1.516213866626e-14       4.112987236034e-15      -1.684491386906e-16 
  846       3.786906494621e-10       1.782331129872e-12      -9.592164882354e-12       0.000000000000e+00       1.509769246943e-14       4.095676196394e-15      -1.641491012598e-16 
  847       3.786108367049e-10       1.765693399407e-12      -9.320067882478e-12       0.000000000000e+00       1.503358365724e-14       4.078321282570e-15      -1.598624459521e-16 
  848       3.785018363260e-10       1.749837551731e-12      -9.046722174818e-12       0.000000000000e+00       1.496980882458e-14       4.060933542727e-15      -1.555898264701e-16 
  849       3.783634201105e-10       1.734777065821e-12      -8.772226384560e-12       0.000000000000e+00       1.490636450355e-14       4.043524127757e-15      -1.513319012940e-16 
  850       3.781953590516e-10       1.720525505531e-12      -8.496680083591e-12       0.000000000000e+00       1.484324716331e-14       4.026104291586e-15      -1.470893336937e-16 
  851       3.779974827117e-10       1.707094278188e-12      -8.220179850671e-12       0.000000000000e+00       1.478045365307e-14       4.008682972354e-15      -1.428626610737e-16 
  852       3.777698584227e-10       1.694485867816e-12      -7.942807372269e-12       0.000000000000e+00       1.471798254017e-14       3.991259489903e-15      -1.386519005241e-16 
  853       3.775126151571e-10       1.682700486258e-12      -7.664641143144e-12       0.000000000000e+00       1.465583279453e-14       3.973830723633e-15      -1.344569365286e-16 
  854       3.772258844536e-10       1.671738304107e-12      -7.385760392580e-12       0.000000000000e+00       1.459400334731e-14       3.956393520159e-15      -1.302776510092e-16 
  855       3.769098004255e-10       1.661599450544e-12      -7.106245086511e-12       0.000000000000e+00       1.453249309078e-14       3.938944693214e-15      -1.261139233178e-16 
  856       3.765644997701e-10       1.652284013170e-12      -6.826175929647e-12       0.000000000000e+00       1.447130087809e-14       3.921481023544e-15      -1.219656302261e-16 
  857       3.761901217767e-10       1.643792037847e-12      -6.545634367601e-12       0.000000000000e+00       1.441042552324e-14       3.903999258806e-15      -1.178326459170e-16 
  858       3.757868083360e-10       1.636123528529e-12      -6.264702589017e-12       0.000000000000e+00       1.434986580081e-14       3.886496113471e-15      -1.137148419749e-16 
  859       3.753547039486e-10       1.629278447101e-12      -5.983463527693e-12       0.000000000000e+00       1.428962044592e-14       3.868968268717e-15      -1.096120873763e-16 
  860       3.748939557334e-10       1.623256713210e-12      -5.702000864707e-12       0.000000000000e+00       1.422968815398e-14       3.851412372332e-15      -1.055242484811e-16 
  861       3.744047134371e-10       1.618058204107e-12      -5.420399030547e-12       0.000000000000e+00       1.417006758062e-14       3.833825038611e-15      -1.014511890229e-16 
  862       3.738871294422e-10       1.613682754479e-12      -5.138743207234e-12       0.000000000000e+00       1.411075734150e-14       3.816202848252e-15      -9.739277009938e-17 
  863       3.733413587764e-10       1.610130156285e-12      -4.857119330448e-12       0.000000000000e+00       1.405175601218e-14       3.798542348260e-15      -9.334885016386e-17 
  864       3.727675591209e-10       1.607400158592e-12      -4.575614091657e-12       0.000000000000e+00       1.399306212794e-14       3.780840051841e-15      -8.931928501532e-17 
  865       3.721658908192e-10       1.605492467413e-12      -4.294314940240e-12       0.000000000000e+00       1.393467418367e-14       3.763092438302e-15      -8.530392778939e-17 
  866       3.715365168861e-10       1.604406745538e-12      -4.013310085615e-12       0.000000000000e+00       1.387659063371e-14       3.745295952949e-15      -8.130262894903e-17 
  867       3.708796030163e-10       1.604142612373e-12      -3.732688499364e-12       0.000000000000e+00       1.381880989166e-14       3.727447006990e-15      -7.731523627522e-17 
  868       3.701953175931e-10       1.604699643776e-12      -3.452539917362e-12       0.000000000000e+00       1.376133033030e-14       3.709541977424e-15      -7.334159485768e-17 
  869       3.694838316973e-10       1.606077371890e-12      -3.172954841899e-12       0.000000000000e+00       1.370415028139e-14       3.691577206949e-15      -6.938154708561e-17 
  870       3.687453191158e-10       1.608275284985e-12      -2.894024543809e-12       0.000000000000e+00       1.364726803553e-14       3.673549003857e-15      -6.543493263839e-17 
  871       3.679799563505e-10       1.611292827283e-12      -2.615841064594e-12       0.000000000000e+00       1.359068184202e-14       3.655453641931e-15      -6.150158847625e-17 
  872       3.671879226268e-10       1.615129398805e-12      -2.338497218556e-12       0.000000000000e+00       1.353438990872e-14       3.637287360346e-15      -5.758134883107e-17 
  873       3.663693999027e-10       1.619784355200e-12      -2.062086594913e-12       0.000000000000e+00       1.347839040187e-14       3.619046363566e-15      -5.367404519701e-17 
  874       3.655245728774e-10       1.625257007582e-12      -1.786703559936e-12       0.000000000000e+00       1.342268144596e-14       3.600726821243e-15      -4.977950632128e-17 
  875       3.646536289999e-10       1.631546622367e-12      -1.512443259066e-12       0.000000000000e+00       1.336726112360e-14       3.582324868116e-15      -4.589755819484e-17 
  876       3.637567584779e-10       1.638652421109e-12      -1.239401619048e-12       0.000000000000e+00       1.331212747532e-14       3.563836603911e-15      -4.202802404307e-17 
  877       3.628341542867e-10       1.646573580332e-12      -9.676753500514e-13       0.000000000000e+00       1.325727849948e-14       3.545258093234e-15      -3.817072431657e-17 
  878       3.618860121777e-10       1.655309231370e-12      -6.973619477987e-13       0.000000000000e+00       1.320271215206e-14       3.526585365477e-15      -3.432547668180e-17 
  879       3.609125306872e-10       1.664858460202e-12      -4.285596956915e-13       0.000000000000e+00       1.314842634656e-14       3.507814414711e-15      -3.049209601181e-17 
  880       3.599139111453e-10       1.675220307286e-12      -1.613676669365e-13       0.000000000000e+00       1.309441895384e-14       3.488941199588e-15      -2.667039437698e-17 
  881       3.588903576845e-10       1.686393767396e-12       1.041142733285e-13       0.000000000000e+00       1.304068780195e-14       3.469961643236e-15      -2.286018103572e-17 
  882       3.578420772485e-10       1.698377789457e-12       3.677854659081e-13       0.000000000000e+00       1.298723067600e-14       3.450871633161e-15      -1.906126242515e-17 
  883       3.567692796009e-10       1.711171276381e-12       6.295444554233e-13       0.000000000000e+00       1.293404531801e-14       3.431667021146e-15      -1.527344215189e-17 
  884       3.556721773342e-10       1.724773084903e-12       8.892889881854e-13       0.000000000000e+00       1.288112942673e-14       3.412343623143e-15      -1.149652098270e-17 
  885       3.545509858783e-10       1.739182025416e-12       1.146916010070e-12       0.000000000000e+00       1.282848065755e-14       3.392897219181e-15      -7.730296835213e-18 
  886       3.534059235092e-10       1.754396861810e-12       1.402321664389e-12       0.000000000000e+00       1.277609662230e-14       3.373323553258e-15      -3.974564768681e-18 
  887       3.522372113580e-10       1.770416311303e-12       1.655401289769e-12       0.000000000000e+00       1.272397488912e-14       3.353618333241e-15      -2.291169746522e-19 
  888       3.510450734195e-10       1.787239044277e-12       1.906049418018e-12       0.000000000000e+00       1.267211298231e-14       3.333777230766e-15       3.506257232297e-18 
  889       3.498297365610e-10       1.804863684118e-12       2.154159772008e-12       0.000000000000e+00       1.262050838218e-14       3.313795881135e-15       7.231771423856e-18 
  890       3.485914305310e-10       1.823288807050e-12       2.399625263539e-12       0.000000000000e+00       1.256915852489e-14       3.293669883216e-15       1.094764206726e-17 
  891       3.473304088575e-10       1.842511498005e-12       2.642348605352e-12       0.000000000000e+00       1.251806111734e-14       3.273396523900e-15       1.465392320680e-17 
  892       3.460470119002e-10       1.862522992652e-12       2.882274341990e-12       0.000000000000e+00       1.246721508769e-14       3.252979982652e-15       1.835000752087e-17 
  893       3.447416048486e-10       1.883312963633e-12       3.119357339555e-12       0.000000000000e+00       1.241661965012e-14       3.232426212041e-15       2.203511710793e-17 
  894       3.434145569386e-10       1.904870957679e-12       3.353552218628e-12       0.000000000000e+00       1.236627399111e-14       3.211741221062e-15       2.570846805763e-17 
  895       3.420662414638e-10       1.927186395224e-12       3.584813353741e-12       0.000000000000e+00       1.231617726932e-14       3.190931075302e-15       2.936927043515e-17 
  896       3.406970357874e-10       1.950248570022e-12       3.813094872859e-12       0.000000000000e+00       1.226632861553e-14       3.170001897094e-15       3.301672826552e-17 
  897       3.393073213549e-10       1.974046648768e-12       4.038350656851e-12       0.000000000000e+00       1.221672713248e-14       3.148959865676e-15       3.665003951792e-17 
  898       3.378974837050e-10       1.998569670711e-12       4.260534338968e-12       0.000000000000e+00       1.216737189485e-14       3.127811217354e-15       4.026839609005e-17 
  899       3.364679124821e-10       2.023806547276e-12       4.479599304323e-12       0.000000000000e+00       1.211826194908e-14       3.106562245658e-15       4.387098379241e-17 
  900       3.350190014482e-10       2.049746061681e-12       4.695498689361e-12       0.000000000000e+00       1.206939631330e-14       3.085219301498e-15       4.745698233266e-17 
  901       3.335511484944e-10       2.076376868552e-12       4.908185381341e-12       0.000000000000e+00       1.202077397724e-14       3.063788793330e-15       5.102556529991e-17 
  902       3.320647556533e-10       2.103687493543e-12       5.117612017811e-12       0.000000000000e+00       1.197239390210e-14       3.042277187310e-15       5.457590014907e-17 
  903       3.305602291107e-10       2.131666332953e-12       5.323730986081e-12       0.000000000000e+00       1.192425502049e-14       3.020691007454e-15       5.810714818516e-17 
  904       3.290379792173e-10       2.160301653346e-12       5.526494422705e-12       0.000000000000e+00       1.187635623627e-14       2.999036835796e-15       6.161846454764e-17 
  905       3.274984205011e-10       2.189581591163e-12       5.725854212952e-12       0.000000000000e+00       1.182869642451e-14       2.977321312549e-15       6.510899819472e-17 
  906       3.259419716788e-10       2.219494152346e-12       5.921761990287e-12       0.000000000000e+00       1.178127443134e-14       2.955551136264e-15       6.857789188773e-17 
  907       3.243690556678e-10       2.250027211952e-12       6.114169135844e-12       0.000000000000e+00       1.173408907389e-14       2.933733063986e-15       7.202428217536e-17 
  908       3.227800995986e-10       2.281168513773e-12       6.303026777904e-12       0.000000000000e+00       1.168713914012e-14       2.911873911416e-15       7.544729937808e-17 
  909       3.211755348261e-10       2.312905669952e-12       6.488285791372e-12       0.000000000000e+00       1.164042338882e-14       2.889980553069e-15       7.884606757239e-17 
  910       3.195557969418e-10       2.345226160600e-12       6.669896797251e-12       0.000000000000e+00       1.159394054942e-14       2.868059922431e-15       8.221970457517e-17 
  911       3.179213257855e-10       2.378117333416e-12       6.847810162122e-12       0.000000000000e+00       1.154768932193e-14       2.846119012122e-15       8.556732192804e-17 
  912       3.162725654575e-10       2.411566403303e-12       7.021975997617e-12       0.000000000000e+00       1.150166837681e-14       2.824164874050e-15       8.888802488159e-17 
  913       3.146099643305e-10       2.445560451988e-12       7.192344159898e-12       0.000000000000e+00       1.145587635492e-14       2.802204619577e-15       9.218091237983e-17 
  914       3.129339750611e-10       2.480086427637e-12       7.358864249130e-12       0.000000000000e+00       1.141031186735e-14       2.780245419669e-15       9.544507704439e-17 
  915       3.112450546021e-10       2.515131144473e-12       7.521485608961e-12       0.000000000000e+00       1.136497349540e-14       2.758294505061e-15       9.867960515894e-17 
  916       3.095436642144e-10       2.550681282395e-12       7.680157325999e-12       0.000000000000e+00       1.131985979037e-14       2.736359166415e-15       1.018835766534e-16 
  917       3.078302694785e-10       2.586723386596e-12       7.834828229282e-12       0.000000000000e+00       1.127496927359e-14       2.714446754479e-15       1.050560650885e-16 
  918       3.061053403070e-10       2.623243867180e-12       7.985446889764e-12       0.000000000000e+00       1.123030043618e-14       2.692564680243e-15       1.081961376398e-16 
  919       3.043693509561e-10       2.660228998779e-12       8.131961619782e-12       0.000000000000e+00       1.118585173907e-14       2.670720415103e-15       1.113028550822e-16 
  920       3.026227800376e-10       2.697664920170e-12       8.274320472538e-12       0.000000000000e+00       1.114162161281e-14       2.648921491015e-15       1.143752717742e-16 
  921       3.008661105309e-10       2.735537633897e-12       8.412471241576e-12       0.000000000000e+00       1.109760845753e-14       2.627175500659e-15       1.174124356422e-16 
  922       2.990998297946e-10       2.773833005884e-12       8.546361460255e-12       0.000000000000e+00       1.105381064280e-14       2.605490097591e-15       1.204133881651e-16 
  923       2.973244295789e-10       2.812536765054e-12       8.675938401225e-12       0.000000000000e+00       1.101022650753e-14       2.583872996409e-15       1.233771643581e-16 
  924       2.955404060372e-10       2.851634502950e-12       8.801149075910e-12       0.000000000000e+00       1.096685435989e-14       2.562331972910e-15       1.263027927574e-16 
  925       2.937482597380e-10       2.891111673346e-12       8.921940233975e-12       0.000000000000e+00       1.092369247719e-14       2.540874864244e-15       1.291892954046e-16 
  926       2.919484956767e-10       2.930953591872e-12       9.038258362810e-12       0.000000000000e+00       1.088073910580e-14       2.519509569081e-15       1.320356878306e-16 
  927       2.901416232881e-10       2.971145435627e-12       9.150049687002e-12       0.000000000000e+00       1.083799246102e-14       2.498244047765e-15       1.348409790405e-16 
  928       2.883281564574e-10       3.011672242797e-12       9.257260167815e-12       0.000000000000e+00       1.079545072698e-14       2.477086322471e-15       1.376041714973e-16 
  929       2.865086135329e-10       3.052518912277e-12       9.359835502662e-12       0.000000000000e+00       1.075311205657e-14       2.456044477370e-15       1.403242611067e-16 
  930       2.846835173374e-10       3.093670203281e-12       9.457721124586e-12       0.000000000000e+00       1.071097457131e-14       2.435126658783e-15       1.430002372013e-16 
  931       2.828533703096e-10       3.135110927120e-12       9.550873200390e-12       0.000000000000e+00       1.066903658456e-14       2.414339297729e-15       1.456313539379e-16 
  932       2.810185794757e-10       3.176826526573e-12       9.639291815112e-12       0.000000000000e+00       1.062729727514e-14       2.393681746687e-15       1.482179491861e-16 
  933       2.791795303246e-10       3.218802504839e-12       9.722988306994e-12       0.000000000000e+00       1.058575602406e-14       2.373151559029e-15       1.507606384523e-16 
  934       2.773366115802e-10       3.261024233857e-12       9.801974317007e-12       0.000000000000e+00       1.054441219214e-14       2.352746258921e-15       1.532600446534e-16 
  935       2.754902152102e-10       3.303476953949e-12       9.876261789842e-12       0.000000000000e+00       1.050326511989e-14       2.332463341235e-15       1.557167981380e-16 
  936       2.736407364347e-10       3.346145773463e-12       9.945862974915e-12       0.000000000000e+00       1.046231412748e-14       2.312300271465e-15       1.581315367084e-16 
  937       2.717885737341e-10       3.389015668418e-12       1.001079042736e-11       0.000000000000e+00       1.042155851466e-14       2.292254485638e-15       1.605049056428e-16 
  938       2.699341288579e-10       3.432071482150e-12       1.007105700902e-11       0.000000000000e+00       1.038099756067e-14       2.272323390226e-15       1.628375577168e-16 
  939       2.680778068335e-10       3.475297924954e-12       1.012667588946e-11       0.000000000000e+00       1.034063052419e-14       2.252504362062e-15       1.651301532254e-16 
  940       2.662200159741e-10       3.518679573729e-12       1.017766054695e-11       0.000000000000e+00       1.030045664326e-14       2.232794748252e-15       1.673833600048e-16 
  941       2.643611678872e-10       3.562200871624e-12       1.022402476947e-11       0.000000000000e+00       1.026047513521e-14       2.213191866086e-15       1.695978534544e-16 
  942       2.625016774837e-10       3.605846127678e-12       1.026578265571e-11       0.000000000000e+00       1.022068519659e-14       2.193693002955e-15       1.717743165583e-16 
  943       2.606419629856e-10       3.649599516471e-12       1.030294861606e-11       0.000000000000e+00       1.018108600311e-14       2.174295416260e-15       1.739134399077e-16 
  944       2.587824459351e-10       3.693445077759e-12       1.033553737361e-11       0.000000000000e+00       1.014167670953e-14       2.154996333330e-15       1.760159217225e-16 
  945       2.569235512024e-10       3.737366716129e-12       1.036356396515e-11       0.000000000000e+00       1.010245644966e-14       2.135792951329e-15       1.780824678729e-16 
  946       2.550657069948e-10       3.781348200635e-12       1.038704374217e-11       0.000000000000e+00       1.006342433621e-14       2.116682437174e-15       1.801137919015e-16 
  947       2.532093448649e-10       3.825373164444e-12       1.040599237184e-11       0.000000000000e+00       1.002457946078e-14       2.097661927447e-15       1.821106150455e-16 
  948       2.513548997190e-10       3.869425104486e-12       1.042042583804e-11       0.000000000000e+00       9.985920893739e-15       2.078728528306e-15       1.840736662578e-16 
  949       2.495028098256e-10       3.913487381089e-12       1.043036044231e-11       0.000000000000e+00       9.947447684208e-15       2.059879315402e-15       1.860036822296e-16 
  950       2.476535168241e-10       3.957543217630e-12       1.043581280492e-11       0.000000000000e+00       9.909158859946e-15       2.041111333786e-15       1.879014074117e-16 
  951       2.458074657329e-10       4.001575700179e-12       1.043679986578e-11       0.000000000000e+00       9.871053427299e-15       2.022421597831e-15       1.897675940367e-16 
  952       2.439651049581e-10       4.045567777139e-12       1.043333888550e-11       0.000000000000e+00       9.833130371124e-15       2.003807091135e-15       1.916030021408e-16 
  953       2.421268863018e-10       4.089502258894e-12       1.042544744637e-11       0.000000000000e+00       9.795388654719e-15       1.985264766443e-15       1.934083995855e-16 
  954       2.402932649710e-10       4.133361817452e-12       1.041314345336e-11       0.000000000000e+00       9.757827219752e-15       1.966791545553e-15       1.951845620797e-16 
  955       2.384646995855e-10       4.177128986091e-12       1.039644513509e-11       0.000000000000e+00       9.720444986190e-15       1.948384319235e-15       1.969322732013e-16 
  956       2.366416521866e-10       4.220786158999e-12       1.037537104488e-11       0.000000000000e+00       9.683240852229e-15       1.930039947140e-15       1.986523244193e-16 
  957       2.348245882457e-10       4.264315590923e-12       1.034994006171e-11       0.000000000000e+00       9.646213694223e-15       1.911755257715e-15       2.003455151156e-16 
  958       2.330139766725e-10       4.307699396812e-12       1.032017139120e-11       0.000000000000e+00       9.609362366610e-15       1.893527048115e-15       2.020126526066e-16 
  959       2.312102898239e-10       4.350919551458e-12       1.028608456668e-11       0.000000000000e+00       9.572685701849e-15       1.875352084118e-15       2.036545521655e-16 
  960       2.294140035119e-10       4.393957889147e-12       1.024769945011e-11       0.000000000000e+00       9.536182510338e-15       1.857227100036e-15       2.052720370438e-16 
  961       2.276255970126e-10       4.436796103294e-12       1.020503623310e-11       0.000000000000e+00       9.499851580355e-15       1.839148798629e-15       2.068659384934e-16 
  962       2.258455530741e-10       4.479415746098e-12       1.015811543795e-11       0.000000000000e+00       9.463691677976e-15       1.821113851018e-15       2.084370957882e-16 
  963       2.240743579257e-10       4.521798228177e-12       1.010695791858e-11       0.000000000000e+00       9.427701547014e-15       1.803118896598e-15       2.099863562463e-16 
  964       2.223125012856e-10       4.563924818218e-12       1.005158486159e-11       0.000000000000e+00       9.391879908942e-15       1.785160542954e-15       2.115145752515e-16 
  965       2.205604763700e-10       4.605776642618e-12       9.992017787196e-12       0.000000000000e+00       9.356225462823e-15       1.767235365766e-15       2.130226162754e-16 
  966       2.188187799011e-10       4.647334685130e-12       9.928278550288e-12       0.000000000000e+00       9.320736885240e-15       1.749339908733e-15       2.145113508993e-16 
  967       2.170879121158e-10       4.688579786509e-12       9.860389341387e-12       0.000000000000e+00       9.285412830227e-15       1.731470683478e-15       2.159816588357e-16 
  968       2.153683767743e-10       4.729492644152e-12       9.788372687658e-12       0.000000000000e+00       9.250251929196e-15       1.713624169463e-15       2.174344279507e-16 
  969       2.136606811682e-10       4.770053811746e-12       9.712251453903e-12       0.000000000000e+00       9.215252790864e-15       1.695796813904e-15       2.188705542854e-16 
  970       2.119653361292e-10       4.810243698908e-12       9.632048843560e-12       0.000000000000e+00       9.180414001188e-15       1.677985031684e-15       2.202909420779e-16 
  971       2.102828035265e-10       4.850044247068e-12       9.547793766144e-12       0.000000000000e+00       9.145734287318e-15       1.660186146205e-15       2.216962274134e-16 
  972       2.086133378769e-10       4.889443985423e-12       9.459537025998e-12       0.000000000000e+00       9.111213012326e-15       1.642401227644e-15       2.230859445753e-16 
  973       2.069571423686e-10       4.928433050320e-12       9.367335379021e-12       0.000000000000e+00       9.076849687778e-15       1.624632297213e-15       2.244593471988e-16 
  974       2.053144211591e-10       4.967001515778e-12       9.271246189972e-12       0.000000000000e+00       9.042643810331e-15       1.606881390129e-15       2.258156834918e-16 
  975       2.036853793761e-10       5.005139393342e-12       9.171327434156e-12       0.000000000000e+00       9.008594861686e-15       1.589150555638e-15       2.271541962224e-16 
  976       2.020702231200e-10       5.042836631944e-12       9.067637699101e-12       0.000000000000e+00       8.974702308532e-15       1.571441857053e-15       2.284741227054e-16 
  977       2.004691594650e-10       5.080083117758e-12       8.960236186238e-12       0.000000000000e+00       8.940965602501e-15       1.553757371786e-15       2.297746947887e-16 
  978       1.988823964615e-10       5.116868674059e-12       8.849182712580e-12       0.000000000000e+00       8.907384180115e-15       1.536099191379e-15       2.310551388408e-16 
  979       1.973101431375e-10       5.153183061077e-12       8.734537712404e-12       0.000000000000e+00       8.873957462738e-15       1.518469421538e-15       2.323146757364e-16 
  980       1.957526095007e-10       5.189015975861e-12       8.616362238929e-12       0.000000000000e+00       8.840684856525e-15       1.500870182166e-15       2.335525208443e-16 
  981       1.942100065399e-10       5.224357052129e-12       8.494717965997e-12       0.000000000000e+00       8.807565752372e-15       1.483303607395e-15       2.347678840133e-16 
  982       1.926825462271e-10       5.259195860130e-12       8.369667189750e-12       0.000000000000e+00       8.774599525866e-15       1.465771845619e-15       2.359599695590e-16 
  983       1.911704415193e-10       5.293521906500e-12       8.241272830315e-12       0.000000000000e+00       8.741785537237e-15       1.448277059527e-15       2.371279762512e-16 
  984       1.896739063601e-10       5.327324634120e-12       8.109598433479e-12       0.000000000000e+00       8.709123131303e-15       1.430821426134e-15       2.382710972997e-16 
  985       1.881931556816e-10       5.360593421973e-12       7.974708172371e-12       0.000000000000e+00       8.676611637426e-15       1.413407136818e-15       2.393885203416e-16 
  986       1.867284054061e-10       5.393317585002e-12       7.836666849142e-12       0.000000000000e+00       8.644250369459e-15       1.396036397347e-15       2.404794274278e-16 
  987       1.852798724481e-10       5.425486373965e-12       7.695539896643e-12       0.000000000000e+00       8.612038625695e-15       1.378711427917e-15       2.415429950100e-16 
  988       1.838477747160e-10       5.457088975296e-12       7.551393380107e-12       0.000000000000e+00       8.579975688820e-15       1.361434463181e-15       2.425783939270e-16 
  989       1.824323311137e-10       5.488114510959e-12       7.404293998828e-12       0.000000000000e+00       8.548060825859e-15       1.344207752285e-15       2.435847893916e-16 
  990       1.810337615425e-10       5.518552038310e-12       7.254309087839e-12       0.000000000000e+00       8.516293288130e-15       1.327033558898e-15       2.445613409775e-16 
  991       1.796522869031e-10       5.548390549949e-12       7.101506619597e-12       0.000000000000e+00       8.484672311192e-15       1.309914161244e-15       2.455072026059e-16 
  992       1.782881290972e-10       5.577618973580e-12       6.945955205656e-12       0.000000000000e+00       8.453197114797e-15       1.292851852139e-15       2.464215225319e-16 
  993       1.769415110293e-10       5.606226171869e-12       6.787724098351e-12       0.000000000000e+00       8.421866902835e-15       1.275848939020e-15       2.473034433319e-16 
  994       1.756126566084e-10       5.634200942302e-12       6.626883192478e-12       0.000000000000e+00       8.390680863291e-15       1.258907743979e-15       2.481521018897e-16 
  995       1.743017907500e-10       5.661532017038e-12       6.463503026972e-12       0.000000000000e+00       8.359638168188e-15       1.242030603795e-15       2.489666293834e-16 
  996       1.730091393779e-10       5.688208062772e-12       6.297654786587e-12       0.000000000000e+00       8.328737973543e-15       1.225219869970e-15       2.497461512725e-16 
  997       1.717349294255e-10       5.714217680590e-12       6.129410303578e-12       0.000000000000e+00       8.297979419314e-15       1.208477908757e-15       2.504897872838e-16 
  998       1.704793888385e-10       5.739549405826e-12       5.958842059377e-12       0.000000000000e+00       8.267361629350e-15       1.191807101194e-15       2.511966513991e-16 
  999       1.692427465757e-10       5.764191707917e-12       5.786023186277e-12       0.000000000000e+00       8.236883711340e-15       1.175209843140e-15       2.518658518412e-16 
 1000       1.680252326116e-10       5.788132990269e-12       5.611027469109e-12       0.000000000000e+00       8.206544756769e-15       1.158688545305e-15       2.524964910608e-16 
 1001       1.668270779376e-10       5.811361590103e-12       5.433929346922e-12       0.000000000000e+00       8.176343840858e-15       1.142245633281e-15       2.530876657234e-16 
 1002       1.656485145642e-10       5.833865778322e-12       5.254803914664e-12       0.000000000000e+00       8.146280022523e-15       1.125883547578e-15       2.536384666959e-16 
 1003       1.644897755225e-10       5.855633759362e-12       5.073726924863e-12       0.000000000000e+00       8.116352344321e-15       1.109604743658e-15       2.541479790333e-16 
 1004       1.633510948662e-10       5.876653671052e-12       4.890774789302e-12       0.000000000000e+00       8.086559832401e-15       1.093411691963e-15       2.546152819654e-16 
 1005       1.622327076734e-10       5.896913584474e-12       4.706024580704e-12       0.000000000000e+00       8.056901496451e-15       1.077306877949e-15       2.550394488835e-16 
 1006       1.611348500481e-10       5.916401503813e-12       4.519554034409e-12       0.000000000000e+00       8.027376329654e-15       1.061292802122e-15       2.554195473274e-16 
 1007       1.600577591223e-10       5.935105366224e-12       4.331441550055e-12       0.000000000000e+00       7.997983308632e-15       1.045371980069e-15       2.557546389717e-16 
 1008       1.590016730577e-10       5.953013041681e-12       4.141766193256e-12       0.000000000000e+00       7.968721393401e-15       1.029546942488e-15       2.560437796129e-16 
 1009       1.579668310476e-10       5.970112332840e-12       3.950607697285e-12       0.000000000000e+00       7.939589527316e-15       1.013820235225e-15       2.562860191557e-16 
 1010       1.569534733183e-10       5.986390974892e-12       3.758046464750e-12       0.000000000000e+00       7.910586637027e-15       9.981944193038e-16       2.564804016003e-16 
 1011       1.559617917326e-10       6.001838774971e-12       3.564160869330e-12       0.000000000000e+00       7.881711755636e-15       9.826714165272e-16       2.566263068801e-16 
 1012       1.549917808137e-10       6.016454064498e-12       3.369019114879e-12       0.000000000000e+00       7.852964394254e-15       9.672505358500e-16       2.567244818143e-16 
 1013       1.540433845721e-10       6.030237339782e-12       3.172687262033e-12       0.000000000000e+00       7.824344175715e-15       9.519304185548e-16       2.567760240251e-16 
 1014       1.531165457056e-10       6.043189131026e-12       2.975231918852e-12       0.000000000000e+00       7.795850711815e-15       9.367096900550e-16       2.567820414630e-16 
 1015       1.522112055946e-10       6.055310002443e-12       2.776720242186e-12       0.000000000000e+00       7.767483603278e-15       9.215869598517e-16       2.567436524339e-16 
 1016       1.513273042986e-10       6.066600552363e-12       2.577219939035e-12       0.000000000000e+00       7.739242439716e-15       9.065608214892e-16       2.566619856260e-16 
 1017       1.504647805523e-10       6.077061413338e-12       2.376799267917e-12       0.000000000000e+00       7.711126799599e-15       8.916298525110e-16       2.565381801363e-16 
 1018       1.496235717611e-10       6.086693252252e-12       2.175527040225e-12       0.000000000000e+00       7.683136250216e-15       8.767926144159e-16       2.563733854977e-16 
 1019       1.488036139975e-10       6.095496770432e-12       1.973472621594e-12       0.000000000000e+00       7.655270347641e-15       8.620476526140e-16       2.561687617056e-16 
 1020       1.480048419970e-10       6.103472703753e-12       1.770705933264e-12       0.000000000000e+00       7.627528636695e-15       8.473934963825e-16       2.559254792449e-16 
 1021       1.472271891539e-10       6.110621822747e-12       1.567297453442e-12       0.000000000000e+00       7.599910650913e-15       8.328286588220e-16       2.556447191169e-16 
 1022       1.464705875176e-10       6.116944932713e-12       1.363318218665e-12       0.000000000000e+00       7.572415912508e-15       8.183516368123e-16       2.553276728656e-16 
 1023       1.457349677885e-10       6.122442873824e-12       1.158839825166e-12       0.000000000000e+00       7.545043932336e-15       8.039609109682e-16       2.549755426051e-16 
 1024       1.450202593139e-10       6.127116521233e-12       9.539344302314e-13       0.000000000000e+00       7.517794209858e-15       7.896549455959e-16       2.545895410461e-16 
 1025       1.443263900841e-10       6.130966785189e-12       7.486747535709e-13       0.000000000000e+00       7.490666233107e-15       7.754321886488e-16       2.541708915229e-16 
 1026       1.436532867282e-10       6.133994611136e-12       5.431340786757e-13       0.000000000000e+00       7.463659478650e-15       7.612910716832e-16       2.537208280201e-16 
 1027       1.430008745105e-10       6.136200979827e-12       3.373862541836e-13       0.000000000000e+00       7.436773411557e-15       7.472300098148e-16       2.532405951992e-16 
 1028       1.423690773260e-10       6.137586907431e-12       1.315056952419e-13       0.000000000000e+00       7.410007485361e-15       7.332474016744e-16       2.527314484260e-16 
 1029       1.417578176968e-10       6.138153445641e-12      -7.443261512926e-14       0.000000000000e+00       7.383361142022e-15       7.193416293638e-16       2.521946537969e-16 
 1030       1.411670167680e-10       6.137901681785e-12      -2.803531246742e-13       0.000000000000e+00       7.356833811896e-15       7.055110584120e-16       2.516314881657e-16 
 1031       1.405965943034e-10       6.136832738928e-12      -4.861797105382e-13       0.000000000000e+00       7.330424913696e-15       6.917540377311e-16       2.510432391709e-16 
 1032       1.400464686821e-10       6.134947775987e-12      -6.918356779047e-13       0.000000000000e+00       7.304133854459e-15       6.780688995723e-16       2.504312052620e-16 
 1033       1.395165568938e-10       6.132247987837e-12      -8.972437586315e-13       0.000000000000e+00       7.277960029504e-15       6.644539594818e-16       2.497966957266e-16 
 1034       1.390067745354e-10       6.128734605417e-12      -1.102326109888e-12       0.000000000000e+00       7.251902822408e-15       6.509075162570e-16       2.491410307171e-16 
 1035       1.385170358064e-10       6.124408895843e-12      -1.307004312794e-12       0.000000000000e+00       7.225961604958e-15       6.374278519021e-16       2.484655412776e-16 
 1036       1.380472535056e-10       6.119272162512e-12      -1.511199371051e-12       0.000000000000e+00       7.200135737124e-15       6.240132315845e-16       2.477715693708e-16 
 1037       1.375973390265e-10       6.113325745213e-12      -1.714831709586e-12       0.000000000000e+00       7.174424567021e-15       6.106619035908e-16       2.470604679043e-16 
 1038       1.371672023537e-10       6.106571020234e-12      -1.917821173183e-12       0.000000000000e+00       7.148827430871e-15       5.973720992821e-16       2.463336007581e-16 
 1039       1.367567520584e-10       6.099009400470e-12      -2.120087025124e-12       0.000000000000e+00       7.123343652972e-15       5.841420330511e-16       2.455923428111e-16 
 1040       1.363658952952e-10       6.090642335536e-12      -2.321547945822e-12       0.000000000000e+00       7.097972545659e-15       5.709699022769e-16       2.448380799680e-16 
 1041       1.359945377971e-10       6.081471311866e-12      -2.522122031460e-12       0.000000000000e+00       7.072713409270e-15       5.578538872821e-16       2.440722091857e-16 
 1042       1.356425838725e-10       6.071497852832e-12      -2.721726792627e-12       0.000000000000e+00       7.047565532109e-15       5.447921512879e-16       2.432961385008e-16 
 1043       1.353099364003e-10       6.060723518843e-12      -2.920279152957e-12       0.000000000000e+00       7.022528190413e-15       5.317828403705e-16       2.425112870560e-16 
 1044       1.349964968266e-10       6.049149907461e-12      -3.117695447764e-12       0.000000000000e+00       6.997600648313e-15       5.188240834172e-16       2.417190851269e-16 
 1045       1.347021651603e-10       6.036778653505e-12      -3.313891422676e-12       0.000000000000e+00       6.972782157802e-15       5.059139920820e-16       2.409209741491e-16 
 1046       1.344268399692e-10       6.023611429159e-12      -3.508782232280e-12       0.000000000000e+00       6.948071958697e-15       4.930506607420e-16       2.401184067445e-16 
 1047       1.341704183760e-10       6.009649944082e-12      -3.702282438748e-12       0.000000000000e+00       6.923469278607e-15       4.802321664529e-16       2.393128467488e-16 
 1048       1.339327960543e-10       5.994895945518e-12      -3.894306010485e-12       0.000000000000e+00       6.898973332890e-15       4.674565689057e-16       2.385057692378e-16 
 1049       1.337138672246e-10       5.979351218401e-12      -4.084766320757e-12       0.000000000000e+00       6.874583324626e-15       4.547219103819e-16       2.376986605542e-16 
 1050       1.335135246504e-10       5.963017585464e-12      -4.273576146332e-12       0.000000000000e+00       6.850298444577e-15       4.420262157099e-16       2.368930183349e-16 
 1051       1.333316382671e-10       5.945898260549e-12      -4.460656159253e-12       0.000000000000e+00       6.826117957624e-15       4.293684654750e-16       2.360899958990e-16 
 1052       1.331679907525e-10       5.928001928915e-12      -4.645960534175e-12       0.000000000000e+00       6.802041463465e-15       4.167515305521e-16       2.352893299456e-16 
 1053       1.330223410528e-10       5.909338723860e-12      -4.829451694282e-12       0.000000000000e+00       6.778068639469e-15       4.041792782775e-16       2.344903980038e-16 
 1054       1.328944456620e-10       5.889918878926e-12      -5.011091849983e-12       0.000000000000e+00       6.754199154510e-15       3.916556029556e-16       2.336925727073e-16 
 1055       1.327840586158e-10       5.869752728149e-12      -5.190842998475e-12       0.000000000000e+00       6.730432668939e-15       3.791844259202e-16       2.328952217831e-16 
 1056       1.326909314846e-10       5.848850706317e-12      -5.368666923297e-12       0.000000000000e+00       6.706768834556e-15       3.667696955962e-16       2.320977080392e-16 
 1057       1.326148133682e-10       5.827223349223e-12      -5.544525193896e-12       0.000000000000e+00       6.683207294587e-15       3.544153875616e-16       2.312993893534e-16 
 1058       1.325554508884e-10       5.804881293922e-12      -5.718379165176e-12       0.000000000000e+00       6.659747683656e-15       3.421255046085e-16       2.304996186609e-16 
 1059       1.325125881836e-10       5.781835278984e-12      -5.890189977065e-12       0.000000000000e+00       6.636389627759e-15       3.299040768052e-16       2.296977439430e-16 
 1060       1.324859669017e-10       5.758096144754e-12      -6.059918554070e-12       0.000000000000e+00       6.613132744238e-15       3.177551615576e-16       2.288931082150e-16 
 1061       1.324753261945e-10       5.733674833600e-12      -6.227525604834e-12       0.000000000000e+00       6.589976641756e-15       3.056828436709e-16       2.280850495145e-16 
 1062       1.324804027108e-10       5.708582390176e-12      -6.392971621698e-12       0.000000000000e+00       6.566920920269e-15       2.936912354113e-16       2.272729008899e-16 
 1063       1.325009305904e-10       5.682829961671e-12      -6.556216880258e-12       0.000000000000e+00       6.543965171000e-15       2.817844765672e-16       2.264559903882e-16 
 1064       1.325366414576e-10       5.656428798067e-12      -6.717221438926e-12       0.000000000000e+00       6.521108976416e-15       2.699667345115e-16       2.256336410434e-16 
 1065       1.325872644150e-10       5.629390252395e-12      -6.875945138482e-12       0.000000000000e+00       6.498351910197e-15       2.582422042625e-16       2.248051708648e-16 
 1066       1.326525260373e-10       5.601725780988e-12      -7.032347601641e-12       0.000000000000e+00       6.475693537213e-15       2.466151085461e-16       2.239698928250e-16 
 1067       1.327321503646e-10       5.573446943738e-12      -7.186388232606e-12       0.000000000000e+00       6.453133413498e-15       2.350896978570e-16       2.231271148483e-16 
 1068       1.328258588964e-10       5.544565404349e-12      -7.338026216630e-12       0.000000000000e+00       6.430671086221e-15       2.236702505206e-16       2.222761397989e-16 
 1069       1.329333705851e-10       5.515092930597e-12      -7.487220519571e-12       0.000000000000e+00       6.408306093664e-15       2.123610727545e-16       2.214162654691e-16 
 1070       1.330544018298e-10       5.485041394578e-12      -7.633929887455e-12       0.000000000000e+00       6.386037965191e-15       2.011664987301e-16       2.205467845675e-16 
 1071       1.331886664701e-10       5.454422772970e-12      -7.778112846030e-12       0.000000000000e+00       6.363866221228e-15       1.900908906343e-16       2.196669847070e-16 
 1072       1.333358757793e-10       5.423249147284e-12      -7.919727700329e-12       0.000000000000e+00       6.341790373231e-15       1.791386387310e-16       2.187761483935e-16 
 1073       1.334957384586e-10       5.391532704122e-12      -8.058732534226e-12       0.000000000000e+00       6.319809923662e-15       1.683141614228e-16       2.178735530137e-16 
 1074       1.336679606306e-10       5.359285735429e-12      -8.195085209995e-12       0.000000000000e+00       6.297924365964e-15       1.576219053125e-16       2.169584708236e-16 
 1075       1.338522458327e-10       5.326520638752e-12      -8.328743367869e-12       0.000000000000e+00       6.276133184534e-15       1.470663452651e-16       2.160301689364e-16 
 1076       1.340482950114e-10       5.293249917492e-12      -8.459664425599e-12       0.000000000000e+00       6.254435854696e-15       1.366519844688e-16       2.150879093110e-16 
 1077       1.342558065153e-10       5.259486181160e-12      -8.587805578013e-12       0.000000000000e+00       6.232831842677e-15       1.263833544971e-16       2.141309487401e-16 
 1078       1.344744760892e-10       5.225242145636e-12      -8.713123796571e-12       0.000000000000e+00       6.211320605578e-15       1.162650153703e-16       2.131585388384e-16 
 1079       1.347039968676e-10       5.190530633416e-12      -8.835575828931e-12       0.000000000000e+00       6.189901591349e-15       1.063015556170e-16       2.121699260309e-16 
 1080       1.349440593685e-10       5.155364573875e-12      -8.955118198498e-12       0.000000000000e+00       6.168574238766e-15       9.649759233589e-17       2.111643515412e-16 
 1081       1.351943514871e-10       5.119757003521e-12      -9.071707203993e-12       0.000000000000e+00       6.147337977398e-15       8.685777125724e-17       2.101410513792e-16 
 1082       1.354545584893e-10       5.083721066245e-12      -9.185298919002e-12       0.000000000000e+00       6.126192227589e-15       7.738676680453e-17       2.090992563300e-16 
 1083       1.357243630053e-10       5.047270013582e-12      -9.295849191542e-12       0.000000000000e+00       6.105136400425e-15       6.808928215612e-17       2.080381919418e-16 
 1084       1.360034450239e-10       5.010417204964e-12      -9.403313643615e-12       0.000000000000e+00       6.084169897710e-15       5.897004930683e-17       2.069570785140e-16 
 1085       1.362914818853e-10       4.973176107975e-12      -9.507647670770e-12       0.000000000000e+00       6.063292111944e-15       5.003382912959e-17       2.058551310856e-16 
 1086       1.365881482754e-10       4.935560298605e-12      -9.608806441659e-12       0.000000000000e+00       6.042502426290e-15       4.128541143702e-17       2.047315594235e-16 
 1087       1.368931162193e-10       4.897583461509e-12      -9.706744897596e-12       0.000000000000e+00       6.021800214551e-15       3.272961504307e-17       2.035855680104e-16 
 1088       1.372060550749e-10       4.859259390259e-12      -9.801417752119e-12       0.000000000000e+00       6.001184841148e-15       2.437128782461e-17       2.024163560333e-16 
 1089       1.375266315268e-10       4.820601987601e-12      -9.892779490543e-12       0.000000000000e+00       5.980655661084e-15       1.621530678312e-17       2.012231173716e-16 
 1090       1.378545095797e-10       4.781625265706e-12      -9.980784369522e-12       0.000000000000e+00       5.960212019929e-15       8.266578106196e-18       2.000050405852e-16 
 1091       1.381893639020e-10       4.742343191349e-12      -1.006539547514e-11       0.000000000000e+00       5.939853326223e-15       5.288759768157e-19       1.987615382108e-16 
 1092       1.385309200657e-10       4.702769218629e-12      -1.014661203089e-11       0.000000000000e+00       5.919579269826e-15      -6.998658152758e-18       1.974929380349e-16 
 1093       1.388789148328e-10       4.662916750494e-12      -1.022444245457e-11       0.000000000000e+00       5.899389606445e-15      -1.431806159760e-17       1.961998010557e-16 
 1094       1.392330828494e-10       4.622799293496e-12      -1.029889533334e-11       0.000000000000e+00       5.879284085439e-15      -2.143139349474e-17       1.948826930255e-16 
 1095       1.395931566410e-10       4.582430458032e-12      -1.036997942425e-11       0.000000000000e+00       5.859262449805e-15      -2.834073485852e-17       1.935421844629e-16 
 1096       1.399588666071e-10       4.541823958581e-12      -1.043770365468e-11       0.000000000000e+00       5.839324436154e-15      -3.504818863593e-17       1.921788506633e-16 
 1097       1.403299410166e-10       4.500993613946e-12      -1.050207712281e-11       0.000000000000e+00       5.819469774697e-15      -4.155587976197e-17       1.907932717107e-16 
 1098       1.407061060026e-10       4.459953347491e-12      -1.056310909809e-11       0.000000000000e+00       5.799698189222e-15      -4.786595521497e-17       1.893860324888e-16 
 1099       1.410870855575e-10       4.418717187385e-12      -1.062080902174e-11       0.000000000000e+00       5.780009397078e-15      -5.398058407200e-17       1.879577226926e-16 
 1100       1.414726015281e-10       4.377299266835e-12      -1.067518650717e-11       0.000000000000e+00       5.760403109156e-15      -5.990195756415e-17       1.865089368393e-16 
 1101       1.418623736104e-10       4.335713824334e-12      -1.072625134051e-11       0.000000000000e+00       5.740879029867e-15      -6.563228913191e-17       1.850402742800e-16 
 1102       1.422561193448e-10       4.293975203893e-12      -1.077401348102e-11       0.000000000000e+00       5.721436857128e-15      -7.117381448054e-17       1.835523392107e-16 
 1103       1.426535541110e-10       4.252097855284e-12      -1.081848306162e-11       0.000000000000e+00       5.702076282340e-15      -7.652879163536e-17       1.820457406837e-16 
 1104       1.430543911234e-10       4.210096334279e-12      -1.085967038932e-11       0.000000000000e+00       5.682796990368e-15      -8.169950099717e-17       1.805210926193e-16 
 1105       1.434583414254e-10       4.167985302891e-12      -1.089758594570e-11       0.000000000000e+00       5.663598659526e-15      -8.668824539754e-17       1.789790138164e-16 
 1106       1.438651138852e-10       4.125779529612e-12      -1.093224038739e-11       0.000000000000e+00       5.644480961555e-15      -9.149735015419e-17       1.774201279643e-16 
 1107       1.442744151903e-10       4.083493889652e-12      -1.096364454655e-11       0.000000000000e+00       5.625443561606e-15      -9.612916312635e-17       1.758450636541e-16 
 1108       1.446859498427e-10       4.041143365180e-12      -1.099180943131e-11       0.000000000000e+00       5.606486118219e-15      -1.005860547700e-16       1.742544543896e-16 
 1109       1.450994201540e-10       3.998743045565e-12      -1.101674622626e-11       0.000000000000e+00       5.587608283308e-15      -1.048704181935e-16       1.726489385990e-16 
 1110       1.455145262403e-10       3.956308127612e-12      -1.103846629292e-11       0.000000000000e+00       5.568809702137e-15      -1.089846692126e-16       1.710291596458e-16 
 1111       1.459309660173e-10       3.913853915803e-12      -1.105698117021e-11       0.000000000000e+00       5.550090013305e-15      -1.129312464059e-16       1.693957658407e-16 
 1112       1.463484351952e-10       3.871395822539e-12      -1.107230257494e-11       0.000000000000e+00       5.531448848727e-15      -1.167126111703e-16       1.677494104522e-16 
 1113       1.467666272739e-10       3.828949368375e-12      -1.108444240224e-11       0.000000000000e+00       5.512885833612e-15      -1.203312477763e-16       1.660907517187e-16 
 1114       1.471852335379e-10       3.786530182264e-12      -1.109341272606e-11       0.000000000000e+00       5.494400586447e-15      -1.237896634234e-16       1.644204528591e-16 
 1115       1.476039430513e-10       3.744154001796e-12      -1.109922579963e-11       0.000000000000e+00       5.475992718979e-15      -1.270903882952e-16       1.627391820846e-16 
 1116       1.480224426530e-10       3.701836673433e-12      -1.110189405595e-11       0.000000000000e+00       5.457661836192e-15      -1.302359756150e-16       1.610476126096e-16 
 1117       1.484404169515e-10       3.659594152754e-12      -1.110143010824e-11       0.000000000000e+00       5.439407536293e-15      -1.332290017012e-16       1.593464226635e-16 
 1118       1.488575483202e-10       3.617442504693e-12      -1.109784675041e-11       0.000000000000e+00       5.421229410690e-15      -1.360720660224e-16       1.576362955016e-16 
 1119       1.492735168920e-10       3.575397903778e-12      -1.109115695755e-11       0.000000000000e+00       5.403127043972e-15      -1.387677912529e-16       1.559179194167e-16 
 1120       1.496880005548e-10       3.533476634370e-12      -1.108137388638e-11       0.000000000000e+00       5.385100013896e-15      -1.413188233281e-16       1.541919877501e-16 
 1121       1.501006749461e-10       3.491695090904e-12      -1.106851087575e-11       0.000000000000e+00       5.367147891362e-15      -1.437278314996e-16       1.524591989033e-16 
 1122       1.505112134483e-10       3.450069778127e-12      -1.105258144707e-11       0.000000000000e+00       5.349270240396e-15      -1.459975083909e-16       1.507202563491e-16 
 1123       1.509192871838e-10       3.408617311340e-12      -1.103359930481e-11       0.000000000000e+00       5.331466618134e-15      -1.481305700524e-16       1.489758686426e-16 
 1124       1.513245650097e-10       3.367354416636e-12      -1.101157833697e-11       0.000000000000e+00       5.313736574797e-15      -1.501297560172e-16       1.472267494334e-16 
 1125       1.517267135130e-10       3.326297931139e-12      -1.098653261554e-11       0.000000000000e+00       5.296079653679e-15      -1.519978293560e-16       1.454736174758e-16 
 1126       1.521253970055e-10       3.285464803245e-12      -1.095847639699e-11       0.000000000000e+00       5.278495391125e-15      -1.537375767324e-16       1.437171966411e-16 
 1127       1.525202775193e-10       3.244872092861e-12      -1.092742412270e-11       0.000000000000e+00       5.260983316510e-15      -1.553518084588e-16       1.419582159282e-16 
 1128       1.529110148011e-10       3.204536971643e-12      -1.089339041948e-11       0.000000000000e+00       5.243542952223e-15      -1.568433585514e-16       1.401974094753e-16 
 1129       1.532972663077e-10       3.164476723241e-12      -1.085639010001e-11       0.000000000000e+00       5.226173813651e-15      -1.582150847853e-16       1.384355165711e-16 
 1130       1.536786872010e-10       3.124708743530e-12      -1.081643816333e-11       0.000000000000e+00       5.208875409151e-15      -1.594698687503e-16       1.366732816663e-16 
 1131       1.540549656730e-10       3.085249061882e-12      -1.077355446351e-11       0.000000000000e+00       5.191647289063e-15      -1.606107606272e-16       1.349113461988e-16 
 1132       1.544259294307e-10       3.046107883551e-12      -1.072777778078e-11       0.000000000000e+00       5.174489193450e-15      -1.616414154540e-16       1.331499225189e-16 
 1133       1.547914405774e-10       3.007293990163e-12      -1.067915193315e-11       0.000000000000e+00       5.157400906223e-15      -1.625656626064e-16       1.313891157737e-16 
 1134       1.551513604057e-10       2.968816213570e-12      -1.062772112562e-11       0.000000000000e+00       5.140382206283e-15      -1.633873616572e-16       1.296290317116e-16 
 1135       1.555055493955e-10       2.930683435952e-12      -1.057352995104e-11       0.000000000000e+00       5.123432867504e-15      -1.641104024451e-16       1.278697766837e-16 
 1136       1.558538672125e-10       2.892904589916e-12      -1.051662339105e-11       0.000000000000e+00       5.106552658716e-15      -1.647387051434e-16       1.261114576450e-16 
 1137       1.561961727067e-10       2.855488658597e-12      -1.045704681701e-11       0.000000000000e+00       5.089741343695e-15      -1.652762203291e-16       1.243541821554e-16 
 1138       1.565323239104e-10       2.818444675761e-12      -1.039484599085e-11       0.000000000000e+00       5.072998681149e-15      -1.657269290517e-16       1.225980583810e-16 
 1139       1.568621780370e-10       2.781781725906e-12      -1.033006706601e-11       0.000000000000e+00       5.056324424700e-15      -1.660948429022e-16       1.208431950951e-16 
 1140       1.571855914788e-10       2.745508944359e-12      -1.026275658838e-11       0.000000000000e+00       5.039718322871e-15      -1.663840040822e-16       1.190897016795e-16 
 1141       1.575024198058e-10       2.709635517381e-12      -1.019296149716e-11       0.000000000000e+00       5.023180119073e-15      -1.665984854723e-16       1.173376881260e-16 
 1142       1.578125177637e-10       2.674170682267e-12      -1.012072912577e-11       0.000000000000e+00       5.006709551592e-15      -1.667423907014e-16       1.155872650367e-16 
 1143       1.581157392723e-10       2.639123727447e-12      -1.004610720280e-11       0.000000000000e+00       4.990306353570e-15      -1.668198542156e-16       1.138385436263e-16 
 1144       1.584119374242e-10       2.604503992585e-12      -9.969143852879e-12       0.000000000000e+00       4.973970252996e-15      -1.668350413470e-16       1.120916357222e-16 
 1145       1.587009644825e-10       2.570320868683e-12      -9.889887597613e-12       0.000000000000e+00       4.957700972688e-15      -1.667921483828e-16       1.103466537664e-16 
 1146       1.589826718796e-10       2.536583798181e-12      -9.808387356464e-12       0.000000000000e+00       4.941498230280e-15      -1.666954026337e-16       1.086037108164e-16 
 1147       1.592569102156e-10       2.503302275057e-12      -9.724692447682e-12       0.000000000000e+00       4.925361738210e-15      -1.665490625037e-16       1.068629205465e-16 
 1148       1.595235292561e-10       2.470485844928e-12      -9.638852589200e-12       0.000000000000e+00       4.909291203700e-15      -1.663574175579e-16       1.051243972488e-16 
 1149       1.597823779311e-10       2.438144105153e-12      -9.550917899552e-12       0.000000000000e+00       4.893286328749e-15      -1.661247885926e-16       1.033882558343e-16 
 1150       1.600333043330e-10       2.406286704930e-12      -9.460938898774e-12       0.000000000000e+00       4.877346810113e-15      -1.658555277032e-16       1.016546118346e-16 
 1151       1.602761557151e-10       2.374923345403e-12      -9.368966509319e-12       0.000000000000e+00       4.861472339293e-15      -1.655540183537e-16       9.992358140245e-17 
 1152       1.605107784899e-10       2.344063779756e-12      -9.275052056959e-12       0.000000000000e+00       4.845662602521e-15      -1.652246754455e-16       9.819528131318e-17 
 1153       1.607370182274e-10       2.313717813319e-12      -9.179247271700e-12       0.000000000000e+00       4.829917280746e-15      -1.648719453861e-16       9.646982896596e-17 
 1154       1.609547196534e-10       2.283895303669e-12      -9.081604288687e-12       0.000000000000e+00       4.814236049618e-15      -1.645003061583e-16       9.474734238487e-17 
 1155       1.611637266479e-10       2.254606160727e-12      -8.982175649113e-12       0.000000000000e+00       4.798618579474e-15      -1.641142673890e-16       9.302794022007e-17 
 1156       1.613638822434e-10       2.225860346863e-12      -8.881014301127e-12       0.000000000000e+00       4.783064535327e-15      -1.637183704180e-16       9.131174174901e-17 
 1157       1.615550286233e-10       2.197667876993e-12      -8.778173600746e-12       0.000000000000e+00       4.767573576848e-15      -1.633171883672e-16       8.959886687759e-17 
 1158       1.617370071202e-10       2.170038818685e-12      -8.673707312757e-12       0.000000000000e+00       4.752145358353e-15      -1.629153262090e-16       8.788943614132e-17 
 1159       1.619096582142e-10       2.142983292257e-12      -8.567669611635e-12       0.000000000000e+00       4.736779528788e-15      -1.625174208360e-16       8.618357070651e-17 
 1160       1.620728215312e-10       2.116511470876e-12      -8.460115082442e-12       0.000000000000e+00       4.721475731717e-15      -1.621281411290e-16       8.448139237146e-17 
 1161       1.622263358413e-10       2.090633580664e-12      -8.351098721742e-12       0.000000000000e+00       4.706233605306e-15      -1.617521880267e-16       8.278302356759e-17 
 1162       1.623700390572e-10       2.065359900795e-12      -8.240675938507e-12       0.000000000000e+00       4.691052782308e-15      -1.613942945940e-16       8.108858736064e-17 
 1163       1.625037682324e-10       2.040700763597e-12      -8.128902555027e-12       0.000000000000e+00       4.675932890051e-15      -1.610592260915e-16       7.939820745185e-17 
 1164       1.626273595596e-10       2.016666554654e-12      -8.015834807815e-12       0.000000000000e+00       4.660873550422e-15      -1.607517800440e-16       7.771200817911e-17 
 1165       1.627406483691e-10       1.993267712905e-12      -7.901529348521e-12       0.000000000000e+00       4.645874379853e-15      -1.604767863093e-16       7.603011451818e-17 
 1166       1.628434691270e-10       1.970514730747e-12      -7.786043244837e-12       0.000000000000e+00       4.630934989306e-15      -1.602391071477e-16       7.435265208378e-17 
 1167       1.629356554334e-10       1.948418154134e-12      -7.669433981407e-12       0.000000000000e+00       4.616054984264e-15      -1.600436372902e-16       7.267974713087e-17 
 1168       1.630170400214e-10       1.926988582683e-12      -7.551759460734e-12       0.000000000000e+00       4.601233964706e-15      -1.598953040080e-16       7.101152655573e-17 
 1169       1.630874547546e-10       1.906236669765e-12      -7.433078004092e-12       0.000000000000e+00       4.586471525105e-15      -1.597990671812e-16       6.934811789718e-17 
 1170       1.631467306258e-10       1.886173122616e-12      -7.313448352429e-12       0.000000000000e+00       4.571767254405e-15      -1.597599193674e-16       6.768964933777e-17 
 1171       1.631947329710e-10       1.866806825009e-12      -7.192927967295e-12       0.000000000000e+00       4.557120778777e-15      -1.597811140973e-16       6.603623447765e-17 
 1172       1.632314675946e-10       1.848139179419e-12      -7.071567908560e-12       0.000000000000e+00       4.542531890493e-15      -1.598588264120e-16       6.438792644599e-17 
 1173       1.632569759654e-10       1.830169694447e-12      -6.949417894567e-12       0.000000000000e+00       4.528000420630e-15      -1.599874258199e-16       6.274476321918e-17 
 1174       1.632713001225e-10       1.812897855769e-12      -6.826527997079e-12       0.000000000000e+00       4.513526196443e-15      -1.601612419397e-16       6.110678279595e-17 
 1175       1.632744826767e-10       1.796323126075e-12      -6.702948642041e-12       0.000000000000e+00       4.499109041349e-15      -1.603745644144e-16       5.947402319727e-17 
 1176       1.632665668120e-10       1.780444945011e-12      -6.578730610335e-12       0.000000000000e+00       4.484748774921e-15      -1.606216428258e-16       5.784652246613e-17 
 1177       1.632475962871e-10       1.765262729108e-12      -6.453925038546e-12       0.000000000000e+00       4.470445212874e-15      -1.608966866078e-16       5.622431866742e-17 
 1178       1.632176154366e-10       1.750775871725e-12      -6.328583419716e-12       0.000000000000e+00       4.456198167059e-15      -1.611938649609e-16       5.460744988775e-17 
 1179       1.631766691726e-10       1.736983742983e-12      -6.202757604110e-12       0.000000000000e+00       4.442007445446e-15      -1.615073067661e-16       5.299595423532e-17 
 1180       1.631248029859e-10       1.723885689700e-12      -6.076499799971e-12       0.000000000000e+00       4.427872852121e-15      -1.618311004986e-16       5.138986983975e-17 
 1181       1.630620629477e-10       1.711481035333e-12      -5.949862574282e-12       0.000000000000e+00       4.413794187268e-15      -1.621592941424e-16       4.978923485189e-17 
 1182       1.629884957108e-10       1.699769079910e-12      -5.822898853526e-12       0.000000000000e+00       4.399771247164e-15      -1.624858951035e-16       4.819408744371e-17 
 1183       1.629041485110e-10       1.688749099969e-12      -5.695661924445e-12       0.000000000000e+00       4.385803824167e-15      -1.628048701247e-16       4.660446580812e-17 
 1184       1.628090691687e-10       1.678420348496e-12      -5.568205434804e-12       0.000000000000e+00       4.371891706703e-15      -1.631101451988e-16       4.502040815882e-17 
 1185       1.627033060901e-10       1.668782054859e-12      -5.440583394143e-12       0.000000000000e+00       4.358034679261e-15      -1.633956054833e-16       4.344195273013e-17 
 1186       1.625869082690e-10       1.659833424745e-12      -5.312850174546e-12       0.000000000000e+00       4.344232522375e-15      -1.636550952140e-16       4.186913777683e-17 
 1187       1.624599252874e-10       1.651573640100e-12      -5.185060511392e-12       0.000000000000e+00       4.330485012621e-15      -1.638824176190e-16       4.030200157403e-17 
 1188       1.623224073180e-10       1.644001859064e-12      -5.057269504124e-12       0.000000000000e+00       4.316791922600e-15      -1.640713348331e-16       3.874058241698e-17 
 1189       1.621744051247e-10       1.637117215905e-12      -4.929532617002e-12       0.000000000000e+00       4.303153020933e-15      -1.642155678110e-16       3.718491862093e-17 
 1190       1.620159700645e-10       1.630918820961e-12      -4.801905679866e-12       0.000000000000e+00       4.289568072246e-15      -1.643087962422e-16       3.563504852097e-17 
 1191       1.618471540888e-10       1.625405760573e-12      -4.674444888896e-12       0.000000000000e+00       4.276036837163e-15      -1.643446584643e-16       3.409101047187e-17 
 1192       1.616680097448e-10       1.620577097023e-12      -4.547206807370e-12       0.000000000000e+00       4.262559072294e-15      -1.643167513773e-16       3.255284284791e-17 
 1193       1.614785901768e-10       1.616431868471e-12      -4.420248366428e-12       0.000000000000e+00       4.249134530221e-15      -1.642186303577e-16       3.102058404276e-17 
 1194       1.612789491278e-10       1.612969088894e-12      -4.293626865825e-12       0.000000000000e+00       4.235762959497e-15      -1.640438091721e-16       2.949427246927e-17 
 1195       1.610691409410e-10       1.610187748016e-12      -4.167399974700e-12       0.000000000000e+00       4.222444104623e-15      -1.637857598918e-16       2.797394655936e-17 
 1196       1.608492205607e-10       1.608086811252e-12      -4.041625732329e-12       0.000000000000e+00       4.209177706048e-15      -1.634379128060e-16       2.645964476381e-17 
 1197       1.606192435345e-10       1.606665219644e-12      -3.916362548886e-12       0.000000000000e+00       4.195963500154e-15      -1.629936563365e-16       2.495140555218e-17 
 1198       1.603792660139e-10       1.605921889791e-12      -3.791669206207e-12       0.000000000000e+00       4.182801219243e-15      -1.624463369514e-16       2.344926741257e-17 
 1199       1.601293447562e-10       1.605855713796e-12      -3.667604858544e-12       0.000000000000e+00       4.169690591533e-15      -1.617892590792e-16       2.195326885150e-17 
 1200       1.598695371261e-10       1.606465559195e-12      -3.544229033330e-12       0.000000000000e+00       4.156631341141e-15      -1.610156850224e-16       2.046344839377e-17 
 1201       1.595999010963e-10       1.607750268895e-12      -3.421601631938e-12       0.000000000000e+00       4.143623188077e-15      -1.601188348721e-16       1.897984458226e-17 
 1202       1.593204952500e-10       1.609708661116e-12      -3.299782930436e-12       0.000000000000e+00       4.130665848231e-15      -1.590918864217e-16       1.750249597781e-17 
 1203       1.590313787813e-10       1.612339529321e-12      -3.178833580356e-12       0.000000000000e+00       4.117759033362e-15      -1.579279750806e-16       1.603144115903e-17 
 1204       1.587326114972e-10       1.615641642157e-12      -3.058814609446e-12       0.000000000000e+00       4.104902451092e-15      -1.566201937888e-16       1.456671872219e-17 
 1205       1.584242538190e-10       1.619613743390e-12      -2.939787422432e-12       0.000000000000e+00       4.092095804888e-15      -1.551615929305e-16       1.310836728099e-17 
 1206       1.581063667836e-10       1.624254551845e-12      -2.821813801781e-12       0.000000000000e+00       4.079338794060e-15      -1.535451802482e-16       1.165642546647e-17 
 1207       1.577790120446e-10       1.629562761337e-12      -2.704955908458e-12       0.000000000000e+00       4.066631113743e-15      -1.517639207564e-16       1.021093192682e-17 
 1208       1.574422518744e-10       1.635537040614e-12      -2.589276282687e-12       0.000000000000e+00       4.053972454891e-15      -1.498107366563e-16       8.771925327225e-18 
 1209       1.570961491650e-10       1.642176033288e-12      -2.474837844709e-12       0.000000000000e+00       4.041362504264e-15      -1.476785072491e-16       7.339444349711e-18 
 1210       1.567407674298e-10       1.649478357778e-12      -2.361703895546e-12       0.000000000000e+00       4.028800944421e-15      -1.453600688502e-16       5.913527692984e-18 
 1211       1.563761871238e-10       1.657441407862e-12      -2.249931807149e-12       0.000000000000e+00       4.016287484914e-15      -1.428504412221e-16       4.494208452840e-18 
 1212       1.560025548185e-10       1.666057738640e-12      -2.139554007961e-12       0.000000000000e+00       4.003821956324e-15      -1.401535364613e-16       3.081497189445e-18 
 1213       1.556200346234e-10       1.675318636822e-12      -2.030596769356e-12       0.000000000000e+00       3.991404217342e-15      -1.372755309184e-16       1.675398655354e-18 
 1214       1.552287919238e-10       1.685215315994e-12      -1.923086495672e-12       0.000000000000e+00       3.979034123654e-15      -1.342226461210e-16       2.759173957948e-19 
 1215       1.548289933833e-10       1.695738916457e-12      -1.817049724456e-12       0.000000000000e+00       3.966711527931e-15      -1.310011488697e-16      -1.116942251950e-18 
 1216       1.544208069464e-10       1.706880505060e-12      -1.712513126709e-12       0.000000000000e+00       3.954436279827e-15      -1.276173513338e-16      -2.503176159161e-18 
 1217       1.540044018417e-10       1.718631075046e-12      -1.609503507128e-12       0.000000000000e+00       3.942208225965e-15      -1.240776111477e-16      -3.882780406298e-18 
 1218       1.535799485844e-10       1.730981545887e-12      -1.508047804349e-12       0.000000000000e+00       3.930027209931e-15      -1.203883315066e-16      -5.255751283619e-18 
 1219       1.531476189788e-10       1.743922763123e-12      -1.408173091196e-12       0.000000000000e+00       3.917893072267e-15      -1.165559612630e-16      -6.622085291797e-18 
 1220       1.527075861215e-10       1.757445498199e-12      -1.309906574919e-12       0.000000000000e+00       3.905805650464e-15      -1.125869950221e-16      -7.981779142533e-18 
 1221       1.522600244039e-10       1.771540448309e-12      -1.213275597443e-12       0.000000000000e+00       3.893764778950e-15      -1.084879732385e-16      -9.334829759182e-18 
 1222       1.518051095150e-10       1.786198236230e-12      -1.118307635607e-12       0.000000000000e+00       3.881770289084e-15      -1.042654823116e-16      -1.068123427736e-17 
 1223       1.513430184441e-10       1.801409410162e-12      -1.025030301413e-12       0.000000000000e+00       3.869822009152e-15      -9.992615468222e-17      -1.202099004557e-17 
 1224       1.508739294837e-10       1.817164443566e-12      -9.334713422686e-13       0.000000000000e+00       3.857919764352e-15      -9.547666892818e-17      -1.335409462582e-17 
 1225       1.503980222319e-10       1.833453735007e-12      -8.436586412277e-13       0.000000000000e+00       3.846063376791e-15      -9.092374986056e-17      -1.468054579422e-17 
 1226       1.499154775956e-10       1.850267607987e-12      -7.556202172387e-13       0.000000000000e+00       3.834252665476e-15      -8.627416861964e-17      -1.600034154163e-17 
 1227       1.494264777929e-10       1.867596310788e-12      -6.693842253864e-13       0.000000000000e+00       3.822487446304e-15      -8.153474277101e-17      -1.731348007425e-17 
 1228       1.489312063562e-10       1.885430016306e-12      -5.849789571364e-13       0.000000000000e+00       3.810767532057e-15      -7.671233640151e-17      -1.861995981427e-17 
 1229       1.484298481344e-10       1.903758821897e-12      -5.024328405795e-13       0.000000000000e+00       3.799092732394e-15      -7.181386021536e-17      -1.991977940045e-17 
 1230       1.479225892961e-10       1.922572749208e-12      -4.217744406750e-13       0.000000000000e+00       3.787462853838e-15      -6.684627163008e-17      -2.121293768875e-17 
 1231       1.474096173325e-10       1.941861744022e-12      -3.430324594953e-13       0.000000000000e+00       3.775877699774e-15      -6.181657487264e-17      -2.249943375297e-17 
 1232       1.468911210593e-10       1.961615676092e-12      -2.662357364697e-13       0.000000000000e+00       3.764337070440e-15      -5.673182107539e-17      -2.377926688533e-17 
 1233       1.463672906207e-10       1.981824338984e-12      -1.914132486284e-13       0.000000000000e+00       3.752840762916e-15      -5.159910837217e-17      -2.505243659712e-17 
 1234       1.458383174908e-10       2.002477449912e-12      -1.185941108465e-13       0.000000000000e+00       3.741388571118e-15      -4.642558199427e-17      -2.631894261928e-17 
 1235       1.453043944776e-10       2.023564649579e-12      -4.780757608810e-14       0.000000000000e+00       3.729980285791e-15      -4.121843436652e-17      -2.757878490307e-17 
 1236       1.447657157247e-10       2.045075502014e-12       2.091696434981e-14       0.000000000000e+00       3.718615694498e-15      -3.598490520331e-17      -2.883196362064e-17 
 1237       1.442224767147e-10       2.066999494415e-12       8.754998059327e-14       0.000000000000e+00       3.707294581615e-15      -3.073228160458e-17      -3.007847916566e-17 
 1238       1.436748742719e-10       2.089326036982e-12       1.520618039473e-13       0.000000000000e+00       3.696016728324e-15      -2.546789815192e-17      -3.131833215397e-17 
 1239       1.431231065648e-10       2.112044462758e-12       2.144226266521e-13       0.000000000000e+00       3.684781912599e-15      -2.019913700454e-17      -3.255152342412e-17 
 1240       1.425673731087e-10       2.135144027470e-12       2.746025016385e-13       0.000000000000e+00       3.673589909206e-15      -1.493342799533e-17      -3.377805403809e-17 
 1241       1.420078747691e-10       2.158613909366e-12       3.325713422849e-13       0.000000000000e+00       3.662440489688e-15      -9.678248726901e-18      -3.499792528182e-17 
 1242       1.414448137638e-10       2.182443209052e-12       3.882989221721e-13       0.000000000000e+00       3.651333422362e-15      -4.441124667586e-18      -3.621113866587e-17 
 1243       1.408783936660e-10       2.206620949334e-12       4.417548748403e-13       0.000000000000e+00       3.640268472309e-15       7.703707525001e-19      -3.741769592602e-17 
 1244       1.403088194069e-10       2.231136075055e-12       4.929086935444e-13       0.000000000000e+00       3.629245401365e-15       5.948616045440e-18      -3.861759902392e-17 
 1245       1.397362972786e-10       2.255977452932e-12       5.417297310104e-13       0.000000000000e+00       3.618263968116e-15       1.108594156948e-17      -3.981085014764e-17 
 1246       1.391610349366e-10       2.281133871400e-12       5.881871991913e-13       0.000000000000e+00       3.607323927886e-15       1.617462943301e-17      -4.099745171238e-17 
 1247       1.385832414027e-10       2.306594040446e-12       6.322501690228e-13       0.000000000000e+00       3.596425032734e-15       2.120691339851e-17      -4.217740636100e-17 
 1248       1.380031270679e-10       2.332346591448e-12       6.738875701797e-13       0.000000000000e+00       3.585567031441e-15       2.617497878653e-17      -4.335071696468e-17 
 1249       1.374209036948e-10       2.358380077018e-12       7.130681908317e-13       0.000000000000e+00       3.574749669506e-15       3.107096237967e-17      -4.451738662355e-17 
 1250       1.368367844206e-10       2.384682970834e-12       7.497606773994e-13       0.000000000000e+00       3.563972689136e-15       3.588695232653e-17      -4.567741866727e-17 
 1251       1.362509760736e-10       2.411243750207e-12       7.839403805308e-13       0.000000000000e+00       3.553235853519e-15       4.061666976171e-17      -4.683075584526e-17 
 1252       1.356636560189e-10       2.438051145136e-12       8.156099810808e-13       0.000000000000e+00       3.542539019972e-15       4.526053536660e-17      -4.797709711836e-17 
 1253       1.350749950476e-10       2.465093891840e-12       8.447791046742e-13       0.000000000000e+00       3.531882067634e-15       4.982066182361e-17      -4.911607872746e-17 
 1254       1.344851650406e-10       2.492360650144e-12       8.714574976295e-13       0.000000000000e+00       3.521264873252e-15       5.429917750365e-17      -5.024733480574e-17 
 1255       1.338943389707e-10       2.519840003329e-12       8.956550272399e-13       0.000000000000e+00       3.510687311181e-15       5.869822649904e-17      -5.137049737453e-17 
 1256       1.333026909047e-10       2.547520457972e-12       9.173816820535e-13       0.000000000000e+00       3.500149253372e-15       6.301996865622e-17      -5.248519633935e-17 
 1257       1.327103960060e-10       2.575390443791e-12       9.366475721537e-13       0.000000000000e+00       3.489650569370e-15       6.726657960863e-17      -5.359105948582e-17 
 1258       1.321176305361e-10       2.603438313495e-12       9.534629294400e-13       0.000000000000e+00       3.479191126306e-15       7.144025080953e-17      -5.468771247564e-17 
 1259       1.315245718571e-10       2.631652342626e-12       9.678381079087e-13       0.000000000000e+00       3.468770788891e-15       7.554318956477e-17      -5.577477884256e-17 
 1260       1.309313984341e-10       2.660020729402e-12       9.797835839327e-13       0.000000000000e+00       3.458389419411e-15       7.957761906563e-17      -5.685187998829e-17 
 1261       1.303382898368e-10       2.688531594567e-12       9.893099565427e-13       0.000000000000e+00       3.448046877718e-15       8.354577842163e-17      -5.791863517850e-17 
 1262       1.297454267422e-10       2.717172981231e-12       9.964279477075e-13       0.000000000000e+00       3.437743021228e-15       8.744992269337e-17      -5.897466153878e-17 
 1263       1.291529909363e-10       2.745932854719e-12       1.001148402614e-12       0.000000000000e+00       3.427477704913e-15       9.129232292530e-17      -6.001957405058e-17 
 1264       1.285611653167e-10       2.774799102414e-12       1.003482289950e-12       0.000000000000e+00       3.417250781294e-15       9.507526617856e-17      -6.105298554717e-17 
 1265       1.279701338943e-10       2.803759533604e-12       1.003440702180e-12       0.000000000000e+00       3.407062100435e-15       9.880105556381e-17      -6.207450670959e-17 
 1266       1.273800817960e-10       2.832801879324e-12       1.001034855831e-12       0.000000000000e+00       3.396911509938e-15       1.024720102740e-16      -6.308374606264e-17 
 1267       1.267911952662e-10       2.861913792204e-12       9.962760917698e-13       0.000000000000e+00       3.386798854938e-15       1.060904656172e-16      -6.408030997082e-17 
 1268       1.262036616696e-10       2.891082846312e-12       9.891758754847e-13       0.000000000000e+00       3.376723978093e-15       1.096587730495e-16      -6.506380263426e-17 
 1269       1.256176694930e-10       2.920296537002e-12       9.797457973655e-13       0.000000000000e+00       3.366686719581e-15       1.131793002077e-16      -6.603382608474e-17 
 1270       1.250334083474e-10       2.949542280755e-12       9.679975729842e-13       0.000000000000e+00       3.356686917095e-15       1.166544309422e-16      -6.698998018158e-17 
 1271       1.244510689705e-10       2.978807415028e-12       9.539430433756e-13       0.000000000000e+00       3.346724405832e-15       1.200865653496e-16      -6.793186260765e-17 
 1272       1.238708432284e-10       3.008079198097e-12       9.375941753180e-13       0.000000000000e+00       3.336799018491e-15       1.234781198061e-16      -6.885906886531e-17 
 1273       1.232929241183e-10       3.037344808902e-12       9.189630616133e-13       0.000000000000e+00       3.326910585267e-15       1.268315269996e-16      -6.977119227235e-17 
 1274       1.227175057701e-10       3.066591346893e-12       8.980619213675e-13       0.000000000000e+00       3.317058933843e-15       1.301492359629e-16      -7.066782395799e-17 
 1275       1.221447834491e-10       3.095805831875e-12       8.749031002719e-13       0.000000000000e+00       3.307243889384e-15       1.334337121065e-16      -7.154855285880e-17 
 1276       1.215749535576e-10       3.124975203851e-12       8.494990708829e-13       0.000000000000e+00       3.297465274532e-15       1.366874372513e-16      -7.241296571467e-17 
 1277       1.210082136375e-10       3.154086322872e-12       8.218624329027e-13       0.000000000000e+00       3.287722909399e-15       1.399129096616e-16      -7.326064706477e-17 
 1278       1.204447623724e-10       3.183125968876e-12       7.920059134601e-13       0.000000000000e+00       3.278016611562e-15       1.431126440777e-16      -7.409117924352e-17 
 1279       1.198847995894e-10       3.212080841538e-12       7.599423673906e-13       0.000000000000e+00       3.268346196057e-15       1.462891717488e-16      -7.490414237652e-17 
 1280       1.193285262619e-10       3.240937560112e-12       7.256847775173e-13       0.000000000000e+00       3.258711475368e-15       1.494450404658e-16      -7.569911437653e-17 
 1281       1.187761445109e-10       3.269682663278e-12       6.892462549311e-13       0.000000000000e+00       3.249112259431e-15       1.525828145943e-16      -7.647567093944e-17 
 1282       1.182278576081e-10       3.298302608987e-12       6.506400392716e-13       0.000000000000e+00       3.239548355616e-15       1.557050751070e-16      -7.723338554018e-17 
 1283       1.176838699774e-10       3.326783774304e-12       6.098794990072e-13       0.000000000000e+00       3.230019568732e-15       1.588144196170e-16      -7.797182942874e-17 
 1284       1.171443871971e-10       3.355112455255e-12       5.669781317158e-13       0.000000000000e+00       3.220525701011e-15       1.619134624103e-16      -7.869057162607e-17 
 1285       1.166096160026e-10       3.383274866672e-12       5.219495643654e-13       0.000000000000e+00       3.211066552110e-15       1.650048344786e-16      -7.938917892009e-17 
 1286       1.160797642878e-10       3.411257142039e-12       4.748075535946e-13       0.000000000000e+00       3.201641919099e-15       1.680911835524e-16      -8.006721586160e-17 
 1287       1.155550411079e-10       3.439045333332e-12       4.255659859930e-13       0.000000000000e+00       3.192251596460e-15       1.711751741335e-16      -8.072424476028e-17 
 1288       1.150356566811e-10       3.466625410873e-12       3.742388783818e-13       0.000000000000e+00       3.182895376076e-15       1.742594875279e-16      -8.135982568063e-17 
 1289       1.145218223912e-10       3.493983263166e-12       3.208403780942e-13       0.000000000000e+00       3.173573047227e-15       1.773468218787e-16      -8.197351643792e-17 
 1290       1.140137507892e-10       3.521104696749e-12       2.653847632563e-13       0.000000000000e+00       3.164284396585e-15       1.804398921990e-16      -8.256487259415e-17 
 1291       1.135116322974e-10       3.547976633096e-12       2.078899665090e-13       0.000000000000e+00       3.155029228777e-15       1.835409233234e-16      -8.313359780813e-17 
 1292       1.130155650260e-10       3.574590714485e-12       1.483881892821e-13       0.000000000000e+00       3.145807428334e-15       1.866501224140e-16      -8.367999675712e-17 
 1293       1.125256241659e-10       3.600939738660e-12       8.691540828198e-14       0.000000000000e+00       3.136618898434e-15       1.897671892211e-16      -8.420452733632e-17 
 1294       1.120418852155e-10       3.627016465404e-12       2.350786348776e-14       0.000000000000e+00       3.127463540385e-15       1.928918215917e-16      -8.470765077691e-17 
 1295       1.115644239811e-10       3.652813616472e-12      -4.179794131453e-14       0.000000000000e+00       3.118341253626e-15       1.960237154658e-16      -8.518983165278e-17 
 1296       1.110933165776e-10       3.678323875518e-12      -1.089652379980e-13       0.000000000000e+00       3.109251935720e-15       1.991625648724e-16      -8.565153788733e-17 
 1297       1.106286394290e-10       3.703539888032e-12      -1.779569935609e-13       0.000000000000e+00       3.100195482347e-15       2.023080619262e-16      -8.609324076021e-17 
 1298       1.101704692685e-10       3.728454261266e-12      -2.487359095925e-13       0.000000000000e+00       3.091171787307e-15       2.054598968236e-16      -8.651541491417e-17 
 1299       1.097188831396e-10       3.753059564170e-12      -3.212644217393e-13       0.000000000000e+00       3.082180742505e-15       2.086177578395e-16      -8.691853836173e-17 
 1300       1.092739583961e-10       3.777348327318e-12      -3.955046991709e-13       0.000000000000e+00       3.073222237954e-15       2.117813313231e-16      -8.730309249206e-17 
 1301       1.088357727025e-10       3.801313042845e-12      -4.714186440458e-13       0.000000000000e+00       3.064296161770e-15       2.149503016945e-16      -8.766956207768e-17 
 1302       1.084044040351e-10       3.824946164372e-12      -5.489678909778e-13       0.000000000000e+00       3.055402400161e-15       2.181243514411e-16      -8.801843528126e-17 
 1303       1.079799306819e-10       3.848240106943e-12      -6.281138065017e-13       0.000000000000e+00       3.046540837430e-15       2.213031611138e-16      -8.835020366242e-17 
 1304       1.075624312433e-10       3.871187246952e-12      -7.088174885392e-13       0.000000000000e+00       3.037711355967e-15       2.244864093234e-16      -8.866536218447e-17 
 1305       1.071519846324e-10       3.893779922076e-12      -7.910397658652e-13       0.000000000000e+00       3.028913836243e-15       2.276737727368e-16      -8.896440922118e-17 
 1306       1.067486700760e-10       3.916010431208e-12      -8.747411975738e-13       0.000000000000e+00       3.020148156808e-15       2.308649260736e-16      -8.924784656361e-17 
 1307       1.063525671144e-10       3.937871034384e-12      -9.598820725437e-13       0.000000000000e+00       3.011414194285e-15       2.340595421023e-16      -8.951617942681e-17 
 1308       1.059637556023e-10       3.959353952717e-12      -1.046422408905e-12       0.000000000000e+00       3.002711823367e-15       2.372572916363e-16      -8.976991645666e-17 
 1309       1.055823157093e-10       3.980451368328e-12      -1.134321953505e-12       0.000000000000e+00       2.994040916808e-15       2.404578435310e-16      -9.000956973662e-17 
 1310       1.052083279202e-10       4.001155424277e-12      -1.223540181373e-12       0.000000000000e+00       2.985401345424e-15       2.436608646793e-16      -9.023565479447e-17 
 1311       1.048418730354e-10       4.021458224495e-12      -1.314036295189e-12       0.000000000000e+00       2.976792978085e-15       2.468660200086e-16      -9.044869060917e-17 
 1312       1.044830321719e-10       4.041351833712e-12      -1.405769224746e-12       0.000000000000e+00       2.968215681712e-15       2.500729724766e-16      -9.064919961754e-17 
 1313       1.041318867630e-10       4.060828277394e-12      -1.498697626419e-12       0.000000000000e+00       2.959669321269e-15       2.532813830680e-16      -9.083770772110e-17 
 1314       1.037885185596e-10       4.079879541667e-12      -1.592779882631e-12       0.000000000000e+00       2.951153759763e-15       2.564909107907e-16      -9.101474429282e-17 
 1315       1.034530096299e-10       4.098497573255e-12      -1.687974101316e-12       0.000000000000e+00       2.942668858239e-15       2.597012126721e-16      -9.118084218391e-17 
 1316       1.031254423607e-10       4.116674279407e-12      -1.784238115388e-12       0.000000000000e+00       2.934214475769e-15       2.629119437556e-16      -9.133653773056e-17 
 1317       1.028058994570e-10       4.134401527829e-12      -1.881529482205e-12       0.000000000000e+00       2.925790469455e-15       2.661227570968e-16      -9.148237076078e-17 
 1318       1.024944639434e-10       4.151671146617e-12      -1.979805483039e-12       0.000000000000e+00       2.917396694422e-15       2.693333037596e-16      -9.161888460109e-17 
 1319       1.021912191637e-10       4.168474924187e-12      -2.079023122534e-12       0.000000000000e+00       2.909033003812e-15       2.725432328131e-16      -9.174662608338e-17 
 1320       1.018962487821e-10       4.184804609203e-12      -2.179139128182e-12       0.000000000000e+00       2.900699248778e-15       2.757521913275e-16      -9.186614555161e-17 
 1321       1.016096367832e-10       4.200651910516e-12      -2.280109949780e-12       0.000000000000e+00       2.892395278486e-15       2.789598243704e-16      -9.197799686866e-17 
 1322       1.013314674728e-10       4.216008497087e-12      -2.381891758901e-12       0.000000000000e+00       2.884120940102e-15       2.821657750035e-16      -9.208273742304e-17 
 1323       1.010618254782e-10       4.230865997924e-12      -2.484440448360e-12       0.000000000000e+00       2.875876078792e-15       2.853696842787e-16      -9.218092813569e-17 
 1324       1.008007957487e-10       4.245216002009e-12      -2.587711631679e-12       0.000000000000e+00       2.867660537719e-15       2.885711912341e-16      -9.227313346677e-17 
 1325       1.005484635561e-10       4.259050058232e-12      -2.691660642551e-12       0.000000000000e+00       2.859474158034e-15       2.917699328912e-16      -9.235992142241e-17 
 1326       1.003049144953e-10       4.272359675323e-12      -2.796242534308e-12       0.000000000000e+00       2.851316778872e-15       2.949655442504e-16      -9.244186356151e-17 
 1327       1.000702344846e-10       4.285136321780e-12      -2.901412079390e-12       0.000000000000e+00       2.843188237353e-15       2.981576582877e-16      -9.251953500250e-17 
 1328       9.984450976639e-11       4.297371425801e-12      -3.007123768804e-12       0.000000000000e+00       2.835088368570e-15       3.013459059509e-16      -9.259351443011e-17 
 1329       9.962782690732e-11       4.309056375219e-12      -3.113331811596e-12       0.000000000000e+00       2.827017005587e-15       3.045299161563e-16      -9.266438410215e-17 
 1330       9.942027279911e-11       4.320182517427e-12      -3.219990134314e-12       0.000000000000e+00       2.818973979437e-15       3.077093157844e-16      -9.273272985631e-17 
 1331       9.922191133988e-11       4.330742699767e-12      -3.327053704130e-12       0.000000000000e+00       2.810959134664e-15       3.108836993032e-16      -9.279900437980e-17 
 1332       9.903271319753e-11       4.340735909331e-12      -3.434482515181e-12       0.000000000000e+00       2.802972376150e-15       3.140525372781e-16      -9.286311536126e-17 
 1333       9.885262527581e-11       4.350162683991e-12      -3.542237644956e-12       0.000000000000e+00       2.795013622797e-15       3.172152668495e-16      -9.292483282803e-17 
 1334       9.868159396213e-11       4.359023576609e-12      -3.650279934174e-12       0.000000000000e+00       2.787082792013e-15       3.203713220095e-16      -9.298392547027e-17 
 1335       9.851956512655e-11       4.367319155066e-12      -3.758569986335e-12       0.000000000000e+00       2.779179799717e-15       3.235201335960e-16      -9.304016063851e-17 
 1336       9.836648412062e-11       4.375050002305e-12      -3.867068167276e-12       0.000000000000e+00       2.771304560330e-15       3.266611292872e-16      -9.309330434117e-17 
 1337       9.822229577629e-11       4.382216716361e-12      -3.975734604731e-12       0.000000000000e+00       2.763456986772e-15       3.297937335955e-16      -9.314312124205e-17 
 1338       9.808694440485e-11       4.388819910400e-12      -4.084529187883e-12       0.000000000000e+00       2.755636990462e-15       3.329173678625e-16      -9.318937465787e-17 
 1339       9.796037379580e-11       4.394860212753e-12      -4.193411566919e-12       0.000000000000e+00       2.747844481308e-15       3.360314502524e-16      -9.323182655580e-17 
 1340       9.784252721577e-11       4.400338266950e-12      -4.302341152587e-12       0.000000000000e+00       2.740079367710e-15       3.391353957469e-16      -9.327023755094e-17 
 1341       9.773334740742e-11       4.405254731759e-12      -4.411277115753e-12       0.000000000000e+00       2.732341556552e-15       3.422286161393e-16      -9.330436690390e-17 
 1342       9.763277658836e-11       4.409610281218e-12      -4.520178386953e-12       0.000000000000e+00       2.724630953202e-15       3.453105200287e-16      -9.333397251826e-17 
 1343       9.754075645001e-11       4.413405604673e-12      -4.629003655953e-12       0.000000000000e+00       2.716947461505e-15       3.483805128144e-16      -9.335881093814e-17 
 1344       9.745722815658e-11       4.416641406812e-12      -4.737711371299e-12       0.000000000000e+00       2.709290983781e-15       3.514379966900e-16      -9.337863734568e-17 
 1345       9.738213234388e-11       4.419318407702e-12      -4.846259739879e-12       0.000000000000e+00       2.701661420822e-15       3.544823706378e-16      -9.339320555859e-17 
 1346       9.731540911832e-11       4.421437342821e-12      -4.954606726473e-12       0.000000000000e+00       2.694058671885e-15       3.575130304233e-16      -9.340226802765e-17 
 1347       9.725699805573e-11       4.422998963098e-12      -5.062710053311e-12       0.000000000000e+00       2.686482634696e-15       3.605293685889e-16      -9.340557583424e-17 
 1348       9.720683820033e-11       4.424004034947e-12      -5.170527199631e-12       0.000000000000e+00       2.678933205438e-15       3.635307744487e-16      -9.340287868786e-17 
 1349       9.716486806360e-11       4.424453340301e-12      -5.278015401229e-12       0.000000000000e+00       2.671410278752e-15       3.665166340827e-16      -9.339392492364e-17 
 1350       9.713102562319e-11       4.424347676647e-12      -5.385131650020e-12       0.000000000000e+00       2.663913747732e-15       3.694863303308e-16      -9.337846149987e-17 
 1351       9.710524832183e-11       4.423687857064e-12      -5.491832693589e-12       0.000000000000e+00       2.656443503922e-15       3.724392427874e-16      -9.335623399553e-17 
 1352       9.708747306623e-11       4.422474710259e-12      -5.598075034751e-12       0.000000000000e+00       2.648999437314e-15       3.753747477953e-16      -9.332698660779e-17 
 1353       9.707763622598e-11       4.420709080599e-12      -5.703814931103e-12       0.000000000000e+00       2.641581436341e-15       3.782922184406e-16      -9.329046214952e-17 
 1354       9.707567363248e-11       4.418391828149e-12      -5.809008394582e-12       0.000000000000e+00       2.634189387875e-15       3.811910245461e-16      -9.324640204686e-17 
 1355       9.708152057781e-11       4.415523828706e-12      -5.913611191019e-12       0.000000000000e+00       2.626823177224e-15       3.840705326666e-16      -9.319454633667e-17 
 1356       9.709511181365e-11       4.412105973837e-12      -6.017578839695e-12       0.000000000000e+00       2.619482688128e-15       3.869301060822e-16      -9.313463366413e-17 
 1357       9.711638155019e-11       4.408139170911e-12      -6.120866612898e-12       0.000000000000e+00       2.612167802756e-15       3.897691047932e-16      -9.306640128019e-17 
 1358       9.714526345502e-11       4.403624343136e-12      -6.223429535475e-12       0.000000000000e+00       2.604878401702e-15       3.925868855143e-16      -9.298958503912e-17 
 1359       9.718169065206e-11       4.398562429598e-12      -6.325222384393e-12       0.000000000000e+00       2.597614363979e-15       3.953828016686e-16      -9.290391939603e-17 
 1360       9.722559572042e-11       4.392954385291e-12      -6.426199688288e-12       0.000000000000e+00       2.590375567022e-15       3.981562033822e-16      -9.280913740439e-17 
 1361       9.727691069337e-11       4.386801181153e-12      -6.526315727028e-12       0.000000000000e+00       2.583161886675e-15       4.009064374782e-16      -9.270497071356e-17 
 1362       9.733556705717e-11       4.380103804106e-12      -6.625524531261e-12       0.000000000000e+00       2.575973197196e-15       4.036328474712e-16      -9.259114956627e-17 
 1363       9.740149575005e-11       4.372863257088e-12      -6.723779881976e-12       0.000000000000e+00       2.568809371249e-15       4.063347735614e-16      -9.246740279619e-17 
 1364       9.747462716103e-11       4.365080559090e-12      -6.821035310058e-12       0.000000000000e+00       2.561670279902e-15       4.090115526291e-16      -9.233345782542e-17 
 1365       9.755489112892e-11       4.356756745188e-12      -6.917244095840e-12       0.000000000000e+00       2.554555792623e-15       4.116625182287e-16      -9.218904066202e-17 
 1366       9.764221694113e-11       4.347892866583e-12      -7.012359268664e-12       0.000000000000e+00       2.547465777275e-15       4.142870005833e-16      -9.203387589753e-17 
 1367       9.773653333265e-11       4.338489990636e-12      -7.106333606429e-12       0.000000000000e+00       2.540400100114e-15       4.168843265786e-16      -9.186768670447e-17 
 1368       9.783776848492e-11       4.328549200900e-12      -7.199119635156e-12       0.000000000000e+00       2.533358625785e-15       4.194538197574e-16      -9.169019483391e-17 
 1369       9.794585002472e-11       4.318071597157e-12      -7.290669628537e-12       0.000000000000e+00       2.526341217321e-15       4.219948003142e-16      -9.150112061293e-17 
 1370       9.806070502312e-11       4.307058295458e-12      -7.380935607491e-12       0.000000000000e+00       2.519347736135e-15       4.245065850885e-16      -9.130018294218e-17 
 1371       9.818224984653e-11       4.295511427468e-12      -7.469874180296e-12       0.000000000000e+00       2.512378054610e-15       4.269885451127e-16      -9.108718886718e-17 
 1372       9.831035959370e-11       4.283437150128e-12      -7.557461120354e-12       0.000000000000e+00       2.505432094028e-15       4.294402789345e-16      -9.086230334250e-17 
 1373       9.844489833059e-11       4.270842668167e-12      -7.643676943024e-12       0.000000000000e+00       2.498509787038e-15       4.318614411311e-16      -9.062578233994e-17 
 1374       9.858572920686e-11       4.257735237798e-12      -7.728502079022e-12       0.000000000000e+00       2.491611065099e-15       4.342516849227e-16      -9.037788353899e-17 
 1375       9.873271445409e-11       4.244122166816e-12      -7.811916874285e-12       0.000000000000e+00       2.484735858478e-15       4.366106621701e-16      -9.011886633007e-17 
 1376       9.888571538407e-11       4.230010814700e-12      -7.893901589832e-12       0.000000000000e+00       2.477884096246e-15       4.389380233732e-16      -8.984899181778e-17 
 1377       9.904459238708e-11       4.215408592707e-12      -7.974436401635e-12       0.000000000000e+00       2.471055706274e-15       4.412334176682e-16      -8.956852282410e-17 
 1378       9.920920493009e-11       4.200322963976e-12      -8.053501400476e-12       0.000000000000e+00       2.464250615233e-15       4.434964928262e-16      -8.927772389168e-17 
 1379       9.937941155506e-11       4.184761443626e-12      -8.131076591819e-12       0.000000000000e+00       2.457468748589e-15       4.457268952507e-16      -8.897686128702e-17 
 1380       9.955506987716e-11       4.168731598853e-12      -8.207141895666e-12       0.000000000000e+00       2.450710030602e-15       4.479242699760e-16      -8.866620300373e-17 
 1381       9.973603658310e-11       4.152241049034e-12      -8.281677146429e-12       0.000000000000e+00       2.443974384321e-15       4.500882606647e-16      -8.834601876578e-17 
 1382       9.992216742928e-11       4.135297465821e-12      -8.354662092790e-12       0.000000000000e+00       2.437261731586e-15       4.522185096058e-16      -8.801658003069e-17 
 1383       1.001133172401e-10       4.117908573243e-12      -8.426076397567e-12       0.000000000000e+00       2.430571993016e-15       4.543146577128e-16      -8.767815999281e-17 
 1384       1.003093399064e-10       4.100082147805e-12      -8.495899637577e-12       0.000000000000e+00       2.423905088018e-15       4.563763445216e-16      -8.733103358652e-17 
 1385       1.005100883832e-10       4.081826018587e-12      -8.564111303502e-12       0.000000000000e+00       2.417260934774e-15       4.584032081881e-16      -8.697547748949e-17 
 1386       1.007154146887e-10       4.063148067342e-12      -8.630690799754e-12       0.000000000000e+00       2.410639450245e-15       4.603948854869e-16      -8.661177012589e-17 
 1387       1.009251699017e-10       4.044056228599e-12      -8.695617444335e-12       0.000000000000e+00       2.404040550165e-15       4.623510118083e-16      -8.624019166967e-17 
 1388       1.011392041606e-10       4.024558489758e-12      -8.758870468707e-12       0.000000000000e+00       2.397464149037e-15       4.642712211570e-16      -8.586102404772e-17 
 1389       1.013573666614e-10       4.004662891191e-12      -8.820429017654e-12       0.000000000000e+00       2.390910160136e-15       4.661551461498e-16      -8.547455094318e-17 
 1390       1.015795056555e-10       3.984377526341e-12      -8.880272149146e-12       0.000000000000e+00       2.384378495499e-15       4.680024180135e-16      -8.508105779862e-17 
 1391       1.018054684489e-10       3.963710541822e-12      -8.938378834201e-12       0.000000000000e+00       2.377869065928e-15       4.698126665827e-16      -8.468083181931e-17 
 1392       1.020351013995e-10       3.942670137519e-12      -8.994727956757e-12       0.000000000000e+00       2.371381780983e-15       4.715855202983e-16      -8.427416197643e-17 
 1393       1.022682499159e-10       3.921264566682e-12      -9.049298313527e-12       0.000000000000e+00       2.364916548982e-15       4.733206062047e-16      -8.386133901031e-17 
 1394       1.025047584557e-10       3.899502136033e-12      -9.102068613871e-12       0.000000000000e+00       2.358473276998e-15       4.750175499483e-16      -8.344265543370e-17 
 1395       1.027444705233e-10       3.877391205860e-12      -9.153017479655e-12       0.000000000000e+00       2.352051870855e-15       4.766759757754e-16      -8.301840553493e-17 
 1396       1.029872286686e-10       3.854940190118e-12      -9.202123445119e-12       0.000000000000e+00       2.345652235125e-15       4.782955065299e-16      -8.258888538122e-17 
 1397       1.032328744853e-10       3.832157556526e-12      -9.249364956739e-12       0.000000000000e+00       2.339274273128e-15       4.798757636513e-16      -8.215439282187e-17 
 1398       1.034812486085e-10       3.809051826670e-12      -9.294720373094e-12       0.000000000000e+00       2.332917886924e-15       4.814163671729e-16      -8.171522749151e-17 
 1399       1.037321907139e-10       3.785631576100e-12      -9.338167964728e-12       0.000000000000e+00       2.326582977317e-15       4.829169357194e-16      -8.127169081331e-17 
 1400       1.039855395152e-10       3.761905434430e-12      -9.379685914014e-12       0.000000000000e+00       2.320269443846e-15       4.843770865052e-16      -8.082408600228e-17 
 1401       1.042411327630e-10       3.737882085435e-12      -9.419252315022e-12       0.000000000000e+00       2.313977184788e-15       4.857964353321e-16      -8.037271806842e-17 
 1402       1.044988072427e-10       3.713570267153e-12      -9.456845173379e-12       0.000000000000e+00       2.307706097148e-15       4.871745965872e-16      -7.991789382000e-17 
 1403       1.047583987728e-10       3.688978771985e-12      -9.492442406136e-12       0.000000000000e+00       2.301456076665e-15       4.885111832413e-16      -7.945992186682e-17 
 1404       1.050197422032e-10       3.664116446790e-12      -9.526021841632e-12       0.000000000000e+00       2.295227017800e-15       4.898058068461e-16      -7.899911262337e-17 
 1405       1.052826714135e-10       3.638992192988e-12      -9.557561219358e-12       0.000000000000e+00       2.289018813743e-15       4.910580775329e-16      -7.853577831213e-17 
 1406       1.055470193112e-10       3.613614966657e-12      -9.587038189821e-12       0.000000000000e+00       2.282831356400e-15       4.922676040101e-16      -7.807023296679e-17 
 1407       1.058126178301e-10       3.587993778635e-12      -9.614430314411e-12       0.000000000000e+00       2.276664536398e-15       4.934339935612e-16      -7.760279243546e-17 
 1408       1.060792979283e-10       3.562137694616e-12      -9.639715065260e-12       0.000000000000e+00       2.270518243081e-15       4.945568520431e-16      -7.713377438392e-17 
 1409       1.063468895866e-10       3.536055835251e-12      -9.662869825112e-12       0.000000000000e+00       2.264392364502e-15       4.956357838833e-16      -7.666349829887e-17 
 1410       1.066152218068e-10       3.509757376247e-12      -9.683871887186e-12       0.000000000000e+00       2.258286787427e-15       4.966703920788e-16      -7.619228549114e-17 
 1411       1.068841293163e-10       3.483251517151e-12      -9.702703712186e-12       0.000000000000e+00       2.252201407421e-15       4.976604491112e-16      -7.572037369014e-17 
 1412       1.071534727622e-10       3.456547387143e-12      -9.719368759236e-12       0.000000000000e+00       2.246136159238e-15       4.986064116367e-16      -7.524765985219e-17 
 1413       1.074231187229e-10       3.429654138468e-12      -9.733875818754e-12       0.000000000000e+00       2.240090986740e-15       4.995089111271e-16      -7.477395469302e-17 
 1414       1.076929330198e-10       3.402580977751e-12      -9.746233770374e-12       0.000000000000e+00       2.234065832836e-15       5.003685834433e-16      -7.429906785273e-17 
 1415       1.079627807153e-10       3.375337166103e-12      -9.756451583125e-12       0.000000000000e+00       2.228060639471e-15       5.011860688445e-16      -7.382280789395e-17 
 1416       1.082325261120e-10       3.347932019212e-12      -9.764538315614e-12       0.000000000000e+00       2.222075347632e-15       5.019620119957e-16      -7.334498229985e-17 
 1417       1.085020327512e-10       3.320374907445e-12      -9.770503116205e-12       0.000000000000e+00       2.216109897342e-15       5.026970619761e-16      -7.286539747230e-17 
 1418       1.087711634115e-10       3.292675255942e-12      -9.774355223203e-12       0.000000000000e+00       2.210164227659e-15       5.033918722879e-16      -7.238385872993e-17 
 1419       1.090397801074e-10       3.264842544715e-12      -9.776103965031e-12       0.000000000000e+00       2.204238276672e-15       5.040471008636e-16      -7.190017030621e-17 
 1420       1.093077440881e-10       3.236886308745e-12      -9.775758760414e-12       0.000000000000e+00       2.198331981500e-15       5.046634100751e-16      -7.141413534758e-17 
 1421       1.095749158363e-10       3.208816138081e-12      -9.773329118559e-12       0.000000000000e+00       2.192445278292e-15       5.052414667415e-16      -7.092555591149e-17 
 1422       1.098411550663e-10       3.180641677933e-12      -9.768824639337e-12       0.000000000000e+00       2.186578102222e-15       5.057819421373e-16      -7.043423296452e-17 
 1423       1.101063207233e-10       3.152372628773e-12      -9.762255013462e-12       0.000000000000e+00       2.180730387485e-15       5.062855120010e-16      -6.993996638047e-17 
 1424       1.103702709819e-10       3.124018746433e-12      -9.753630022674e-12       0.000000000000e+00       2.174902067303e-15       5.067528565429e-16      -6.944255493843e-17 
 1425       1.106328632444e-10       3.095589842200e-12      -9.742959539920e-12       0.000000000000e+00       2.169093073912e-15       5.071846604538e-16      -6.894179632089e-17 
 1426       1.108939541398e-10       3.067095782911e-12      -9.730253529533e-12       0.000000000000e+00       2.163303338568e-15       5.075816129129e-16      -6.843748711184e-17 
 1427       1.111533995224e-10       3.038546491059e-12      -9.715522047415e-12       0.000000000000e+00       2.157532791541e-15       5.079444075960e-16      -6.792942279482e-17 
 1428       1.114110544705e-10       3.009951944881e-12      -9.698775241218e-12       0.000000000000e+00       2.151781362115e-15       5.082737426842e-16      -6.741739775106e-17 
 1429       1.116667732849e-10       2.981322178461e-12      -9.680023350523e-12       0.000000000000e+00       2.146048978583e-15       5.085703208715e-16      -6.690120525752e-17 
 1430       1.119204094878e-10       2.952667281824e-12      -9.659276707024e-12       0.000000000000e+00       2.140335568248e-15       5.088348493738e-16      -6.638063748502e-17 
 1431       1.121718158212e-10       2.923997401035e-12      -9.636545734706e-12       0.000000000000e+00       2.134641057420e-15       5.090680399363e-16      -6.585548549632e-17 
 1432       1.124208442457e-10       2.895322738299e-12      -9.611840950029e-12       0.000000000000e+00       2.128965371410e-15       5.092706088425e-16      -6.532553924418e-17 
 1433       1.126673459393e-10       2.866653552051e-12      -9.585172962107e-12       0.000000000000e+00       2.123308434535e-15       5.094432769220e-16      -6.479058756951e-17 
 1434       1.129111712956e-10       2.838000157063e-12      -9.556552472890e-12       0.000000000000e+00       2.117670170109e-15       5.095867695588e-16      -6.425041819940e-17 
 1435       1.131521699231e-10       2.809372924533e-12      -9.525990277343e-12       0.000000000000e+00       2.112050500445e-15       5.097018166996e-16      -6.370481774524e-17 
 1436       1.133901906433e-10       2.780782282186e-12      -9.493497263631e-12       0.000000000000e+00       2.106449346851e-15       5.097891528621e-16      -6.315357170082e-17 
 1437       1.136250814897e-10       2.752238714371e-12      -9.459084413297e-12       0.000000000000e+00       2.100866629630e-15       5.098495171434e-16      -6.259646444039e-17 
 1438       1.138566897064e-10       2.723752762160e-12      -9.422762801443e-12       0.000000000000e+00       2.095302268074e-15       5.098836532276e-16      -6.203327921678e-17 
 1439       1.140848617466e-10       2.695335023442e-12      -9.384543596912e-12       0.000000000000e+00       2.089756180465e-15       5.098923093948e-16      -6.146379815947e-17 
 1440       1.143094432714e-10       2.666996153023e-12      -9.344438062469e-12       0.000000000000e+00       2.084228284072e-15       5.098762385289e-16      -6.088780227267e-17 
 1441       1.145302791485e-10       2.638746862721e-12      -9.302457554982e-12       0.000000000000e+00       2.078718495149e-15       5.098361981261e-16      -6.030507143347e-17 
 1442       1.147472134507e-10       2.610597921467e-12      -9.258613525603e-12       0.000000000000e+00       2.073226728933e-15       5.097729503028e-16      -5.971538438983e-17 
 1443       1.149600894548e-10       2.582560155397e-12      -9.212917519948e-12       0.000000000000e+00       2.067752899640e-15       5.096872618043e-16      -5.911851875878e-17 
 1444       1.151687496400e-10       2.554644447957e-12      -9.165381178281e-12       0.000000000000e+00       2.062296920465e-15       5.095799040125e-16      -5.851425102443e-17 
 1445       1.153730356867e-10       2.526861739991e-12      -9.116016235691e-12       0.000000000000e+00       2.056858703580e-15       5.094516529547e-16      -5.790235653608e-17 
 1446       1.155727884752e-10       2.499223029845e-12      -9.064834522275e-12       0.000000000000e+00       2.051438160129e-15       5.093032893114e-16      -5.728260950635e-17 
 1447       1.157678480842e-10       2.471739373465e-12      -9.011847963320e-12       0.000000000000e+00       2.046035200230e-15       5.091355984250e-16      -5.665478300920e-17 
 1448       1.159580537896e-10       2.444421884488e-12      -8.957068579484e-12       0.000000000000e+00       2.040649732970e-15       5.089493703074e-16      -5.601864897809e-17 
 1449       1.161432440633e-10       2.417281734346e-12      -8.900508486973e-12       0.000000000000e+00       2.035281666402e-15       5.087453996490e-16      -5.537397820402e-17 
 1450       1.163232565714e-10       2.390330152358e-12      -8.842179897729e-12       0.000000000000e+00       2.029930907545e-15       5.085244858262e-16      -5.472054033364e-17 
 1451       1.164979459753e-10       2.363577499632e-12      -8.782097895511e-12       0.000000000000e+00       2.024597370535e-15       5.082870933082e-16      -5.405820334410e-17 
 1452       1.166672375325e-10       2.337030480343e-12      -8.720288794408e-12       0.000000000000e+00       2.019281001168e-15       5.080323291134e-16      -5.338723306835e-17 
 1453       1.168310740332e-10       2.310694902538e-12      -8.656781864940e-12       0.000000000000e+00       2.013981752599e-15       5.077589550627e-16      -5.270799668507e-17 
 1454       1.169893980469e-10       2.284576601831e-12      -8.591606566132e-12       0.000000000000e+00       2.008699577209e-15       5.074657264348e-16      -5.202086351967e-17 
 1455       1.171421519224e-10       2.258681441443e-12      -8.524792545854e-12       0.000000000000e+00       2.003434426606e-15       5.071513919554e-16      -5.132620504799e-17 
 1456       1.172892777874e-10       2.233015312254e-12      -8.456369641161e-12       0.000000000000e+00       1.998186251620e-15       5.068146937860e-16      -5.062439490008e-17 
 1457       1.174307175478e-10       2.207584132842e-12      -8.386367878634e-12       0.000000000000e+00       1.992955002305e-15       5.064543675127e-16      -4.991580886395e-17 
 1458       1.175664128878e-10       2.182393849527e-12      -8.314817474714e-12       0.000000000000e+00       1.987740627933e-15       5.060691421353e-16      -4.920082488935e-17 
 1459       1.176963052694e-10       2.157450436422e-12      -8.241748836046e-12       0.000000000000e+00       1.982543076996e-15       5.056577400562e-16      -4.847982309147e-17 
 1460       1.178203359322e-10       2.132759895470e-12      -8.167192559815e-12       0.000000000000e+00       1.977362297202e-15       5.052188770689e-16      -4.775318575476e-17 
 1461       1.179384458928e-10       2.108328256493e-12      -8.091179434087e-12       0.000000000000e+00       1.972198235474e-15       5.047512623476e-16      -4.702129733667e-17 
 1462       1.180505759448e-10       2.084161577236e-12      -8.013740438147e-12       0.000000000000e+00       1.967050837949e-15       5.042535984355e-16      -4.628454447135e-17 
 1463       1.181566666583e-10       2.060265943412e-12      -7.934906742840e-12       0.000000000000e+00       1.961920049976e-15       5.037245812338e-16      -4.554331597349e-17 
 1464       1.182566583795e-10       2.036647468744e-12      -7.854709710907e-12       0.000000000000e+00       1.956805816113e-15       5.031628999909e-16      -4.479800284201e-17 
 1465       1.183504912307e-10       2.013312295013e-12      -7.773180897328e-12       0.000000000000e+00       1.951708080127e-15       5.025672372911e-16      -4.404899826387e-17 
 1466       1.184381051094e-10       1.990266592098e-12      -7.690352049657e-12       0.000000000000e+00       1.946626784992e-15       5.019362690434e-16      -4.329669761778e-17 
 1467       1.185194396886e-10       1.967516558028e-12      -7.606255108364e-12       0.000000000000e+00       1.941561872885e-15       5.012686644706e-16      -4.254149847796e-17 
 1468       1.185944344161e-10       1.945068419020e-12      -7.520922207174e-12       0.000000000000e+00       1.936513285190e-15       5.005630860982e-16      -4.178380061795e-17 
 1469       1.186630285145e-10       1.922928429524e-12      -7.434385673404e-12       0.000000000000e+00       1.931480962488e-15       4.998181897429e-16      -4.102400601429e-17 
 1470       1.187251609802e-10       1.901102872272e-12      -7.346678028306e-12       0.000000000000e+00       1.926464844563e-15       4.990326245023e-16      -4.026251885033e-17 
 1471       1.187807705840e-10       1.879598058319e-12      -7.257831987402e-12       0.000000000000e+00       1.921464870397e-15       4.982050327428e-16      -3.949974551997e-17 
 1472       1.188297958700e-10       1.858420327089e-12      -7.167880460825e-12       0.000000000000e+00       1.916480978166e-15       4.973340500895e-16      -3.873609463140e-17 
 1473       1.188721751556e-10       1.837576046419e-12      -7.076856553659e-12       0.000000000000e+00       1.911513105243e-15       4.964183054143e-16      -3.797197701089e-17 
 1474       1.189078465313e-10       1.817071612602e-12      -6.984793566276e-12       0.000000000000e+00       1.906561188194e-15       4.954564208252e-16      -3.720780570652e-17 
 1475       1.189367478602e-10       1.796913450437e-12      -6.891724994677e-12       0.000000000000e+00       1.901625162776e-15       4.944470116551e-16      -3.644399599194e-17 
 1476       1.189588167775e-10       1.777108013267e-12      -6.797684530831e-12       0.000000000000e+00       1.896704963935e-15       4.933886864509e-16      -3.568096537013e-17 
 1477       1.189739906907e-10       1.757661783027e-12      -6.702706063013e-12       0.000000000000e+00       1.891800525805e-15       4.922800469620e-16      -3.491913357715e-17 
 1478       1.189822067786e-10       1.738581270290e-12      -6.606823676143e-12       0.000000000000e+00       1.886911781707e-15       4.911196881295e-16      -3.415892258591e-17 
 1479       1.189834019917e-10       1.719873014307e-12      -6.510071652128e-12       0.000000000000e+00       1.882038664147e-15       4.899061980751e-16      -3.340075660991e-17 
 1480       1.189775130512e-10       1.701543583056e-12      -6.412484470197e-12       0.000000000000e+00       1.877181104812e-15       4.886381580899e-16      -3.264506210701e-17 
 1481       1.189644764490e-10       1.683599573286e-12      -6.314096807244e-12       0.000000000000e+00       1.872339034572e-15       4.873141426232e-16      -3.189226778319e-17 
 1482       1.189442284476e-10       1.666047610557e-12      -6.214943538163e-12       0.000000000000e+00       1.867512383475e-15       4.859327192718e-16      -3.114280459626e-17 
 1483       1.189167050794e-10       1.648894349293e-12      -6.115059736192e-12       0.000000000000e+00       1.862701080749e-15       4.844924487683e-16      -3.039710575969e-17 
 1484       1.188818421463e-10       1.632146472817e-12      -6.014480673248e-12       0.000000000000e+00       1.857905054796e-15       4.829918849706e-16      -2.965560674630e-17 
 1485       1.188395752198e-10       1.615810693403e-12      -5.913241820268e-12       0.000000000000e+00       1.853124233192e-15       4.814295748503e-16      -2.891874529206e-17 
 1486       1.187898396404e-10       1.599893752318e-12      -5.811378847549e-12       0.000000000000e+00       1.848358542688e-15       4.798040584822e-16      -2.818696139982e-17 
 1487       1.187325705174e-10       1.584402419865e-12      -5.708927625084e-12       0.000000000000e+00       1.843607909204e-15       4.781138690324e-16      -2.746069734309e-17 
 1488       1.186677027284e-10       1.569343495432e-12      -5.605924222905e-12       0.000000000000e+00       1.838872257830e-15       4.763575327480e-16      -2.674039766976e-17 
 1489       1.185951709191e-10       1.554723807529e-12      -5.502404911420e-12       0.000000000000e+00       1.834151512824e-15       4.745335689453e-16      -2.602650920591e-17 
 1490       1.185149095030e-10       1.540550213843e-12      -5.398406161752e-12       0.000000000000e+00       1.829445597609e-15       4.726404899994e-16      -2.531948105949e-17 
 1491       1.184268703124e-10       1.526828385585e-12      -5.293963726343e-12       0.000000000000e+00       1.824754441347e-15       4.706775237376e-16      -2.461965459740e-17 
 1492       1.183310757425e-10       1.513559147435e-12      -5.189109870223e-12       0.000000000000e+00       1.820077998731e-15       4.686467883967e-16      -2.392693218823e-17 
 1493       1.182275661280e-10       1.500742101787e-12      -5.083876113254e-12       0.000000000000e+00       1.815416230381e-15       4.665511389796e-16      -2.324110521740e-17 
 1494       1.181163821395e-10       1.488376841154e-12      -4.978294147693e-12       0.000000000000e+00       1.810769096291e-15       4.643934468144e-16      -2.256196381683e-17 
 1495       1.179975647846e-10       1.476462948149e-12      -4.872395838477e-12       0.000000000000e+00       1.806136555823e-15       4.621765995821e-16      -2.188929686281e-17 
 1496       1.178711554080e-10       1.464999995467e-12      -4.766213223520e-12       0.000000000000e+00       1.801518567708e-15       4.599035013447e-16      -2.122289197378e-17 
 1497       1.177371956922e-10       1.453987545858e-12      -4.659778513994e-12       0.000000000000e+00       1.796915090044e-15       4.575770725729e-16      -2.056253550814e-17 
 1498       1.175957276585e-10       1.443425152112e-12      -4.553124094624e-12       0.000000000000e+00       1.792326080296e-15       4.552002501737e-16      -1.990801256213e-17 
 1499       1.174467936674e-10       1.433312357032e-12      -4.446282523977e-12       0.000000000000e+00       1.787751495292e-15       4.527759875189e-16      -1.925910696760e-17 
 1500       1.172904364188e-10       1.423648693419e-12      -4.339286534750e-12       0.000000000000e+00       1.783191291225e-15       4.503072544725e-16      -1.861560128984e-17 
 1501       1.171266989536e-10       1.414433684047e-12      -4.232169034058e-12       0.000000000000e+00       1.778645423647e-15       4.477970374186e-16      -1.797727682541e-17 
 1502       1.169556246534e-10       1.405666841643e-12      -4.124963103728e-12       0.000000000000e+00       1.774113847475e-15       4.452483392895e-16      -1.734391359995e-17 
 1503       1.167772572415e-10       1.397347668867e-12      -4.017702000586e-12       0.000000000000e+00       1.769596516980e-15       4.426641795933e-16      -1.671529036604e-17 
 1504       1.165916407837e-10       1.389475658290e-12      -3.910419156746e-12       0.000000000000e+00       1.765093385795e-15       4.400475944420e-16      -1.609118460094e-17 
 1505       1.163988196886e-10       1.382050292374e-12      -3.803148179900e-12       0.000000000000e+00       1.760604406907e-15       4.374016365792e-16      -1.547137250450e-17 
 1506       1.161988387084e-10       1.375071043449e-12      -3.695922853610e-12       0.000000000000e+00       1.756129532658e-15       4.347293754082e-16      -1.485562899693e-17 
 1507       1.159917429395e-10       1.368537373694e-12      -3.588777137591e-12       0.000000000000e+00       1.751668714747e-15       4.320338970195e-16      -1.424372771661e-17 
 1508       1.157775778232e-10       1.362448735115e-12      -3.481745168008e-12       0.000000000000e+00       1.747221904221e-15       4.293183042191e-16      -1.363544101797e-17 
 1509       1.155563891461e-10       1.356804569526e-12      -3.374861257763e-12       0.000000000000e+00       1.742789051482e-15       4.265857165558e-16      -1.303053996924e-17 
 1510       1.153282230411e-10       1.351604308525e-12      -3.268159896780e-12       0.000000000000e+00       1.738370106278e-15       4.238392703498e-16      -1.242879435033e-17 
 1511       1.150931259875e-10       1.346847373474e-12      -3.161675752303e-12       0.000000000000e+00       1.733965017710e-15       4.210821187201e-16      -1.182997265062e-17 
 1512       1.148511448122e-10       1.342533175480e-12      -3.055443669177e-12       0.000000000000e+00       1.729573734221e-15       4.183174316122e-16      -1.123384206676e-17 
 1513       1.146023266900e-10       1.338661115370e-12      -2.949498670144e-12       0.000000000000e+00       1.725196203604e-15       4.155483958265e-16      -1.064016850056e-17 
 1514       1.143467191442e-10       1.335230583676e-12      -2.843875956129e-12       0.000000000000e+00       1.720832372994e-15       4.127782150459e-16      -1.004871655673e-17 
 1515       1.140843700474e-10       1.332240960608e-12      -2.738610906531e-12       0.000000000000e+00       1.716482188869e-15       4.100101098635e-16      -9.459249540767e-18 
 1516       1.138153276221e-10       1.329691616036e-12      -2.633739079511e-12       0.000000000000e+00       1.712145597051e-15       4.072473178108e-16      -8.871529456730e-18 
 1517       1.135396404410e-10       1.327581909469e-12      -2.529296212282e-12       0.000000000000e+00       1.707822542700e-15       4.044930933852e-16      -8.285317005086e-18 
 1518       1.132573574283e-10       1.325911190033e-12      -2.425318221403e-12       0.000000000000e+00       1.703512970316e-15       4.017507080784e-16      -7.700371580524e-18 
 1519       1.129685278597e-10       1.324678796451e-12      -2.321841203059e-12       0.000000000000e+00       1.699216823736e-15       3.990234504036e-16      -7.116451269773e-18 
 1520       1.126732013631e-10       1.323884057022e-12      -2.218901433361e-12       0.000000000000e+00       1.694934046134e-15       3.963146259239e-16      -6.533312849428e-18 
 1521       1.123714279197e-10       1.323526289599e-12      -2.116535368627e-12       0.000000000000e+00       1.690664580019e-15       3.936275572800e-16      -5.950711783766e-18 
 1522       1.120632578641e-10       1.323604801569e-12      -2.014779645678e-12       0.000000000000e+00       1.686408367233e-15       3.909655842181e-16      -5.368402222572e-18 
 1523       1.117487418851e-10       1.324118889831e-12      -1.913671082123e-12       0.000000000000e+00       1.682165348952e-15       3.883320636175e-16      -4.786136998954e-18 
 1524       1.114279310267e-10       1.325067840776e-12      -1.813246676651e-12       0.000000000000e+00       1.677935465680e-15       3.857303695189e-16      -4.203667627170e-18 
 1525       1.111008766879e-10       1.326450930267e-12      -1.713543609318e-12       0.000000000000e+00       1.673718657254e-15       3.831638931521e-16      -3.620744300444e-18 
 1526       1.107676306241e-10       1.328267423615e-12      -1.614599241842e-12       0.000000000000e+00       1.669514862837e-15       3.806360429635e-16      -3.037115888791e-18 
 1527       1.104282449475e-10       1.330516575560e-12      -1.516451117886e-12       0.000000000000e+00       1.665324020919e-15       3.781502446448e-16      -2.452529936832e-18 
 1528       1.100827721275e-10       1.333197630251e-12      -1.419136963350e-12       0.000000000000e+00       1.661146069317e-15       3.757099411600e-16      -1.866732661623e-18 
 1529       1.097312649916e-10       1.336309821223e-12      -1.322694686662e-12       0.000000000000e+00       1.656980945171e-15       3.733185927737e-16      -1.279468950468e-18 
 1530       1.093737767258e-10       1.339852371377e-12      -1.227162379067e-12       0.000000000000e+00       1.652828584945e-15       3.709796770791e-16      -6.904823587464e-19 
 1531       1.090103690863e-10       1.343823686285e-12      -1.132574691131e-12       0.000000000000e+00       1.648688929812e-15       3.686957688733e-16      -9.959990399291e-20 
 1532       1.086411371180e-10       1.348218925727e-12      -1.038951923808e-12       0.000000000000e+00       1.644561941879e-15       3.664657701126e-16       4.930126613076e-19 
 1533       1.082661846733e-10       1.353032408907e-12      -9.463108337254e-13       0.000000000000e+00       1.640447588112e-15       3.642876535474e-16       1.087103687926e-18 
 1534       1.078856162237e-10       1.358258418966e-12      -8.546682476114e-13       0.000000000000e+00       1.636345834969e-15       3.621593804532e-16       1.682420202668e-18 
 1535       1.074995368609e-10       1.363891202915e-12      -7.640410624007e-13       0.000000000000e+00       1.632256648390e-15       3.600789006118e-16       2.278707906210e-18 
 1536       1.071080522978e-10       1.369924971573e-12      -6.744462453382e-13       0.000000000000e+00       1.628179993801e-15       3.580441522919e-16       2.875711170945e-18 
 1537       1.067112688696e-10       1.376353899506e-12      -5.859008340827e-13       0.000000000000e+00       1.624115836112e-15       3.560530622298e-16       3.473173038820e-18 
 1538       1.063092935351e-10       1.383172124965e-12      -4.984219368118e-13       0.000000000000e+00       1.620064139715e-15       3.541035456105e-16       4.070835219179e-18 
 1539       1.059022338770e-10       1.390373749822e-12      -4.120267323252e-13       0.000000000000e+00       1.616024868484e-15       3.521935060479e-16       4.668438086602e-18 
 1540       1.054901981038e-10       1.397952839509e-12      -3.267324701497e-13       0.000000000000e+00       1.611997985773e-15       3.503208355664e-16       5.265720678748e-18 
 1541       1.050732950504e-10       1.405903422955e-12      -2.425564706424e-13       0.000000000000e+00       1.607983454415e-15       3.484834145811e-16       5.862420694192e-18 
 1542       1.046516341791e-10       1.414219492527e-12      -1.595161250956e-13       0.000000000000e+00       1.603981236724e-15       3.466791118786e-16       6.458274490269e-18 
 1543       1.042253255809e-10       1.422895003960e-12      -7.762889584048e-14       0.000000000000e+00       1.599991294487e-15       3.449057845981e-16       7.053017080913e-18 
 1544       1.037944799764e-10       1.431923876306e-12       3.087683648536e-15       0.000000000000e+00       1.596013588971e-15       3.431612782123e-16       7.646382134501e-18 
 1545       1.033592087168e-10       1.441299991860e-12       8.261600864981e-14       0.000000000000e+00       1.592048080915e-15       3.414434265074e-16       8.238101971690e-18 
 1546       1.029196237851e-10       1.451017196106e-12       1.609384030903e-13       0.000000000000e+00       1.588094730536e-15       3.397500515649e-16       8.827907563256e-18 
 1547       1.024758377970e-10       1.461069297651e-12       2.380371194413e-13       0.000000000000e+00       1.584153497520e-15       3.380789637418e-16       9.415528527943e-18 
 1548       1.020279640020e-10       1.471450068166e-12       3.138943386148e-13       0.000000000000e+00       1.580224341027e-15       3.364279616513e-16       1.000069313030e-17 
 1549       1.015761162845e-10       1.482153242318e-12       3.884921698585e-13       0.000000000000e+00       1.576307219687e-15       3.347948321442e-16       1.058312827850e-17 
 1550       1.011204091649e-10       1.493172517715e-12       4.618126506525e-13       0.000000000000e+00       1.572402091602e-15       3.331773502889e-16       1.116255952224e-17 
 1551       1.006609578003e-10       1.504501554836e-12       5.338377466049e-13       0.000000000000e+00       1.568508914339e-15       3.315732793530e-16       1.173871105050e-17 
 1552       1.001978779860e-10       1.516133976976e-12       6.045493513474e-13       0.000000000000e+00       1.564627644936e-15       3.299803707834e-16       1.231130568946e-17 
 1553       9.973128615628e-11       1.528063370179e-12       6.739292864315e-13       0.000000000000e+00       1.560758239896e-15       3.283963641874e-16       1.288006490030e-17 
 1554       9.926129938550e-11       1.540283283177e-12       7.419593012244e-13       0.000000000000e+00       1.556900655188e-15       3.268189873137e-16       1.344470877702e-17 
 1555       9.878803538918e-11       1.552787227331e-12       8.086210728046e-13       0.000000000000e+00       1.553054846245e-15       3.252459560328e-16       1.400495604435e-17 
 1556       9.831161252503e-11       1.565568676560e-12       8.738962058579e-13       0.000000000000e+00       1.549220767964e-15       3.236749743180e-16       1.456052405552e-17 
 1557       9.783214979398e-11       1.578621067290e-12       9.377662325734e-13       0.000000000000e+00       1.545398374703e-15       3.221037342260e-16       1.511112879015e-17 
 1558       9.734976684125e-11       1.591937798384e-12       1.000212612539e-12       0.000000000000e+00       1.541587620284e-15       3.205299158783e-16       1.565648485206e-17 
 1559       9.686458395739e-11       1.605512231082e-12       1.061216732638e-12       0.000000000000e+00       1.537788457987e-15       3.189511874409e-16       1.619630546712e-17 
 1560       9.637672207932e-11       1.619337688939e-12       1.120759906944e-12       0.000000000000e+00       1.534000840551e-15       3.173652051064e-16       1.673030248111e-17 
 1561       9.588630279139e-11       1.633407457761e-12       1.178823376618e-12       0.000000000000e+00       1.530224720174e-15       3.157696130736e-16       1.725818635751e-17 
 1562       9.539344832643e-11       1.647714785548e-12       1.235388309803e-12       0.000000000000e+00       1.526460048511e-15       3.141620435291e-16       1.777966617541e-17 
 1563       9.489828156675e-11       1.662252882423e-12       1.290435801520e-12       0.000000000000e+00       1.522706776673e-15       3.125401166277e-16       1.829444962729e-17 
 1564       9.440092604528e-11       1.677014920580e-12       1.343946873564e-12       0.000000000000e+00       1.518964855224e-15       3.109014404735e-16       1.880224301691e-17 
 1565       9.390150594651e-11       1.691994034212e-12       1.395902474403e-12       0.000000000000e+00       1.515234234185e-15       3.092436111002e-16       1.930275125710e-17 
 1566       9.340014610764e-11       1.707183319455e-12       1.446283479067e-12       0.000000000000e+00       1.511514863028e-15       3.075642124524e-16       1.979567786764e-17 
 1567       9.289697201953e-11       1.722575834326e-12       1.495070689052e-12       0.000000000000e+00       1.507806690675e-15       3.058608163662e-16       2.028072497308e-17 
 1568       9.239210982783e-11       1.738164598655e-12       1.542244832208e-12       0.000000000000e+00       1.504109665502e-15       3.041309825498e-16       2.075759330062e-17 
 1569       9.188568633397e-11       1.753942594029e-12       1.587786562640e-12       0.000000000000e+00       1.500423735332e-15       3.023722585646e-16       2.122598217787e-17 
 1570       9.137782899624e-11       1.769902763727e-12       1.631676460604e-12       0.000000000000e+00       1.496748847438e-15       3.005821798060e-16       2.168558953078e-17 
 1571       9.086866190778e-11       1.786037997072e-12       1.673899077860e-12       0.000000000000e+00       1.493084952898e-15       2.987587523322e-16       2.213618677242e-17 
 1572       9.035829368745e-11       1.802341082455e-12       1.714455115152e-12       0.000000000000e+00       1.489432019719e-15       2.969019063092e-16       2.257784423664e-17 
 1573       8.984682947828e-11       1.818804753749e-12       1.753349357912e-12       0.000000000000e+00       1.485790019833e-15       2.950120560613e-16       2.301070783923e-17 
 1574       8.933437496117e-11       1.835421705797e-12       1.790586641185e-12       0.000000000000e+00       1.482158924749e-15       2.930896184558e-16       2.343492437899e-17 
 1575       8.882103635570e-11       1.852184594340e-12       1.826171849722e-12       0.000000000000e+00       1.478538705557e-15       2.911350129070e-16       2.385064153913e-17 
 1576       8.830692042099e-11       1.869086035963e-12       1.860109918069e-12       0.000000000000e+00       1.474929332917e-15       2.891486613803e-16       2.425800788879e-17 
 1577       8.779213445657e-11       1.886118608025e-12       1.892405830664e-12       0.000000000000e+00       1.471330777069e-15       2.871309883968e-16       2.465717288451e-17 
 1578       8.727678630323e-11       1.903274848600e-12       1.923064621926e-12       0.000000000000e+00       1.467743007826e-15       2.850824210371e-16       2.504828687171e-17 
 1579       8.676098434386e-11       1.920547256415e-12       1.952091376348e-12       0.000000000000e+00       1.464165994572e-15       2.830033889460e-16       2.543150108618e-17 
 1580       8.624483750430e-11       1.937928290781e-12       1.979491228591e-12       0.000000000000e+00       1.460599706266e-15       2.808943243365e-16       2.580696765554e-17 
 1581       8.572845525420e-11       1.955410371537e-12       2.005269363575e-12       0.000000000000e+00       1.457044111438e-15       2.787556619941e-16       2.617483960073e-17 
 1582       8.521194760787e-11       1.972985878983e-12       2.029431016571e-12       0.000000000000e+00       1.453499178190e-15       2.765878392812e-16       2.653527083751e-17 
 1583       8.469542512514e-11       1.990647153817e-12       2.051981473297e-12       0.000000000000e+00       1.449964874192e-15       2.743912961411e-16       2.688841617788e-17 
 1584       8.417899891218e-11       2.008386497075e-12       2.072926070004e-12       0.000000000000e+00       1.446441166684e-15       2.721664751023e-16       2.723443133163e-17 
 1585       8.366278062241e-11       2.026196170064e-12       2.092270193577e-12       0.000000000000e+00       1.442928022475e-15       2.699138212830e-16       2.757347290779e-17 
 1586       8.314688245729e-11       2.044068394301e-12       2.110019281617e-12       0.000000000000e+00       1.439425407939e-15       2.676337823953e-16       2.790569841610e-17 
 1587       8.263141716720e-11       2.061995351451e-12       2.126178822544e-12       0.000000000000e+00       1.435933289020e-15       2.653268087490e-16       2.823126626848e-17 
 1588       8.211649805231e-11       2.079969183262e-12       2.140754355682e-12       0.000000000000e+00       1.432451631225e-15       2.629933532564e-16       2.855033578057e-17 
 1589       8.160223896339e-11       2.097981991503e-12       2.153751471355e-12       0.000000000000e+00       1.428980399628e-15       2.606338714365e-16       2.886306717314e-17 
 1590       8.108875430270e-11       2.116025837901e-12       2.165175810977e-12       0.000000000000e+00       1.425519558864e-15       2.582488214188e-16       2.916962157360e-17 
 1591       8.057615902482e-11       2.134092744078e-12       2.175033067147e-12       0.000000000000e+00       1.422069073134e-15       2.558386639482e-16       2.947016101749e-17 
 1592       8.006456863751e-11       2.152174691488e-12       2.183328983742e-12       0.000000000000e+00       1.418628906201e-15       2.534038623886e-16       2.976484844993e-17 
 1593       7.955409920254e-11       2.170263621353e-12       2.190069356005e-12       0.000000000000e+00       1.415199021387e-15       2.509448827277e-16       3.005384772712e-17 
 1594       7.904486733661e-11       2.188351434601e-12       2.195260030640e-12       0.000000000000e+00       1.411779381578e-15       2.484621935809e-16       3.033732361784e-17 
 1595       7.853699021210e-11       2.206429991803e-12       2.198906905908e-12       0.000000000000e+00       1.408369949216e-15       2.459562661959e-16       3.061544180489e-17 
 1596       7.803058555800e-11       2.224491113111e-12       2.201015931712e-12       0.000000000000e+00       1.404970686306e-15       2.434275744564e-16       3.088836888657e-17 
 1597       7.752577166074e-11       2.242526578191e-12       2.201593109697e-12       0.000000000000e+00       1.401581554407e-15       2.408765948870e-16       3.115627237821e-17 
 1598       7.702266736503e-11       2.260528126166e-12       2.200644493338e-12       0.000000000000e+00       1.398202514637e-15       2.383038066570e-16       3.141932071359e-17 
 1599       7.652139207473e-11       2.278487455547e-12       2.198176188031e-12       0.000000000000e+00       1.394833527672e-15       2.357096915848e-16       3.167768324646e-17 
 1600       7.602206575369e-11       2.296396224175e-12       2.194194351192e-12       0.000000000000e+00       1.391474553741e-15       2.330947341423e-16       3.193153025200e-17 
 1601       7.552480892658e-11       2.314246049155e-12       2.188705192341e-12       0.000000000000e+00       1.388125552627e-15       2.304594214589e-16       3.218103292830e-17 
 1602       7.502974267981e-11       2.332028506792e-12       2.181714973203e-12       0.000000000000e+00       1.384786483670e-15       2.278042433258e-16       3.242636339785e-17 
 1603       7.453698866230e-11       2.349735132532e-12       2.173230007792e-12       0.000000000000e+00       1.381457305760e-15       2.251296922004e-16       3.266769470903e-17 
 1604       7.404666908639e-11       2.367357420896e-12       2.163256662512e-12       0.000000000000e+00       1.378137977339e-15       2.224362632106e-16       3.290520083755e-17 
 1605       7.355890672867e-11       2.384886825418e-12       2.151801356242e-12       0.000000000000e+00       1.374828456403e-15       2.197244541588e-16       3.313905668797e-17 
 1606       7.307382493083e-11       2.402314758581e-12       2.138870560432e-12       0.000000000000e+00       1.371528700495e-15       2.169947655262e-16       3.336943809515e-17 
 1607       7.259154760050e-11       2.419632591755e-12       2.124470799196e-12       0.000000000000e+00       1.368238666710e-15       2.142477004774e-16       3.359652182577e-17 
 1608       7.211219921214e-11       2.436831655134e-12       2.108608649402e-12       0.000000000000e+00       1.364958311689e-15       2.114837648642e-16       3.382048557975e-17 
 1609       7.163590480786e-11       2.453903237673e-12       2.091290740768e-12       0.000000000000e+00       1.361687591624e-15       2.087034672301e-16       3.404150799178e-17 
 1610       7.116278999829e-11       2.470838587024e-12       2.072523755950e-12       0.000000000000e+00       1.358426462251e-15       2.059073188145e-16       3.425976863280e-17 
 1611       7.069296857701e-11       2.487629604494e-12       2.052316722486e-12       0.000000000000e+00       1.355174882436e-15       2.030960120244e-16       3.447541206960e-17 
 1612       7.022650523928e-11       2.504270936951e-12       2.030687911193e-12       0.000000000000e+00       1.351932824957e-15       2.002709576127e-16       3.468843968387e-17 
 1613       6.976345252645e-11       2.520757903789e-12       2.007658000594e-12       0.000000000000e+00       1.348700265819e-15       1.974337523866e-16       3.489881687374e-17 
 1614       6.930386318195e-11       2.537085803599e-12       1.983247790959e-12       0.000000000000e+00       1.345477180675e-15       1.945860011952e-16       3.510650890627e-17 
 1615       6.884779015157e-11       2.553249914142e-12       1.957478204500e-12       0.000000000000e+00       1.342263544828e-15       1.917293169418e-16       3.531148091729e-17 
 1616       6.839528658368e-11       2.569245492316e-12       1.930370285569e-12       0.000000000000e+00       1.339059333232e-15       1.888653205970e-16       3.551369791118e-17 
 1617       6.794640582957e-11       2.585067774124e-12       1.901945200858e-12       0.000000000000e+00       1.335864520487e-15       1.859956412105e-16       3.571312476073e-17 
 1618       6.750120144373e-11       2.600711974647e-12       1.872224239598e-12       0.000000000000e+00       1.332679080843e-15       1.831219159242e-16       3.590972620691e-17 
 1619       6.705972718408e-11       2.616173288006e-12       1.841228813754e-12       0.000000000000e+00       1.329502988195e-15       1.802457899842e-16       3.610346685876e-17 
 1620       6.662203701229e-11       2.631446887340e-12       1.808980458226e-12       0.000000000000e+00       1.326336216086e-15       1.773689167538e-16       3.629431119315e-17 
 1621       6.618818509404e-11       2.646527924768e-12       1.775500831048e-12       0.000000000000e+00       1.323178737703e-15       1.744929577256e-16       3.648222355460e-17 
 1622       6.575822579933e-11       2.661411531360e-12       1.740811713583e-12       0.000000000000e+00       1.320030525879e-15       1.716195825341e-16       3.666716815514e-17 
 1623       6.533221370273e-11       2.676092817111e-12       1.704935010724e-12       0.000000000000e+00       1.316891553091e-15       1.687504689685e-16       3.684910907409e-17 
 1624       6.491020358364e-11       2.690566870900e-12       1.667892751095e-12       0.000000000000e+00       1.313761791459e-15       1.658873029845e-16       3.702801025791e-17 
 1625       6.449225042662e-11       2.704828760471e-12       1.629707087240e-12       0.000000000000e+00       1.310641212747e-15       1.630317787177e-16       3.720383551999e-17 
 1626       6.407840942166e-11       2.718873532392e-12       1.590400295834e-12       0.000000000000e+00       1.307529788361e-15       1.601855984955e-16       3.737654854049e-17 
 1627       6.366873596441e-11       2.732696212030e-12       1.549994777869e-12       0.000000000000e+00       1.304427489348e-15       1.573504728496e-16       3.754611286613e-17 
 1628       6.326328565653e-11       2.746291803517e-12       1.508513058863e-12       0.000000000000e+00       1.301334286394e-15       1.545281205289e-16       3.771249191006e-17 
 1629       6.286211430589e-11       2.759655289723e-12       1.465977789051e-12       0.000000000000e+00       1.298250149830e-15       1.517202685115e-16       3.787564895163e-17 
 1630       6.246527792695e-11       2.772781632221e-12       1.422411743585e-12       0.000000000000e+00       1.295175049621e-15       1.489286520178e-16       3.803554713623e-17 
 1631       6.207283274093e-11       2.785665771256e-12       1.377837822736e-12       0.000000000000e+00       1.292108955374e-15       1.461550145222e-16       3.819214947511e-17 
 1632       6.168483517618e-11       2.798302625720e-12       1.332279052087e-12       0.000000000000e+00       1.289051836333e-15       1.434011077666e-16       3.834541884519e-17 
 1633       6.130134186840e-11       2.810687093113e-12       1.285758582735e-12       0.000000000000e+00       1.286003661379e-15       1.406686917719e-16       3.849531798889e-17 
 1634       6.092240966095e-11       2.822814049518e-12       1.238299691489e-12       0.000000000000e+00       1.282964399032e-15       1.379595348513e-16       3.864180951394e-17 
 1635       6.054809560513e-11       2.834678349568e-12       1.189925781066e-12       0.000000000000e+00       1.279934017444e-15       1.352754136221e-16       3.878485589321e-17 
 1636       6.017845696043e-11       2.846274826414e-12       1.140660380292e-12       0.000000000000e+00       1.276912484406e-15       1.326181130190e-16       3.892441946451e-17 
 1637       5.981355119484e-11       2.857598291697e-12       1.090527144299e-12       0.000000000000e+00       1.273899767341e-15       1.299894263059e-16       3.906046243042e-17 
 1638       5.945343598512e-11       2.868643535515e-12       1.039549854723e-12       0.000000000000e+00       1.270895833307e-15       1.273911550886e-16       3.919294685813e-17 
 1639       5.909816921708e-11       2.879405326391e-12       9.877524199045e-13       0.000000000000e+00       1.267900648996e-15       1.248251093277e-16       3.932183467920e-17 
 1640       5.874780898586e-11       2.889878411246e-12       9.351588750840e-13       0.000000000000e+00       1.264914180731e-15       1.222931073504e-16       3.944708768946e-17 
 1641       5.840241359621e-11       2.900057515364e-12       8.817933826021e-13       0.000000000000e+00       1.261936394467e-15       1.197969758637e-16       3.956866754876e-17 
 1642       5.806204156274e-11       2.909937342365e-12       8.276802320973e-13       0.000000000000e+00       1.258967255792e-15       1.173385499663e-16       3.968653578082e-17 
 1643       5.772675161027e-11       2.919512574169e-12       7.728438407047e-13       0.000000000000e+00       1.256006729921e-15       1.149196731615e-16       3.980065377303e-17 
 1644       5.739660267403e-11       2.928777870970e-12       7.173087532538e-13       0.000000000000e+00       1.253054781703e-15       1.125421973697e-16       3.991098277632e-17 
 1645       5.707165390000e-11       2.937727871203e-12       6.610996424675e-13       0.000000000000e+00       1.250111375613e-15       1.102079829406e-16       4.001748390491e-17 
 1646       5.675196464514e-11       2.946357191514e-12       6.042413091597e-13       0.000000000000e+00       1.247176475755e-15       1.079188986659e-16       4.012011813617e-17 
 1647       5.643759447772e-11       2.954660426726e-12       5.467586824344e-13       0.000000000000e+00       1.244250045862e-15       1.056768217920e-16       4.021884631042e-17 
 1648       5.612860317757e-11       2.962632149814e-12       4.886768198835e-13       0.000000000000e+00       1.241332049292e-15       1.034836380319e-16       4.031362913078e-17 
 1649       5.582505073634e-11       2.970266911867e-12       4.300209077853e-13       0.000000000000e+00       1.238422449030e-15       1.013412415784e-16       4.040442716295e-17 
 1650       5.552699735783e-11       2.977559242063e-12       3.708162613031e-13       0.000000000000e+00       1.235521207688e-15       9.925153511629e-17       4.049120083506e-17 
 1651       5.523449057873e-11       2.984504575750e-12       3.110879088427e-13       0.000000000000e+00       1.232628290457e-15       9.721588554028e-17       4.057391851563e-17 
 1652       5.494752650559e-11       2.991102047747e-12       2.508593406999e-13       0.000000000000e+00       1.229743674005e-15       9.523348580992e-17       4.065258082625e-17 
 1653       5.466608823496e-11       2.997351723737e-12       1.901537497190e-13       0.000000000000e+00       1.226867337657e-15       9.330297860337e-17       4.072719654399e-17 
 1654       5.439015870134e-11       3.003253674405e-12       1.289944463075e-13       0.000000000000e+00       1.223999260448e-15       9.142299928281e-17       4.079777454298e-17 
 1655       5.411972067696e-11       3.008807975449e-12       6.740485861515e-14       0.000000000000e+00       1.221139421120e-15       8.959217588302e-17       4.086432379456e-17 
 1656       5.385475677150e-11       3.014014707592e-12       5.408532714843e-15       0.000000000000e+00       1.218287798125e-15       8.780912909996e-17       4.092685336747e-17 
 1657       5.359524943173e-11       3.018873956590e-12      -5.697086721781e-14       0.000000000000e+00       1.215444369621e-15       8.607247227924e-17       4.098537242804e-17 
 1658       5.334118094129e-11       3.023385813241e-12      -1.197095587243e-13       0.000000000000e+00       1.212609113473e-15       8.438081140478e-17       4.103989024033e-17 
 1659       5.309253342041e-11       3.027550373399e-12      -1.827836408830e-13       0.000000000000e+00       1.209782007251e-15       8.273274508728e-17       4.109041616632e-17 
 1660       5.284928882554e-11       3.031367737980e-12      -2.461690941296e-13       0.000000000000e+00       1.206963028233e-15       8.112686455281e-17       4.113695966610e-17 
 1661       5.261142894915e-11       3.034838012971e-12      -3.098417800763e-13       0.000000000000e+00       1.204152153400e-15       7.956175363136e-17       4.117953029801e-17 
 1662       5.237893541943e-11       3.037961309447e-12      -3.737774413326e-13       0.000000000000e+00       1.201349359438e-15       7.803598874542e-17       4.121813771884e-17 
 1663       5.215178969993e-11       3.040737743572e-12      -4.379517013246e-13       0.000000000000e+00       1.198554622738e-15       7.654813889847e-17       4.125279168401e-17 
 1664       5.192997308937e-11       3.043167436614e-12      -5.023400641152e-13       0.000000000000e+00       1.195767919393e-15       7.509676566359e-17       4.128350204773e-17 
 1665       5.171346672129e-11       3.045250514956e-12      -5.669179142241e-13       0.000000000000e+00       1.192989225201e-15       7.368042317200e-17       4.131027876316e-17 
 1666       5.150225156379e-11       3.046987110102e-12      -6.316605164478e-13       0.000000000000e+00       1.190218515658e-15       7.229765810162e-17       4.133313188261e-17 
 1667       5.129630841923e-11       3.048377358689e-12      -6.965430156792e-13       0.000000000000e+00       1.187455765966e-15       7.094700966558e-17       4.135207155772e-17 
 1668       5.109561792395e-11       3.049421402497e-12      -7.615404367280e-13       0.000000000000e+00       1.184700951027e-15       6.962700960084e-17       4.136710803961e-17 
 1669       5.090016054797e-11       3.050119388459e-12      -8.266276841403e-13       0.000000000000e+00       1.181954045442e-15       6.833618215671e-17       4.137825167905e-17 
 1670       5.070991659472e-11       3.050471468671e-12      -8.917795420187e-13       0.000000000000e+00       1.179215023513e-15       6.707304408340e-17       4.138551292667e-17 
 1671       5.052486620075e-11       3.050477800402e-12      -9.569706738423e-13       0.000000000000e+00       1.176483859243e-15       6.583610462058e-17       4.138890233310e-17 
 1672       5.034498933543e-11       3.050138546102e-12      -1.022175622287e-12       0.000000000000e+00       1.173760526332e-15       6.462386548593e-17       4.138843054917e-17 
 1673       5.017026580068e-11       3.049453873415e-12      -1.087368809043e-12       0.000000000000e+00       1.171044998178e-15       6.343482086373e-17       4.138410832606e-17 
 1674       5.000067523067e-11       3.048423955187e-12      -1.152524534640e-12       0.000000000000e+00       1.168337247879e-15       6.226745739334e-17       4.137594651550e-17 
 1675       4.983619709154e-11       3.047048969475e-12      -1.217616978263e-12       0.000000000000e+00       1.165637248228e-15       6.112025415783e-17       4.136395606991e-17 
 1676       4.967681068109e-11       3.045329099562e-12      -1.282620197570e-12       0.000000000000e+00       1.162944971716e-15       5.999168267248e-17       4.134814804261e-17 
 1677       4.952249512854e-11       3.043264533961e-12      -1.347508128519e-12       0.000000000000e+00       1.160260390529e-15       5.888020687339e-17       4.132853358798e-17 
 1678       4.937322939421e-11       3.040855466425e-12      -1.412254585184e-12       0.000000000000e+00       1.157583476550e-15       5.778428310596e-17       4.130512396162e-17 
 1679       4.922899226922e-11       3.038102095964e-12      -1.476833259571e-12       0.000000000000e+00       1.154914201356e-15       5.670236011351e-17       4.127793052056e-17 
 1680       4.908976237523e-11       3.035004626846e-12      -1.541217721447e-12       0.000000000000e+00       1.152252536219e-15       5.563287902579e-17       4.124696472340e-17 
 1681       4.895551816416e-11       3.031563268614e-12      -1.605381418152e-12       0.000000000000e+00       1.149598452104e-15       5.457427334758e-17       4.121223813049e-17 
 1682       4.882623791786e-11       3.027778236091e-12      -1.669297674422e-12       0.000000000000e+00       1.146951919669e-15       5.352496894719e-17       4.117376240412e-17 
 1683       4.870189974786e-11       3.023649749394e-12      -1.732939692210e-12       0.000000000000e+00       1.144312909268e-15       5.248338404504e-17       4.113154930868e-17 
 1684       4.858248159508e-11       3.019178033938e-12      -1.796280550504e-12       0.000000000000e+00       1.141681390943e-15       5.144792920225e-17       4.108561071086e-17 
 1685       4.846796122953e-11       3.014363320455e-12      -1.859293205148e-12       0.000000000000e+00       1.139057334429e-15       5.041700730912e-17       4.103595857977e-17 
 1686       4.835831625003e-11       3.009205844996e-12      -1.921950488661e-12       0.000000000000e+00       1.136440709154e-15       4.938901357374e-17       4.098260498718e-17 
 1687       4.825352408390e-11       3.003705848943e-12      -1.984225110059e-12       0.000000000000e+00       1.133831484235e-15       4.836233551053e-17       4.092556210764e-17 
 1688       4.815356198672e-11       2.997863579020e-12      -2.046089654673e-12       0.000000000000e+00       1.131229628477e-15       4.733535292878e-17       4.086484221869e-17 
 1689       4.805840704201e-11       2.991679287306e-12      -2.107516583968e-12       0.000000000000e+00       1.128635110378e-15       4.630643792123e-17       4.080045770103e-17 
 1690       4.796803616094e-11       2.985153231236e-12      -2.168478235367e-12       0.000000000000e+00       1.126047898123e-15       4.527395485259e-17       4.073242103866e-17 
 1691       4.788241932993e-11       2.978286324506e-12      -2.228949284344e-12       0.000000000000e+00       1.123467962060e-15       4.423664499388e-17       4.066073710798e-17 
 1692       4.780149929018e-11       2.971082095893e-12      -2.288914154380e-12       0.000000000000e+00       1.120895282142e-15       4.319478408761e-17       4.058537997164e-17 
 1693       4.772521168171e-11       2.963544747399e-12      -2.348359670761e-12       0.000000000000e+00       1.118329840551e-15       4.214903477548e-17       4.050631588423e-17 
 1694       4.765349177901e-11       2.955678504940e-12      -2.407272604048e-12       0.000000000000e+00       1.115771619224e-15       4.110006286637e-17       4.042351098500e-17 
 1695       4.758627449045e-11       2.947487618386e-12      -2.465639669997e-12       0.000000000000e+00       1.113220599855e-15       4.004853734103e-17       4.033693129777e-17 
 1696       4.752349435773e-11       2.938976361597e-12      -2.523447529486e-12       0.000000000000e+00       1.110676763895e-15       3.899513035674e-17       4.024654273074e-17 
 1697       4.746508555525e-11       2.930149032459e-12      -2.580682788434e-12       0.000000000000e+00       1.108140092547e-15       3.794051725204e-17       4.015231107633e-17 
 1698       4.741098188960e-11       2.921009952923e-12      -2.637331997724e-12       0.000000000000e+00       1.105610566774e-15       3.688537655141e-17       4.005420201108e-17 
 1699       4.736111679898e-11       2.911563469041e-12      -2.693381653130e-12       0.000000000000e+00       1.103088167291e-15       3.583038996990e-17       3.995218109545e-17 
 1700       4.731542335261e-11       2.901813951004e-12      -2.748818195241e-12       0.000000000000e+00       1.100572874567e-15       3.477624241791e-17       3.984621377370e-17 
 1701       4.727383425015e-11       2.891765793178e-12      -2.803628009376e-12       0.000000000000e+00       1.098064668826e-15       3.372362200578e-17       3.973626537374e-17 
 1702       4.723628182117e-11       2.881423414145e-12      -2.857797425517e-12       0.000000000000e+00       1.095563530045e-15       3.267322004855e-17       3.962230110694e-17 
 1703       4.720269802456e-11       2.870791256735e-12      -2.911312718226e-12       0.000000000000e+00       1.093069437953e-15       3.162573107062e-17       3.950428606806e-17 
 1704       4.717301444794e-11       2.859873788065e-12      -2.964160106571e-12       0.000000000000e+00       1.090582372032e-15       3.058185281042e-17       3.938218523504e-17 
 1705       4.714716230712e-11       2.848675499580e-12      -3.016325754049e-12       0.000000000000e+00       1.088102311517e-15       2.954228622511e-17       3.925596346885e-17 
 1706       4.712507244550e-11       2.837200907084e-12      -3.067795768507e-12       0.000000000000e+00       1.085629235392e-15       2.850773549529e-17       3.912558551337e-17 
 1707       4.710667533354e-11       2.825454550783e-12      -3.118556202068e-12       0.000000000000e+00       1.083163122395e-15       2.747890802965e-17       3.899101599524e-17 
 1708       4.709190106815e-11       2.813440995317e-12      -3.168593051053e-12       0.000000000000e+00       1.080703951012e-15       2.645651446966e-17       3.885221942368e-17 
 1709       4.708067937213e-11       2.801164829802e-12      -3.217892255904e-12       0.000000000000e+00       1.078251699481e-15       2.544126869430e-17       3.870916019038e-17 
 1710       4.707293959363e-11       2.788630667866e-12      -3.266439701108e-12       0.000000000000e+00       1.075806345789e-15       2.443388782468e-17       3.856180256931e-17 
 1711       4.706861070551e-11       2.775843147681e-12      -3.314221215120e-12       0.000000000000e+00       1.073367867672e-15       2.343509222878e-17       3.841011071660e-17 
 1712       4.706762130487e-11       2.762806932010e-12      -3.361222570284e-12       0.000000000000e+00       1.070936242614e-15       2.244560552612e-17       3.825404867040e-17 
 1713       4.706989961238e-11       2.749526708235e-12      -3.407429482760e-12       0.000000000000e+00       1.068511447849e-15       2.146615459242e-17       3.809358035070e-17 
 1714       4.707537347176e-11       2.736007188401e-12      -3.452827612446e-12       0.000000000000e+00       1.066093460358e-15       2.049746956434e-17       3.792866955918e-17 
 1715       4.708397034923e-11       2.722253109246e-12      -3.497402562899e-12       0.000000000000e+00       1.063682256870e-15       1.954028384412e-17       3.775927997912e-17 
 1716       4.709561733288e-11       2.708269232249e-12      -3.541139881261e-12       0.000000000000e+00       1.061277813859e-15       1.859533410429e-17       3.758537517515e-17 
 1717       4.711024113215e-11       2.694060343654e-12      -3.584025058179e-12       0.000000000000e+00       1.058880107549e-15       1.766336029233e-17       3.740691859322e-17 
 1718       4.712776807723e-11       2.679631254519e-12      -3.626043527734e-12       0.000000000000e+00       1.056489113906e-15       1.674510563541e-17       3.722387356033e-17 
 1719       4.714812411851e-11       2.664986800746e-12      -3.667180667357e-12       0.000000000000e+00       1.054104808644e-15       1.584131664502e-17       3.703620328448e-17 
 1720       4.717123482601e-11       2.650131843121e-12      -3.707421797757e-12       0.000000000000e+00       1.051727167223e-15       1.495274312169e-17       3.684387085448e-17 
 1721       4.719702538878e-11       2.635071267352e-12      -3.746752182844e-12       0.000000000000e+00       1.049356164844e-15       1.408013815964e-17       3.664683923977e-17 
 1722       4.722542061436e-11       2.619809984102e-12      -3.785157029649e-12       0.000000000000e+00       1.046991776456e-15       1.322425815153e-17       3.644507129034e-17 
 1723       4.725634492820e-11       2.604352929033e-12      -3.822621488252e-12       0.000000000000e+00       1.044633976750e-15       1.238586279308e-17       3.623852973651e-17 
 1724       4.728972237308e-11       2.588705062837e-12      -3.859130651700e-12       0.000000000000e+00       1.042282740160e-15       1.156571508780e-17       3.602717718885e-17 
 1725       4.732547660858e-11       2.572871371276e-12      -3.894669555935e-12       0.000000000000e+00       1.039938040863e-15       1.076458135166e-17       3.581097613798e-17 
 1726       4.736353091043e-11       2.556856865220e-12      -3.929223179713e-12       0.000000000000e+00       1.037599852781e-15       9.983231217777e-18       3.558988895442e-17 
 1727       4.740380817004e-11       2.540666580683e-12      -3.962776444532e-12       0.000000000000e+00       1.035268149573e-15       9.222437641093e-18       3.536387788848e-17 
 1728       4.744623089383e-11       2.524305578859e-12      -3.995314214548e-12       0.000000000000e+00       1.032942904643e-15       8.482976903082e-18       3.513290507009e-17 
 1729       4.749072120273e-11       2.507778946162e-12      -4.026821296508e-12       0.000000000000e+00       1.030624091136e-15       7.765628616423e-18       3.489693250863e-17 
 1730       4.753720083161e-11       2.491091794263e-12      -4.057282439665e-12       0.000000000000e+00       1.028311681936e-15       7.071175729689e-18       3.465592209282e-17 
 1731       4.758559285102e-11       2.474249315659e-12      -4.086685230999e-12       0.000000000000e+00       1.026005651725e-15       6.400140384776e-18       3.440986798828e-17 
 1732       4.763582684977e-11       2.457256950841e-12      -4.115028807787e-12       0.000000000000e+00       1.023705983171e-15       5.751989038245e-18       3.415889413006e-17 
 1733       4.768783379506e-11       2.440120222613e-12      -4.142315218528e-12       0.000000000000e+00       1.021412660791e-15       5.125920630282e-18       3.390315755392e-17 
 1734       4.774154431357e-11       2.422844680728e-12      -4.168546534371e-12       0.000000000000e+00       1.019125668898e-15       4.521130116205e-18       3.364281607454e-17 
 1735       4.779688869099e-11       2.405435901927e-12      -4.193724849150e-12       0.000000000000e+00       1.016844991601e-15       3.936808460574e-18       3.337802828667e-17 
 1736       4.785379687150e-11       2.387899489978e-12      -4.217852279431e-12       0.000000000000e+00       1.014570612804e-15       3.372142631311e-18       3.310895356627e-17 
 1737       4.791219845726e-11       2.370241075715e-12      -4.240930964544e-12       0.000000000000e+00       1.012302516203e-15       2.826315593808e-18       3.283575207164e-17 
 1738       4.797202270790e-11       2.352466317078e-12      -4.262963066627e-12       0.000000000000e+00       1.010040685292e-15       2.298506305045e-18       3.255858474461e-17 
 1739       4.803319854008e-11       2.334580899151e-12      -4.283950770660e-12       0.000000000000e+00       1.007785103358e-15       1.787889707702e-18       3.227761331168e-17 
 1740       4.809565452691e-11       2.316590534206e-12      -4.303896284511e-12       0.000000000000e+00       1.005535753481e-15       1.293636724275e-18       3.199300028510e-17 
 1741       4.815931889748e-11       2.298500961736e-12      -4.322801838969e-12       0.000000000000e+00       1.003292618535e-15       8.149142511852e-19       3.170490896414e-17 
 1742       4.822411953639e-11       2.280317948499e-12      -4.340669687785e-12       0.000000000000e+00       1.001055681186e-15       3.508851528984e-19       3.141350343611e-17 
 1743       4.828998398320e-11       2.262047288558e-12      -4.357502107713e-12       0.000000000000e+00       9.988249238934e-16      -9.929174396456e-20       3.111894857760e-17 
 1744       4.835683943194e-11       2.243694803315e-12      -4.373301398545e-12       0.000000000000e+00       9.966003289081e-16      -5.364616565129e-19       3.082141005558e-17 
 1745       4.842461273064e-11       2.225266341557e-12      -4.388069883157e-12       0.000000000000e+00       9.943818782732e-16      -9.614738514720e-19       3.052105432857e-17 
 1746       4.849323038079e-11       2.206767779491e-12      -4.401809907540e-12       0.000000000000e+00       9.921695538232e-16      -1.375181651070e-18       3.021804864777e-17 
 1747       4.856261853686e-11       2.188205020786e-12      -4.414523840843e-12       0.000000000000e+00       9.899633371834e-16      -1.778442438922e-18       2.991256105823e-17 
 1748       4.863270300579e-11       2.169583996612e-12      -4.426214075415e-12       0.000000000000e+00       9.877632097700e-16      -2.172117665920e-18       2.960476039998e-17 
 1749       4.870340924649e-11       2.150910665677e-12      -4.436883026838e-12       0.000000000000e+00       9.855691527893e-16      -2.557072856116e-18       2.929481630918e-17 
 1750       4.877466236935e-11       2.132191014270e-12      -4.446533133970e-12       0.000000000000e+00       9.833811472377e-16      -2.934177612607e-18       2.898289921927e-17 
 1751       4.884638713571e-11       2.113431056298e-12      -4.455166858985e-12       0.000000000000e+00       9.811991739009e-16      -3.304305623426e-18       2.866918036211e-17 
 1752       4.891850795739e-11       2.094636833328e-12      -4.462786687408e-12       0.000000000000e+00       9.790232133539e-16      -3.668334667423e-18       2.835383176916e-17 
 1753       4.899094889619e-11       2.075814414623e-12      -4.469395128158e-12       0.000000000000e+00       9.768532459605e-16      -4.027146620153e-18       2.803702627257e-17 
 1754       4.906363366333e-11       2.056969897183e-12      -4.474994713585e-12       0.000000000000e+00       9.746892518729e-16      -4.381627459764e-18       2.771893750640e-17 
 1755       4.913648561904e-11       2.038109405788e-12      -4.479587999510e-12       0.000000000000e+00       9.725312110314e-16      -4.732667272880e-18       2.739973990769e-17 
 1756       4.920942777198e-11       2.019239093030e-12      -4.483177565264e-12       0.000000000000e+00       9.703791031639e-16      -5.081160260490e-18       2.707960871768e-17 
 1757       4.928238277878e-11       2.000365139359e-12      -4.485766013726e-12       0.000000000000e+00       9.682329077856e-16      -5.428004743830e-18       2.675871998290e-17 
 1758       4.935527294354e-11       1.981493753120e-12      -4.487355971364e-12       0.000000000000e+00       9.660926041986e-16      -5.774103170276e-18       2.643725055634e-17 
 1759       4.942802021729e-11       1.962631170592e-12      -4.487950088273e-12       0.000000000000e+00       9.639581714917e-16      -6.120362119222e-18       2.611537809863e-17 
 1760       4.950054619754e-11       1.943783656029e-12      -4.487551038215e-12       0.000000000000e+00       9.618295885397e-16      -6.467692307973e-18       2.579328107912e-17 
 1761       4.957277212775e-11       1.924957501697e-12      -4.486161518655e-12       0.000000000000e+00       9.597068340032e-16      -6.817008597625e-18       2.547113877710e-17 
 1762       4.964461889681e-11       1.906159027917e-12      -4.483784250804e-12       0.000000000000e+00       9.575898863284e-16      -7.169229998957e-18       2.514913128287e-17 
 1763       4.971600703859e-11       1.887394583101e-12      -4.480421979658e-12       0.000000000000e+00       9.554787237465e-16      -7.525279678314e-18       2.482743949897e-17 
 1764       4.978685673140e-11       1.868670543793e-12      -4.476077474033e-12       0.000000000000e+00       9.533733242732e-16      -7.886084963493e-18       2.450624514128e-17 
 1765       4.985708779748e-11       1.849993314709e-12      -4.470753526608e-12       0.000000000000e+00       9.512736657088e-16      -8.252577349630e-18       2.418573074015e-17 
 1766       4.992661970255e-11       1.831369328775e-12      -4.464452953963e-12       0.000000000000e+00       9.491797256373e-16      -8.625692505084e-18       2.386607964160e-17 
 1767       4.999537155524e-11       1.812805047168e-12      -4.457178596618e-12       0.000000000000e+00       9.470914814264e-16      -9.006370277329e-18       2.354747600843e-17 
 1768       5.006326210666e-11       1.794306959356e-12      -4.448933319071e-12       0.000000000000e+00       9.450089102269e-16      -9.395554698831e-18       2.323010482138e-17 
 1769       5.013020974983e-11       1.775881583133e-12      -4.439720009840e-12       0.000000000000e+00       9.429319889725e-16      -9.794193992943e-18       2.291415188028e-17 
 1770       5.019613251923e-11       1.757535464665e-12      -4.429541581500e-12       0.000000000000e+00       9.408606943792e-16      -1.020324057979e-17       2.259980380520e-17 
 1771       5.026095581234e-11       1.739274709587e-12      -4.418402732910e-12       0.000000000000e+00       9.387950046682e-16      -1.062329176387e-17       2.228720888969e-17 
 1772       5.032463562507e-11       1.721103572006e-12      -4.406315251752e-12       0.000000000000e+00       9.367349047495e-16      -1.105350853894e-17       2.197635930469e-17 
 1773       5.038713550734e-11       1.703025853918e-12      -4.393292755880e-12       0.000000000000e+00       9.346803810803e-16      -1.149268786157e-17       2.166720792364e-17 
 1774       5.044841885821e-11       1.685045373112e-12      -4.379348935219e-12       0.000000000000e+00       9.326314199454e-16      -1.193962115067e-17       2.135970738167e-17 
 1775       5.050844892565e-11       1.667165963191e-12      -4.364497551870e-12       0.000000000000e+00       9.305880074571e-16      -1.239309427966e-17       2.105381007526e-17 
 1776       5.056718880639e-11       1.649391473592e-12      -4.348752440217e-12       0.000000000000e+00       9.285501295547e-16      -1.285188756863e-17       2.074946816186e-17 
 1777       5.062460144567e-11       1.631725769608e-12      -4.332127507031e-12       0.000000000000e+00       9.265177720046e-16      -1.331477577643e-17       2.044663355960e-17 
 1778       5.068064963704e-11       1.614172732411e-12      -4.314636731579e-12       0.000000000000e+00       9.244909203995e-16      -1.378052809287e-17       2.014525794687e-17 
 1779       5.073529602218e-11       1.596736259071e-12      -4.296294165730e-12       0.000000000000e+00       9.224695601583e-16      -1.424790813085e-17       1.984529276202e-17 
 1780       5.078850309066e-11       1.579420262580e-12      -4.277113934061e-12       0.000000000000e+00       9.204536765258e-16      -1.471567391851e-17       1.954668920300e-17 
 1781       5.084023317975e-11       1.562228671872e-12      -4.257110233964e-12       0.000000000000e+00       9.184432545725e-16      -1.518257789135e-17       1.924939822700e-17 
 1782       5.089044847422e-11       1.545165431844e-12      -4.236297335751e-12       0.000000000000e+00       9.164382791940e-16      -1.564736688441e-17       1.895337055010e-17 
 1783       5.093911100613e-11       1.528234503382e-12      -4.214689582764e-12       0.000000000000e+00       9.144387351110e-16      -1.610878212441e-17       1.865855664695e-17 
 1784       5.098618265460e-11       1.511439863374e-12      -4.192301391478e-12       0.000000000000e+00       9.124446068687e-16      -1.656555922188e-17       1.836490675038e-17 
 1785       5.103162514564e-11       1.494785504740e-12      -4.169147251606e-12       0.000000000000e+00       9.104558788370e-16      -1.701642816331e-17       1.807237085107e-17 
 1786       5.107540005193e-11       1.478275436450e-12      -4.145241726213e-12       0.000000000000e+00       9.084725352094e-16      -1.746011330333e-17       1.778089869720e-17 
 1787       5.111746879260e-11       1.461913683545e-12      -4.120599451815e-12       0.000000000000e+00       9.064945600034e-16      -1.789533335679e-17       1.749043979412e-17 
 1788       5.115779263305e-11       1.445704287158e-12      -4.095235138487e-12       0.000000000000e+00       9.045219370599e-16      -1.832080139098e-17       1.720094340395e-17 
 1789       5.119633268472e-11       1.429651304539e-12      -4.069163569973e-12       0.000000000000e+00       9.025546500429e-16      -1.873522481772e-17       1.691235854530e-17 
 1790       5.123304990489e-11       1.413758809071e-12      -4.042399603789e-12       0.000000000000e+00       9.005926824392e-16      -1.913730538555e-17       1.662463399284e-17 
 1791       5.126790509649e-11       1.398030890299e-12      -4.014958171331e-12       0.000000000000e+00       8.986360175581e-16      -1.952573917182e-17       1.633771827702e-17 
 1792       5.130085890787e-11       1.382471653945e-12      -3.986854277980e-12       0.000000000000e+00       8.966846385313e-16      -1.989921657491e-17       1.605155968371e-17 
 1793       5.133187183261e-11       1.367085221930e-12      -3.958103003211e-12       0.000000000000e+00       8.947385283119e-16      -2.025642230632e-17       1.576610625379e-17 
 1794       5.136090420931e-11       1.351875732401e-12      -3.928719500697e-12       0.000000000000e+00       8.927976696752e-16      -2.059603538282e-17       1.548130578289e-17 
 1795       5.138791622137e-11       1.336847339747e-12      -3.898718998418e-12       0.000000000000e+00       8.908620452173e-16      -2.091672911863e-17       1.519710582096e-17 
 1796       5.141286789681e-11       1.322004214622e-12      -3.868116798763e-12       0.000000000000e+00       8.889316373555e-16      -2.121717111755e-17       1.491345367200e-17 
 1797       5.143571910804e-11       1.307350543967e-12      -3.836928278643e-12       0.000000000000e+00       8.870064283276e-16      -2.149602326508e-17       1.463029639363e-17 
 1798       5.145642957168e-11       1.292890531034e-12      -3.805168889592e-12       0.000000000000e+00       8.850864001921e-16      -2.175194172061e-17       1.434758079679e-17 
 1799       5.147495884833e-11       1.278628395402e-12      -3.772854157876e-12       0.000000000000e+00       8.831715348270e-16      -2.198357690953e-17       1.406525344539e-17 
 1800       5.149126634236e-11       1.264568373002e-12      -3.739999684599e-12       0.000000000000e+00       8.812618139306e-16      -2.218957351542e-17       1.378326065594e-17 
 1801       5.150531130172e-11       1.250714716140e-12      -3.706621145810e-12       0.000000000000e+00       8.793572190202e-16      -2.236857047213e-17       1.350154849721e-17 
 1802       5.151705281775e-11       1.237071693515e-12      -3.672734292607e-12       0.000000000000e+00       8.774577314325e-16      -2.251920095599e-17       1.322006278990e-17 
 1803       5.152644982492e-11       1.223643590242e-12      -3.638354951249e-12       0.000000000000e+00       8.755633323228e-16      -2.264009237793e-17       1.293874910625e-17 
 1804       5.153346110069e-11       1.210434707875e-12      -3.603499023255e-12       0.000000000000e+00       8.736740026651e-16      -2.272986637562e-17       1.265755276972e-17 
 1805       5.153804526525e-11       1.197449364425e-12      -3.568182485518e-12       0.000000000000e+00       8.717897232516e-16      -2.278713880563e-17       1.237641885464e-17 
 1806       5.154016078133e-11       1.184691894387e-12      -3.532421390405e-12       0.000000000000e+00       8.699104746921e-16      -2.281051973556e-17       1.209529218585e-17 
 1807       5.153976595402e-11       1.172166648755e-12      -3.496231865867e-12       0.000000000000e+00       8.680362374143e-16      -2.279861343622e-17       1.181411733835e-17 
 1808       5.153681893052e-11       1.159877995049e-12      -3.459630115547e-12       0.000000000000e+00       8.661669916631e-16      -2.275001837372e-17       1.153283863698e-17 
 1809       5.153127769997e-11       1.147830317333e-12      -3.422632418881e-12       0.000000000000e+00       8.643027175003e-16      -2.266332720168e-17       1.125140015602e-17 
 1810       5.152310009322e-11       1.136028016239e-12      -3.385255131212e-12       0.000000000000e+00       8.624433948044e-16      -2.253712675334e-17       1.096974571888e-17 
 1811       5.151225227512e-11       1.124474815308e-12      -3.347514549483e-12       0.000000000000e+00       8.605890047365e-16      -2.237046384144e-17       1.068784047550e-17 
 1812       5.149873429670e-11       1.113171673854e-12      -3.309426507948e-12       0.000000000000e+00       8.587395341521e-16      -2.216424678901e-17       1.040573582601e-17 
 1813       5.148255474904e-11       1.102118857276e-12      -3.271006779407e-12       0.000000000000e+00       8.568949712240e-16      -2.191985520781e-17       1.012350502095e-17 
 1814       5.146372228964e-11       1.091316629207e-12      -3.232271209421e-12       0.000000000000e+00       8.550553039798e-16      -2.163867522774e-17       9.841221631635e-18 
 1815       5.144224564252e-11       1.080765251507e-12      -3.193235716414e-12       0.000000000000e+00       8.532205203009e-16      -2.132209950605e-17       9.558959550528e-18 
 1816       5.141813359833e-11       1.070464984261e-12      -3.153916291769e-12       0.000000000000e+00       8.513906079227e-16      -2.097152723648e-17       9.276792991726e-18 
 1817       5.139139501446e-11       1.060416085774e-12      -3.114328999937e-12       0.000000000000e+00       8.495655544342e-16      -2.058836415846e-17       8.994796491380e-18 
 1818       5.136203881514e-11       1.050618812567e-12      -3.074489978533e-12       0.000000000000e+00       8.477453472777e-16      -2.017402256632e-17       8.713044908136e-18 
 1819       5.133007399152e-11       1.041073419373e-12      -3.034415438438e-12       0.000000000000e+00       8.459299737487e-16      -1.972992131840e-17       8.431613423578e-18 
 1820       5.129550960183e-11       1.031780159135e-12      -2.994121663906e-12       0.000000000000e+00       8.441194209953e-16      -1.925748584631e-17       8.150577542666e-18 
 1821       5.125835477141e-11       1.022739283001e-12      -2.953625012658e-12       0.000000000000e+00       8.423136760186e-16      -1.875814816405e-17       7.870013094179e-18 
 1822       5.121861869291e-11       1.013951040319e-12      -2.912941915988e-12       0.000000000000e+00       8.405127256716e-16      -1.823334687721e-17       7.589996231147e-18 
 1823       5.117631062628e-11       1.005415678635e-12      -2.872088878864e-12       0.000000000000e+00       8.387165566598e-16      -1.768452719217e-17       7.310603431301e-18 
 1824       5.113143989897e-11       9.971334436883e-13      -2.831082480031e-12       0.000000000000e+00       8.369251555401e-16      -1.711314092525e-17       7.031911497504e-18 
 1825       5.108401590600e-11       9.891045794076e-13      -2.789939372108e-12       0.000000000000e+00       8.351385087214e-16      -1.652064651189e-17       6.753997558197e-18 
 1826       5.103404811005e-11       9.813293279075e-13      -2.748676281695e-12       0.000000000000e+00       8.333566024635e-16      -1.590850901588e-17       6.476939067835e-18 
 1827       5.098154604157e-11       9.738079294846e-13      -2.707310009469e-12       0.000000000000e+00       8.315794228777e-16      -1.527820013845e-17       6.200813807329e-18 
 1828       5.092651929891e-11       9.665406226134e-13      -2.665857430291e-12       0.000000000000e+00       8.298069559258e-16      -1.463119822756e-17       5.925699884485e-18 
 1829       5.086897754840e-11       9.595276439429e-13      -2.624335493306e-12       0.000000000000e+00       8.280391874202e-16      -1.396898828699e-17       5.651675734441e-18 
 1830       5.080893052446e-11       9.527692282922e-13      -2.582761222041e-12       0.000000000000e+00       8.262761030237e-16      -1.329306198555e-17       5.378820120114e-18 
 1831       5.074638802971e-11       9.462656086472e-13      -2.541151714510e-12       0.000000000000e+00       8.245176882492e-16      -1.260491766627e-17       5.107212132633e-18 
 1832       5.068135993504e-11       9.400170161565e-13      -2.499524143317e-12       0.000000000000e+00       8.227639284592e-16      -1.190606035559e-17       4.836931191780e-18 
 1833       5.061385617978e-11       9.340236801277e-13      -2.457895755754e-12       0.000000000000e+00       8.210148088659e-16      -1.119800177251e-17       4.568057046433e-18 
 1834       5.054388677176e-11       9.282858280231e-13      -2.416283873903e-12       0.000000000000e+00       8.192703145307e-16      -1.048226033777e-17       4.300669775002e-18 
 1835       5.047146178741e-11       9.228036854568e-13      -2.374705894740e-12       0.000000000000e+00       8.175304303641e-16      -9.760361183069e-18       4.034849785873e-18 
 1836       5.039659137188e-11       9.175774761899e-13      -2.333179290235e-12       0.000000000000e+00       8.157951411254e-16      -9.033836160210e-18       3.770677817843e-18 
 1837       5.031928573916e-11       9.126074221272e-13      -2.291721607454e-12       0.000000000000e+00       8.140644314223e-16      -8.304223850291e-18       3.508234940562e-18 
 1838       5.023955517212e-11       9.078937433133e-13      -2.250350468659e-12       0.000000000000e+00       8.123382857110e-16      -7.573069572884e-18       3.247602554975e-18 
 1839       5.015741002272e-11       9.034366579285e-13      -2.209083571413e-12       0.000000000000e+00       8.106166882954e-16      -6.841925395217e-18       2.988862393758e-18 
 1840       5.007286071201e-11       8.992363822855e-13      -2.167938688677e-12       0.000000000000e+00       8.088996233274e-16      -6.112350141352e-18       2.732096521761e-18 
 1841       4.998591773029e-11       8.952931308248e-13      -2.126933668917e-12       0.000000000000e+00       8.071870748065e-16      -5.385909401370e-18       2.477387336444e-18 
 1842       4.989659163721e-11       8.916071161118e-13      -2.086086436200e-12       0.000000000000e+00       8.054790265790e-16      -4.664175540543e-18       2.224817568322e-18 
 1843       4.980489306187e-11       8.881785488321e-13      -2.045414990299e-12       0.000000000000e+00       8.037754623388e-16      -3.948727708522e-18       1.974470281399e-18 
 1844       4.971083270290e-11       8.850076377880e-13      -2.004937406795e-12       0.000000000000e+00       8.020763656262e-16      -3.241151848512e-18       1.726428873613e-18 
 1845       4.961442132860e-11       8.820945898951e-13      -1.964671837175e-12       0.000000000000e+00       8.003817198279e-16      -2.543040706454e-18       1.480777077273e-18 
 1846       4.951566977705e-11       8.794396101775e-13      -1.924636508939e-12       0.000000000000e+00       7.986915081771e-16      -1.855993840208e-18       1.237598959499e-18 
 1847       4.941458895617e-11       8.770429017651e-13      -1.884849725695e-12       0.000000000000e+00       7.970057137529e-16      -1.181617628728e-18       9.969789226614e-19 
 1848       4.931118984384e-11       8.749046658887e-13      -1.845329867267e-12       0.000000000000e+00       7.953243194801e-16      -5.215252812440e-19       7.590017048227e-19 
 1849       4.920548348804e-11       8.730251018769e-13      -1.806095389792e-12       0.000000000000e+00       7.936473081290e-16       1.226631535550e-19       5.237523801758e-19 
 1850       4.909748100693e-11       8.714044071521e-13      -1.767164825824e-12       0.000000000000e+00       7.919746623151e-16       7.493207783441e-19       2.913163594840e-19 
 1851       4.898719827213e-11       8.700422718469e-13      -1.728555170723e-12       0.000000000000e+00       7.903063657404e-16       1.357250716891e-18       6.175440070874e-20 
 1852       4.887466999898e-11       8.689363582936e-13      -1.690277027678e-12       0.000000000000e+00       7.886424069284e-16       1.947000517976e-18      -1.649725759980e-19 
 1853       4.875993576793e-11       8.680838095059e-13      -1.652339424502e-12       0.000000000000e+00       7.869827755181e-16       2.519558125014e-18      -3.889288968313e-19 
 1854       4.864303535169e-11       8.674817534458e-13      -1.614751423906e-12       0.000000000000e+00       7.853274610250e-16       3.075915946585e-18      -6.101791989155e-19 
 1855       4.852400871550e-11       8.671273030018e-13      -1.577522123540e-12       0.000000000000e+00       7.836764528409e-16       3.617070862546e-18      -8.287884307386e-19 
 1856       4.840289601742e-11       8.670175559675e-13      -1.540660656046e-12       0.000000000000e+00       7.820297402334e-16       4.144024230147e-18      -1.044821852588e-18 
 1857       4.827973760856e-11       8.671495950200e-13      -1.504176189093e-12       0.000000000000e+00       7.803873123462e-16       4.657781890141e-18      -1.258345036984e-18 
 1858       4.815457403342e-11       8.675204876987e-13      -1.468077925430e-12       0.000000000000e+00       7.787491581986e-16       5.159354172898e-18      -1.469423869116e-18 
 1859       4.802744603005e-11       8.681272863832e-13      -1.432375102927e-12       0.000000000000e+00       7.771152666851e-16       5.649755904518e-18      -1.678124547280e-18 
 1860       4.789839453044e-11       8.689670282724e-13      -1.397076994623e-12       0.000000000000e+00       7.754856265756e-16       6.130006412944e-18      -1.884513583306e-18 
 1861       4.776746066068e-11       8.700367353624e-13      -1.362192908767e-12       0.000000000000e+00       7.738602265150e-16       6.601129534074e-18      -2.088657803002e-18 
 1862       4.763468574131e-11       8.713334144255e-13      -1.327732188867e-12       0.000000000000e+00       7.722390550228e-16       7.064153617875e-18      -2.290624346583e-18 
 1863       4.750011128754e-11       8.728540569882e-13      -1.293704213733e-12       0.000000000000e+00       7.706221004932e-16       7.520111534495e-18      -2.490480669108e-18 
 1864       4.736377900952e-11       8.745956393100e-13      -1.260118397524e-12       0.000000000000e+00       7.690093511947e-16       7.970040680377e-18      -2.688294540915e-18 
 1865       4.722573081266e-11       8.765551223618e-13      -1.226984189789e-12       0.000000000000e+00       7.674007952701e-16       8.414982984371e-18      -2.884134048055e-18 
 1866       4.708600879781e-11       8.787294518043e-13      -1.194311075517e-12       0.000000000000e+00       7.657964207359e-16       8.855984913846e-18      -3.078067592728e-18 
 1867       4.694465526161e-11       8.811155579665e-13      -1.162108575180e-12       0.000000000000e+00       7.641962154825e-16       9.294097480805e-18      -3.270163893718e-18 
 1868       4.680171269673e-11       8.837103558242e-13      -1.130386244776e-12       0.000000000000e+00       7.626001672738e-16       9.730376247998e-18      -3.460491986829e-18 
 1869       4.665722379212e-11       8.865107449784e-13      -1.099153675878e-12       0.000000000000e+00       7.610082637469e-16       1.016588133503e-17      -3.649121225316e-18 
 1870       4.651123143329e-11       8.895136096341e-13      -1.068420495676e-12       0.000000000000e+00       7.594204924121e-16       1.060167742449e-17      -3.836121280324e-18 
 1871       4.636377870259e-11       8.927158185781e-13      -1.038196367025e-12       0.000000000000e+00       7.578368406525e-16       1.103883376802e-17      -4.021562141321e-18 
 1872       4.621490887947e-11       8.961142251584e-13      -1.008490988486e-12       0.000000000000e+00       7.562572957240e-16       1.147842419251e-17      -4.205514116536e-18 
 1873       4.606466544075e-11       8.997056672616e-13      -9.793140943744e-13       0.000000000000e+00       7.546818447548e-16       1.192152710611e-17      -4.388047833387e-18 
 1874       4.591309206087e-11       9.034869672924e-13      -9.506754548044e-13       0.000000000000e+00       7.531104747455e-16       1.236922550443e-17      -4.569234238924e-18 
 1875       4.576023261220e-11       9.074549321514e-13      -9.225848757335e-13       0.000000000000e+00       7.515431725686e-16       1.282260697659e-17      -4.749144600261e-18 
 1876       4.560613116525e-11       9.116063532137e-13      -8.950521990079e-13       0.000000000000e+00       7.499799249686e-16       1.328276371137e-17      -4.927850505007e-18 
 1877       4.545083198902e-11       9.159380063078e-13      -8.680873024075e-13       0.000000000000e+00       7.484207185614e-16       1.375079250332e-17      -5.105423861708e-18 
 1878       4.529437955116e-11       9.204466516933e-13      -8.417000996911e-13       0.000000000000e+00       7.468655398346e-16       1.422779475886e-17      -5.281936900276e-18 
 1879       4.513681851834e-11       9.251290340401e-13      -8.159005406413e-13       0.000000000000e+00       7.453143751467e-16       1.471487650239e-17      -5.457462172428e-18 
 1880       4.497819375647e-11       9.299818824066e-13      -7.906986111097e-13       0.000000000000e+00       7.437672107274e-16       1.521314838241e-17      -5.632072552119e-18 
 1881       4.481855033096e-11       9.350019102179e-13      -7.661043330623e-13       0.000000000000e+00       7.422240326771e-16       1.572372567765e-17      -5.805841235977e-18 
 1882       4.465793350702e-11       9.401858152449e-13      -7.421277646238e-13       0.000000000000e+00       7.406848269668e-16       1.624772830315e-17      -5.978841743738e-18 
 1883       4.449638874989e-11       9.455302795820e-13      -7.187790001235e-13       0.000000000000e+00       7.391495794378e-16       1.678628081640e-17      -6.151147918682e-18 
 1884       4.433396172515e-11       9.510319696263e-13      -6.960681701399e-13       0.000000000000e+00       7.376182758015e-16       1.734051242344e-17      -6.322833928067e-18 
 1885       4.417069829895e-11       9.566875360557e-13      -6.740054415459e-13       0.000000000000e+00       7.360909016395e-16       1.791155698496e-17      -6.493974263564e-18 
 1886       4.400664453832e-11       9.624936138072e-13      -6.526010175541e-13       0.000000000000e+00       7.345674424028e-16       1.850055302245e-17      -6.664643741694e-18 
 1887       4.384184671139e-11       9.684468220559e-13      -6.318651377614e-13       0.000000000000e+00       7.330478834120e-16       1.910864372428e-17      -6.834917504259e-18 
 1888       4.367635128769e-11       9.745437641930e-13      -6.118080781947e-13       0.000000000000e+00       7.315322098573e-16       1.973697695183e-17      -7.004871018780e-18 
 1889       4.351020493842e-11       9.807810278045e-13      -5.924401513555e-13       0.000000000000e+00       7.300204067975e-16       2.038670524560e-17      -7.174580078930e-18 
 1890       4.334345453670e-11       9.871551846497e-13      -5.737717062650e-13       0.000000000000e+00       7.285124591606e-16       2.105898583129e-17      -7.344120804974e-18 
 1891       4.317614631835e-11       9.936627038418e-13      -5.558111367047e-13       0.000000000000e+00       7.270083528047e-16       2.175462444122e-17      -7.513547036005e-18 
 1892       4.300832335648e-11       1.000299690699e-12      -5.385588889939e-13       0.000000000000e+00       7.255080777107e-16       2.247300375237e-17      -7.682822314529e-18 
 1893       4.284002806789e-11       1.007062145829e-12      -5.220134079263e-13       0.000000000000e+00       7.240116248139e-16       2.321314666739e-17      -7.851887376362e-18 
 1894       4.267130305104e-11       1.013946051721e-12      -5.061731243437e-13       0.000000000000e+00       7.225189849447e-16       2.397407174074e-17      -8.020682710715e-18 
 1895       4.250219108628e-11       1.020947372716e-12      -4.910364551139e-13       0.000000000000e+00       7.210301488283e-16       2.475479317279e-17      -8.189148559867e-18 
 1896       4.233273513609e-11       1.028062054991e-12      -4.766018031093e-13       0.000000000000e+00       7.195451070846e-16       2.555432080404e-17      -8.357224918847e-18 
 1897       4.216297834532e-11       1.035286026525e-12      -4.628675571849e-13       0.000000000000e+00       7.180638502280e-16       2.637166010926e-17      -8.524851535107e-18 
 1898       4.199296404144e-11       1.042615197082e-12      -4.498320921569e-13       0.000000000000e+00       7.165863686672e-16       2.720581219167e-17      -8.691967908200e-18 
 1899       4.182273573479e-11       1.050045458182e-12      -4.374937687806e-13       0.000000000000e+00       7.151126527052e-16       2.805577377708e-17      -8.858513289455e-18 
 1900       4.165233711877e-11       1.057572683079e-12      -4.258509337290e-13       0.000000000000e+00       7.136426925387e-16       2.892053720811e-17      -9.024426681656e-18 
 1901       4.148181207014e-11       1.065192726735e-12      -4.149019195708e-13       0.000000000000e+00       7.121764782586e-16       2.979909043828e-17      -9.189646838718e-18 
 1902       4.131120464922e-11       1.072901425798e-12      -4.046450447489e-13       0.000000000000e+00       7.107139998490e-16       3.069041702625e-17      -9.354112265362e-18 
 1903       4.114055910018e-11       1.080694598574e-12      -3.950786135586e-13       0.000000000000e+00       7.092552471879e-16       3.159349612994e-17      -9.517761216795e-18 
 1904       4.096991985119e-11       1.088568045004e-12      -3.862009161260e-13       0.000000000000e+00       7.078002100461e-16       3.250730250071e-17      -9.680531698382e-18 
 1905       4.079933151475e-11       1.096517546644e-12      -3.780102283859e-13       0.000000000000e+00       7.063488780880e-16       3.343080647754e-17      -9.842361465329e-18 
 1906       4.062883888791e-11       1.104538866631e-12      -3.705048120607e-13       0.000000000000e+00       7.049012408705e-16       3.436297398116e-17      -1.000318802235e-17 
 1907       4.045848695245e-11       1.112627749669e-12      -3.636829146379e-13       0.000000000000e+00       7.034572878436e-16       3.530276650826e-17      -1.016294862336e-17 
 1908       4.028832087520e-11       1.120779921997e-12      -3.575427693491e-13       0.000000000000e+00       7.020170083496e-16       3.624914112564e-17      -1.032158027113e-17 
 1909       4.011838600825e-11       1.128991091368e-12      -3.520825951479e-13       0.000000000000e+00       7.005803916235e-16       3.720105046434e-17      -1.047901971699e-17 
 1910       3.994872788915e-11       1.137256947024e-12      -3.473005966883e-13       0.000000000000e+00       6.991474267923e-16       3.815744271387e-17      -1.063520346047e-17 
 1911       3.977939224123e-11       1.145573159671e-12      -3.431949643028e-13       0.000000000000e+00       6.977181028751e-16       3.911726161634e-17      -1.079006774901e-17 
 1912       3.961042497377e-11       1.153935381455e-12      -3.397638739809e-13       0.000000000000e+00       6.962924087830e-16       4.007944646061e-17      -1.094354857763e-17 
 1913       3.944187218226e-11       1.162339245938e-12      -3.370054873473e-13       0.000000000000e+00       6.948703333187e-16       4.104293207651e-17      -1.109558168859e-17 
 1914       3.927378014868e-11       1.170780368072e-12      -3.349179516401e-13       0.000000000000e+00       6.934518651764e-16       4.200664882895e-17      -1.124610257108e-17 
 1915       3.910619534168e-11       1.179254344178e-12      -3.334993996894e-13       0.000000000000e+00       6.920369929418e-16       4.296952261211e-17      -1.139504646090e-17 
 1916       3.893916441686e-11       1.187756751916e-12      -3.327479498949e-13       0.000000000000e+00       6.906257050916e-16       4.393047484363e-17      -1.154234834012e-17 
 1917       3.877273421697e-11       1.196283150266e-12      -3.326617062050e-13       0.000000000000e+00       6.892179899937e-16       4.488842245872e-17      -1.168794293679e-17 
 1918       3.860695177222e-11       1.204829079502e-12      -3.332387580946e-13       0.000000000000e+00       6.878138359066e-16       4.584227790438e-17      -1.183176472456e-17 
 1919       3.844186430046e-11       1.213390061164e-12      -3.344771805432e-13       0.000000000000e+00       6.864132309798e-16       4.679094913354e-17      -1.197374792242e-17 
 1920       3.827751920741e-11       1.221961598038e-12      -3.363750340139e-13       0.000000000000e+00       6.850161632530e-16       4.773333959924e-17      -1.211382649434e-17 
 1921       3.811396408698e-11       1.230539174132e-12      -3.389303644307e-13       0.000000000000e+00       6.836226206562e-16       4.866834824876e-17      -1.225193414895e-17 
 1922       3.795124672141e-11       1.239118254647e-12      -3.421412031578e-13       0.000000000000e+00       6.822325910097e-16       4.959486951786e-17      -1.238800433923e-17 
 1923       3.778941508160e-11       1.247694285955e-12      -3.460055669771e-13       0.000000000000e+00       6.808460620237e-16       5.051179332485e-17      -1.252197026215e-17 
 1924       3.762851732726e-11       1.256262695577e-12      -3.505214580668e-13       0.000000000000e+00       6.794630212981e-16       5.141800506484e-17      -1.265376485842e-17 
 1925       3.746860180726e-11       1.264818892154e-12      -3.556868639797e-13       0.000000000000e+00       6.780834563225e-16       5.231238560387e-17      -1.278332081208e-17 
 1926       3.730971705974e-11       1.273358265426e-12      -3.614997576214e-13       0.000000000000e+00       6.767073544759e-16       5.319381127307e-17      -1.291057055025e-17 
 1927       3.715191181249e-11       1.281876186206e-12      -3.679580972286e-13       0.000000000000e+00       6.753347030266e-16       5.406115386284e-17      -1.303544624274e-17 
 1928       3.699523498305e-11       1.290368006357e-12      -3.750598263472e-13       0.000000000000e+00       6.739654891319e-16       5.491328061701e-17      -1.315787980180e-17 
 1929       3.683973567908e-11       1.298829058766e-12      -3.828028738111e-13       0.000000000000e+00       6.725996998381e-16       5.574905422701e-17      -1.327780288173e-17 
 1930       3.668546319849e-11       1.307254657318e-12      -3.911851537199e-13       0.000000000000e+00       6.712373220801e-16       5.656733282603e-17      -1.339514687859e-17 
 1931       3.653246213695e-11       1.315640410834e-12      -4.002033250701e-13       0.000000000000e+00       6.698783435849e-16       5.736719253411e-17      -1.350985740523e-17 
 1932       3.638075766904e-11       1.323983167515e-12      -4.098490604138e-13       0.000000000000e+00       6.685227555885e-16       5.814859694902e-17      -1.362193783698e-17 
 1933       3.623037015600e-11       1.332280077606e-12      -4.201127488758e-13       0.000000000000e+00       6.671705501393e-16       5.891173271797e-17      -1.373140609535e-17 
 1934       3.608132002849e-11       1.340528280071e-12      -4.309847338720e-13       0.000000000000e+00       6.658217191959e-16       5.965678744874e-17      -1.383828020278e-17 
 1935       3.593362778665e-11       1.348724902581e-12      -4.424553130481e-13       0.000000000000e+00       6.644762546277e-16       6.038394971093e-17      -1.394257828280e-17 
 1936       3.578731400021e-11       1.356867061499e-12      -4.545147382174e-13       0.000000000000e+00       6.631341482139e-16       6.109340903734e-17      -1.404431856016e-17 
 1937       3.564239930858e-11       1.364951861866e-12      -4.671532152996e-13       0.000000000000e+00       6.617953916442e-16       6.178535592527e-17      -1.414351936096e-17 
 1938       3.549890442089e-11       1.372976397387e-12      -4.803609042593e-13       0.000000000000e+00       6.604599765179e-16       6.245998183784e-17      -1.424019911281e-17 
 1939       3.535685011612e-11       1.380937750414e-12      -4.941279190438e-13       0.000000000000e+00       6.591278943443e-16       6.311747920534e-17      -1.433437634498e-17 
 1940       3.521625724315e-11       1.388832991935e-12      -5.084443275220e-13       0.000000000000e+00       6.577991365423e-16       6.375804142653e-17      -1.442606968851e-17 
 1941       3.507714672087e-11       1.396659181558e-12      -5.233001514229e-13       0.000000000000e+00       6.564736944403e-16       6.438186286997e-17      -1.451529787638e-17 
 1942       3.493953953823e-11       1.404413367499e-12      -5.386853662732e-13       0.000000000000e+00       6.551515592761e-16       6.498913887535e-17      -1.460207974365e-17 
 1943       3.480345675436e-11       1.412092586562e-12      -5.545899013367e-13       0.000000000000e+00       6.538327221967e-16       6.558006575483e-17      -1.468643422759e-17 
 1944       3.466891949862e-11       1.419693864131e-12      -5.710036395518e-13       0.000000000000e+00       6.525171742580e-16       6.615484079433e-17      -1.476838036783e-17 
 1945       3.453594897070e-11       1.427214214151e-12      -5.879164174705e-13       0.000000000000e+00       6.512049064252e-16       6.671366225488e-17      -1.484793730649e-17 
 1946       3.440456644070e-11       1.434650639119e-12      -6.053180251963e-13       0.000000000000e+00       6.498959095719e-16       6.725672937392e-17      -1.492512428836e-17 
 1947       3.427479324923e-11       1.442000130063e-12      -6.231982063232e-13       0.000000000000e+00       6.485901744806e-16       6.778424236668e-17      -1.499996066099e-17 
 1948       3.414665080743e-11       1.449259666532e-12      -6.415466578733e-13       0.000000000000e+00       6.472876918421e-16       6.829640242743e-17      -1.507246587487e-17 
 1949       3.402016059715e-11       1.456426216581e-12      -6.603530302358e-13       0.000000000000e+00       6.459884522556e-16       6.879341173087e-17      -1.514265948355e-17 
 1950       3.389534417095e-11       1.463496736756e-12      -6.796069271053e-13       0.000000000000e+00       6.446924462286e-16       6.927547343340e-17      -1.521056114381e-17 
 1951       3.377222315222e-11       1.470468172080e-12      -6.992979054197e-13       0.000000000000e+00       6.433996641765e-16       6.974279167450e-17      -1.527619061577e-17 
 1952       3.365081923525e-11       1.477337456039e-12      -7.194154752993e-13       0.000000000000e+00       6.421100964226e-16       7.019557157801e-17      -1.533956776305e-17 
 1953       3.353115418533e-11       1.484101510566e-12      -7.399490999845e-13       0.000000000000e+00       6.408237331981e-16       7.063401925346e-17      -1.540071255291e-17 
 1954       3.341324983882e-11       1.490757246031e-12      -7.608881957748e-13       0.000000000000e+00       6.395405646417e-16       7.105834179745e-17      -1.545964505639e-17 
 1955       3.329712810323e-11       1.497301561219e-12      -7.822221319666e-13       0.000000000000e+00       6.382605807996e-16       7.146874729487e-17      -1.551638544847e-17 
 1956       3.318281095730e-11       1.503731343324e-12      -8.039402307922e-13       0.000000000000e+00       6.369837716252e-16       7.186544482034e-17      -1.557095400816e-17 
 1957       3.307032045111e-11       1.510043467930e-12      -8.260317673576e-13       0.000000000000e+00       6.357101269794e-16       7.224864443945e-17      -1.562337111872e-17 
 1958       3.295967870614e-11       1.516234798997e-12      -8.484859695811e-13       0.000000000000e+00       6.344396366298e-16       7.261855721012e-17      -1.567365726773e-17 
 1959       3.285090791532e-11       1.522302188847e-12      -8.712920181318e-13       0.000000000000e+00       6.331722902509e-16       7.297539518393e-17      -1.572183304728e-17 
 1960       3.274403034320e-11       1.528242478152e-12      -8.944390463681e-13       0.000000000000e+00       6.319080774241e-16       7.331937140742e-17      -1.576791915408e-17 
 1961       3.263906832595e-11       1.534052495914e-12      -9.179161402755e-13       0.000000000000e+00       6.306469876374e-16       7.365069992344e-17      -1.581193638964e-17 
 1962       3.253604427148e-11       1.539729059458e-12      -9.417123384056e-13       0.000000000000e+00       6.293890102850e-16       7.396959577247e-17      -1.585390566038e-17 
 1963       3.243498065952e-11       1.545268974411e-12      -9.658166318142e-13       0.000000000000e+00       6.281341346677e-16       7.427627499392e-17      -1.589384797776e-17 
 1964       3.233590004169e-11       1.550669034692e-12      -9.902179639997e-13       0.000000000000e+00       6.268823499922e-16       7.457095462750e-17      -1.593178445849e-17 
 1965       3.223882504161e-11       1.555926022496e-12      -1.014905230842e-12       0.000000000000e+00       6.256336453713e-16       7.485385271450e-17      -1.596773632458e-17 
 1966       3.214377835495e-11       1.561036708281e-12      -1.039867280539e-12       0.000000000000e+00       6.243880098238e-16       7.512518829913e-17      -1.600172490356e-17 
 1967       3.205078274954e-11       1.565997850750e-12      -1.065092913547e-12       0.000000000000e+00       6.231454322739e-16       7.538518142986e-17      -1.603377162858e-17 
 1968       3.195986106542e-11       1.570806196841e-12      -1.090570882521e-12       0.000000000000e+00       6.219059015517e-16       7.563405316073e-17      -1.606389803857e-17 
 1969       3.187103621497e-11       1.575458481711e-12      -1.116289892246e-12       0.000000000000e+00       6.206694063926e-16       7.587202555269e-17      -1.609212577837e-17 
 1970       3.178433118294e-11       1.579951428720e-12      -1.142238599583e-12       0.000000000000e+00       6.194359354371e-16       7.609932167489e-17      -1.611847659887e-17 
 1971       3.169976356792e-11       1.584282235580e-12      -1.168405660973e-12       0.000000000000e+00       6.182054780145e-16       7.631622784430e-17      -1.614297264363e-17 
 1972       3.161732916206e-11       1.588450036765e-12      -1.194779875470e-12       0.000000000000e+00       6.169780264998e-16       7.652328084704e-17      -1.616563731070e-17 
 1973       3.153701824954e-11       1.592454451928e-12      -1.221350042649e-12       0.000000000000e+00       6.157535739736e-16       7.672108210992e-17      -1.618649439745e-17 
 1974       3.145882105412e-11       1.596295100733e-12      -1.248104915071e-12       0.000000000000e+00       6.145321134404e-16       7.691023559167e-17      -1.620556781489e-17 
 1975       3.138272773901e-11       1.599971602850e-12      -1.275033198224e-12       0.000000000000e+00       6.133136378284e-16       7.709134778617e-17      -1.622288158777e-17 
 1976       3.130872840683e-11       1.603483577959e-12      -1.302123550464e-12       0.000000000000e+00       6.120981399894e-16       7.726502772572e-17      -1.623845985477e-17 
 1977       3.123681309947e-11       1.606830645750e-12      -1.329364582951e-12       0.000000000000e+00       6.108856126986e-16       7.743188698423e-17      -1.625232686865e-17 
 1978       3.116697179805e-11       1.610012425921e-12      -1.356744859593e-12       0.000000000000e+00       6.096760486544e-16       7.759253968054e-17      -1.626450699637e-17 
 1979       3.109919442281e-11       1.613028538186e-12      -1.384252896985e-12       0.000000000000e+00       6.084694404786e-16       7.774760248160e-17      -1.627502471929e-17 
 1980       3.103347083304e-11       1.615878602265e-12      -1.411877164347e-12       0.000000000000e+00       6.072657807161e-16       7.789769460577e-17      -1.628390463326e-17 
 1981       3.096979082698e-11       1.618562237894e-12      -1.439606083464e-12       0.000000000000e+00       6.060650618345e-16       7.804343782603e-17      -1.629117144883e-17 
 1982       3.090814414173e-11       1.621079064821e-12      -1.467428028629e-12       0.000000000000e+00       6.048672762244e-16       7.818545647324e-17      -1.629684999136e-17 
 1983       3.084852045320e-11       1.623428702809e-12      -1.495331326578e-12       0.000000000000e+00       6.036724161991e-16       7.832437743938e-17      -1.630096520119e-17 
 1984       3.079090937596e-11       1.625610771634e-12      -1.523304256435e-12       0.000000000000e+00       6.024804739946e-16       7.846083018082e-17      -1.630354213379e-17 
 1985       3.073530046324e-11       1.627624891086e-12      -1.551335049648e-12       0.000000000000e+00       6.012914417692e-16       7.859544672151e-17      -1.630460595991e-17 
 1986       3.068168320676e-11       1.629470680974e-12      -1.579411889930e-12       0.000000000000e+00       6.001053116035e-16       7.872886165631e-17      -1.630418196573e-17 
 1987       3.063004703669e-11       1.631147761121e-12      -1.607522913200e-12       0.000000000000e+00       5.989220755006e-16       7.886171215417e-17      -1.630229555300e-17 
 1988       3.058038132156e-11       1.632655751367e-12      -1.635656207522e-12       0.000000000000e+00       5.977417253854e-16       7.899463796137e-17      -1.629897223921e-17 
 1989       3.053267536817e-11       1.633994271571e-12      -1.663799813042e-12       0.000000000000e+00       5.965642531049e-16       7.912828140484e-17      -1.629423765773e-17 
 1990       3.048691842150e-11       1.635162941611e-12      -1.691941721935e-12       0.000000000000e+00       5.953896504281e-16       7.926328739533e-17      -1.628811755798e-17 
 1991       3.044309966464e-11       1.636161381381e-12      -1.720069878336e-12       0.000000000000e+00       5.942179090455e-16       7.940030343068e-17      -1.628063780553e-17 
 1992       3.040120821867e-11       1.636989210799e-12      -1.748172178288e-12       0.000000000000e+00       5.930490205694e-16       7.953997959910e-17      -1.627182438233e-17 
 1993       3.036123314262e-11       1.637646049801e-12      -1.776236469676e-12       0.000000000000e+00       5.918829765334e-16       7.968296858237e-17      -1.626170338679e-17 
 1994       3.032316343335e-11       1.638131518343e-12      -1.804250552170e-12       0.000000000000e+00       5.907197683928e-16       7.982992565910e-17      -1.625030103397e-17 
 1995       3.028698802547e-11       1.638445236405e-12      -1.832202177162e-12       0.000000000000e+00       5.895593875238e-16       7.998150870798e-17      -1.623764365570e-17 
 1996       3.025269579126e-11       1.638586823989e-12      -1.860079047710e-12       0.000000000000e+00       5.884018252239e-16       8.013837821105e-17      -1.622375770078e-17 
 1997       3.022027554061e-11       1.638555901120e-12      -1.887868818475e-12       0.000000000000e+00       5.872470727116e-16       8.030119725690e-17      -1.620866973508e-17 
 1998       3.018971602087e-11       1.638352087847e-12      -1.915559095661e-12       0.000000000000e+00       5.860951211262e-16       8.047063154395e-17      -1.619240644172e-17 
 1999       3.016100591682e-11       1.637975004242e-12      -1.943137436954e-12       0.000000000000e+00       5.849459615280e-16       8.064734938367e-17      -1.617499462123e-17 
 2000       3.013413385057e-11       1.637424270404e-12      -1.970591351465e-12       0.000000000000e+00       5.837995848976e-16       8.083202170387e-17      -1.615646119166e-17 
 2001       3.010908838146e-11       1.636699506458e-12      -1.997908299668e-12       0.000000000000e+00       5.826559821364e-16       8.102532205189e-17      -1.613683318877e-17 
 2002       3.008585800600e-11       1.635800332553e-12      -2.025075693339e-12       0.000000000000e+00       5.815151440661e-16       8.122792659790e-17      -1.611613776617e-17 
 2003       3.006443115777e-11       1.634726368868e-12      -2.052080895495e-12       0.000000000000e+00       5.803770614286e-16       8.144051413810e-17      -1.609440219547e-17 
 2004       3.004479620730e-11       1.633477235609e-12      -2.078911220340e-12       0.000000000000e+00       5.792417248860e-16       8.166376609801e-17      -1.607165386641e-17 
 2005       3.002694146206e-11       1.632052553010e-12      -2.105553933195e-12       0.000000000000e+00       5.781091250207e-16       8.189836653567e-17      -1.604792028707e-17 
 2006       3.001085516631e-11       1.630451941333e-12      -2.131996250448e-12       0.000000000000e+00       5.769792523345e-16       8.214500214493e-17      -1.602322908394e-17 
 2007       2.999652550104e-11       1.628675020874e-12      -2.158225339485e-12       0.000000000000e+00       5.758520972494e-16       8.240436225866e-17      -1.599760800214e-17 
 2008       2.998394058388e-11       1.626721411954e-12      -2.184228318637e-12       0.000000000000e+00       5.747276501069e-16       8.267713885203e-17      -1.597108490553e-17 
 2009       2.997308846901e-11       1.624590734929e-12      -2.209992257116e-12       0.000000000000e+00       5.736059011681e-16       8.296402654572e-17      -1.594368777690e-17 
 2010       2.996395714710e-11       1.622282610187e-12      -2.235504174953e-12       0.000000000000e+00       5.724868406136e-16       8.326572260920e-17      -1.591544471808e-17 
 2011       2.995653155226e-11       1.619797035906e-12      -2.260752145758e-12       0.000000000000e+00       5.713704592570e-16       8.358265120389e-17      -1.588637634333e-17 
 2012       2.995078455941e-11       1.617135524340e-12      -2.285728613867e-12       0.000000000000e+00       5.702567506930e-16       8.391413391218e-17      -1.585647289871e-17 
 2013       2.994668592126e-11       1.614299973808e-12      -2.310427101216e-12       0.000000000000e+00       5.691457091647e-16       8.425921317770e-17      -1.582571697650e-17 
 2014       2.994420525506e-11       1.611292291695e-12      -2.334841106689e-12       0.000000000000e+00       5.680373288515e-16       8.461692751235e-17      -1.579409110673e-17 
 2015       2.994331204247e-11       1.608114394465e-12      -2.358964106094e-12       0.000000000000e+00       5.669316038683e-16       8.498631149137e-17      -1.576157775717e-17 
 2016       2.994397562935e-11       1.604768207672e-12      -2.382789552132e-12       0.000000000000e+00       5.658285282663e-16       8.536639574838e-17      -1.572815933321e-17 
 2017       2.994616522561e-11       1.601255665974e-12      -2.406310874372e-12       0.000000000000e+00       5.647280960320e-16       8.575620697051e-17      -1.569381817778e-17 
 2018       2.994984990503e-11       1.597578713142e-12      -2.429521479223e-12       0.000000000000e+00       5.636303010876e-16       8.615476789341e-17      -1.565853657133e-17 
 2019       2.995499860506e-11       1.593739302074e-12      -2.452414749906e-12       0.000000000000e+00       5.625351372911e-16       8.656109729635e-17      -1.562229673170e-17 
 2020       2.996158012669e-11       1.589739394805e-12      -2.474984046427e-12       0.000000000000e+00       5.614425984354e-16       8.697420999726e-17      -1.558508081405e-17 
 2021       2.996956313426e-11       1.585580962521e-12      -2.497222705548e-12       0.000000000000e+00       5.603526782493e-16       8.739311684785e-17      -1.554687091084e-17 
 2022       2.997891615525e-11       1.581265985569e-12      -2.519124040764e-12       0.000000000000e+00       5.592653703962e-16       8.781682472861e-17      -1.550764905169e-17 
 2023       2.998960758016e-11       1.576796453472e-12      -2.540681342271e-12       0.000000000000e+00       5.581806684750e-16       8.824433654392e-17      -1.546739720332e-17 
 2024       3.000160566229e-11       1.572174364936e-12      -2.561887876939e-12       0.000000000000e+00       5.570985660195e-16       8.867465121712e-17      -1.542609726952e-17 
 2025       3.001487851760e-11       1.567401727866e-12      -2.582736888288e-12       0.000000000000e+00       5.560190564984e-16       8.910676368555e-17      -1.538373109102e-17 
 2026       3.002939412451e-11       1.562480559376e-12      -2.603221596456e-12       0.000000000000e+00       5.549421333152e-16       8.953966489565e-17      -1.534028044545e-17 
 2027       3.004512032375e-11       1.557412885800e-12      -2.623335198176e-12       0.000000000000e+00       5.538677898081e-16       8.997234179799e-17      -1.529572704725e-17 
 2028       3.006202481815e-11       1.552200742707e-12      -2.643070866744e-12       0.000000000000e+00       5.527960192499e-16       9.040377734239e-17      -1.525005254758e-17 
 2029       3.008007517251e-11       1.546846174910e-12      -2.662421751996e-12       0.000000000000e+00       5.517268148479e-16       9.083295047294e-17      -1.520323853431e-17 
 2030       3.009923881339e-11       1.541351236480e-12      -2.681380980276e-12       0.000000000000e+00       5.506601697438e-16       9.125883612309e-17      -1.515526653185e-17 
 2031       3.011948302894e-11       1.535717990755e-12      -2.699941654415e-12       0.000000000000e+00       5.495960770137e-16       9.168040521071e-17      -1.510611800117e-17 
 2032       3.014077496876e-11       1.529948510355e-12      -2.718096853696e-12       0.000000000000e+00       5.485345296678e-16       9.209662463316e-17      -1.505577433966e-17 
 2033       3.016308164366e-11       1.524044877191e-12      -2.735839633832e-12       0.000000000000e+00       5.474755206502e-16       9.250645726237e-17      -1.500421688107e-17 
 2034       3.018636992557e-11       1.518009182481e-12      -2.753163026935e-12       0.000000000000e+00       5.464190428395e-16       9.290886193989e-17      -1.495142689545e-17 
 2035       3.021060654728e-11       1.511843526756e-12      -2.770060041492e-12       0.000000000000e+00       5.453650890477e-16       9.330279347196e-17      -1.489738558909e-17 
 2036       3.023575810233e-11       1.505550019877e-12      -2.786523662335e-12       0.000000000000e+00       5.443136520209e-16       9.368720262460e-17      -1.484207410438e-17 
 2037       3.026179104480e-11       1.499130781046e-12      -2.802546850616e-12       0.000000000000e+00       5.432647244387e-16       9.406103611863e-17      -1.478547351983e-17 
 2038       3.028867168915e-11       1.492587938815e-12      -2.818122543774e-12       0.000000000000e+00       5.422182989145e-16       9.442323662481e-17      -1.472756484990e-17 
 2039       3.031636621004e-11       1.485923631100e-12      -2.833243655517e-12       0.000000000000e+00       5.411743679951e-16       9.477274275883e-17      -1.466832904499e-17 
 2040       3.034484064216e-11       1.479140005192e-12      -2.847903075784e-12       0.000000000000e+00       5.401329241606e-16       9.510848907644e-17      -1.460774699136e-17 
 2041       3.037406088005e-11       1.472239217773e-12      -2.862093670725e-12       0.000000000000e+00       5.390939598245e-16       9.542940606847e-17      -1.454579951101e-17 
 2042       3.040399267794e-11       1.465223434920e-12      -2.875808282671e-12       0.000000000000e+00       5.380574673335e-16       9.573442015593e-17      -1.448246736167e-17 
 2043       3.043460164955e-11       1.458094832123e-12      -2.889039730108e-12       0.000000000000e+00       5.370234389674e-16       9.602245368507e-17      -1.441773123667e-17 
 2044       3.046585326792e-11       1.450855594295e-12      -2.901780807645e-12       0.000000000000e+00       5.359918669390e-16       9.629242492245e-17      -1.435157176490e-17 
 2045       3.049771286527e-11       1.443507915786e-12      -2.914024285993e-12       0.000000000000e+00       5.349627433938e-16       9.654324804999e-17      -1.428396951071e-17 
 2046       3.053014563279e-11       1.436054000390e-12      -2.925762911933e-12       0.000000000000e+00       5.339360604104e-16       9.677383316007e-17      -1.421490497386e-17 
 2047       3.056311662047e-11       1.428496061360e-12      -2.936989408291e-12       0.000000000000e+00       5.329118099998e-16       9.698308625055e-17      -1.414435858944e-17 
 2048       3.059659073694e-11       1.420836321421e-12      -2.947696473907e-12       0.000000000000e+00       5.318899841059e-16       9.716990921990e-17      -1.407231072779e-17 
 2049       3.063053274928e-11       1.413077012780e-12      -2.957876783612e-12       0.000000000000e+00       5.308705746048e-16       9.733319986221e-17      -1.399874169440e-17 
 2050       3.066490728285e-11       1.405220377139e-12      -2.967522988200e-12       0.000000000000e+00       5.298535733051e-16       9.747185186229e-17      -1.392363172989e-17 
 2051       3.069967957345e-11       1.397268754484e-12      -2.976629111839e-12       0.000000000000e+00       5.288389724277e-16       9.758506279340e-17      -1.384697173390e-17 
 2052       3.073481772990e-11       1.389224850133e-12      -2.985194755276e-12       0.000000000000e+00       5.278267660491e-16       9.767326052307e-17      -1.376879552063e-17 
 2053       3.077029048728e-11       1.381091469620e-12      -2.993220922575e-12       0.000000000000e+00       5.268169486682e-16       9.773718340890e-17      -1.368914779339e-17 
 2054       3.080606645587e-11       1.372871430100e-12      -3.000708626415e-12       0.000000000000e+00       5.258095147271e-16       9.777757290004e-17      -1.360807344166e-17 
 2055       3.084211412103e-11       1.364567560366e-12      -3.007658888098e-12       0.000000000000e+00       5.248044586112e-16       9.779517354103e-17      -1.352561754138e-17 
 2056       3.087840184300e-11       1.356182700865e-12      -3.014072737564e-12       0.000000000000e+00       5.238017746486e-16       9.779073297562e-17      -1.344182535516e-17 
 2057       3.091489785683e-11       1.347719703709e-12      -3.019951213400e-12       0.000000000000e+00       5.228014571107e-16       9.776500195066e-17      -1.335674233250e-17 
 2058       3.095157027216e-11       1.339181432690e-12      -3.025295362859e-12       0.000000000000e+00       5.218035002118e-16       9.771873431993e-17      -1.327041411005e-17 
 2059       3.098838707306e-11       1.330570763296e-12      -3.030106241864e-12       0.000000000000e+00       5.208078981087e-16       9.765268704797e-17      -1.318288651180e-17 
 2060       3.102531611794e-11       1.321890582725e-12      -3.034384915030e-12       0.000000000000e+00       5.198146449013e-16       9.756762021399e-17      -1.309420554936e-17 
 2061       3.106232513935e-11       1.313143789899e-12      -3.038132455665e-12       0.000000000000e+00       5.188237346320e-16       9.746429701565e-17      -1.300441742216e-17 
 2062       3.109938174381e-11       1.304333295477e-12      -3.041349945793e-12       0.000000000000e+00       5.178351612855e-16       9.734348377294e-17      -1.291356851767e-17 
 2063       3.113645341172e-11       1.295462021871e-12      -3.044038476161e-12       0.000000000000e+00       5.168489187893e-16       9.720594993205e-17      -1.282170541168e-17 
 2064       3.117350749715e-11       1.286532903263e-12      -3.046199146252e-12       0.000000000000e+00       5.158650010130e-16       9.705246806919e-17      -1.272887486847e-17 
 2065       3.121051122771e-11       1.277548885613e-12      -3.047833064296e-12       0.000000000000e+00       5.148834017687e-16       9.688381389445e-17      -1.263512384110e-17 
 2066       3.124743170440e-11       1.268512926680e-12      -3.048941347286e-12       0.000000000000e+00       5.139041148107e-16       9.670076625566e-17      -1.254049947160e-17 
 2067       3.128423590144e-11       1.259427996030e-12      -3.049525120990e-12       0.000000000000e+00       5.129271338351e-16       9.650410714220e-17      -1.244504909120e-17 
 2068       3.132089066614e-11       1.250297075057e-12      -3.049585519959e-12       0.000000000000e+00       5.119524524804e-16       9.629462168892e-17      -1.234882022061e-17 
 2069       3.135736271873e-11       1.241123156994e-12      -3.049123687544e-12       0.000000000000e+00       5.109800643268e-16       9.607309817993e-17      -1.225186057018e-17 
 2070       3.139361865220e-11       1.231909246924e-12      -3.048140775906e-12       0.000000000000e+00       5.100099628964e-16       9.584032805246e-17      -1.215421804021e-17 
 2071       3.142962493219e-11       1.222658361804e-12      -3.046637946030e-12       0.000000000000e+00       5.090421416532e-16       9.559710590073e-17      -1.205594072109e-17 
 2072       3.146534789677e-11       1.213373530468e-12      -3.044616367736e-12       0.000000000000e+00       5.080765940026e-16       9.534422947980e-17      -1.195707689363e-17 
 2073       3.150075375635e-11       1.204057793649e-12      -3.042077219692e-12       0.000000000000e+00       5.071133132919e-16       9.508249970938e-17      -1.185767502921e-17 
 2074       3.153580859348e-11       1.194714203993e-12      -3.039021689426e-12       0.000000000000e+00       5.061522928097e-16       9.481272067774e-17      -1.175778379006e-17 
 2075       3.157047836273e-11       1.185345826069e-12      -3.035450973339e-12       0.000000000000e+00       5.051935257860e-16       9.453569964551e-17      -1.165745202946e-17 
 2076       3.160472889052e-11       1.175955736387e-12      -3.031366276719e-12       0.000000000000e+00       5.042370053922e-16       9.425224704955e-17      -1.155672879201e-17 
 2077       3.163852587496e-11       1.166547023411e-12      -3.026768813748e-12       0.000000000000e+00       5.032827247410e-16       9.396317650680e-17      -1.145566331381e-17 
 2078       3.167183488574e-11       1.157122787577e-12      -3.021659807522e-12       0.000000000000e+00       5.023306768862e-16       9.366930481814e-17      -1.135430502274e-17 
 2079       3.170462136389e-11       1.147686141299e-12      -3.016040490055e-12       0.000000000000e+00       5.013808548226e-16       9.337145197220e-17      -1.125270353867e-17 
 2080       3.173685062174e-11       1.138240208993e-12      -3.009912102300e-12       0.000000000000e+00       5.004332514860e-16       9.307044114926e-17      -1.115090867367e-17 
 2081       3.176848784267e-11       1.128788127085e-12      -3.003275894155e-12       0.000000000000e+00       4.994878597532e-16       9.276709872508e-17      -1.104897043229e-17 
 2082       3.179949808100e-11       1.119333044028e-12      -2.996133124477e-12       0.000000000000e+00       4.985446724417e-16       9.246225427474e-17      -1.094693901175e-17 
 2083       3.182984626185e-11       1.109878120317e-12      -2.988485061096e-12       0.000000000000e+00       4.976036823098e-16       9.215674057648e-17      -1.084486480219e-17 
 2084       3.185949718096e-11       1.100426528500e-12      -2.980332980827e-12       0.000000000000e+00       4.966648820564e-16       9.185139361560e-17      -1.074279838689e-17 
 2085       3.188841550452e-11       1.090981453198e-12      -2.971678169481e-12       0.000000000000e+00       4.957282643208e-16       9.154705258825e-17      -1.064079054252e-17 
 2086       3.191656576910e-11       1.081546091112e-12      -2.962521921879e-12       0.000000000000e+00       4.947938216830e-16       9.124455990532e-17      -1.053889223934e-17 
 2087       3.194391238138e-11       1.072123651046e-12      -2.952865541861e-12       0.000000000000e+00       4.938615466632e-16       9.094476119627e-17      -1.043715464148e-17 
 2088       3.197041961810e-11       1.062717353913e-12      -2.942710342305e-12       0.000000000000e+00       4.929314317220e-16       9.064850531299e-17      -1.033562910712e-17 
 2089       3.199605162584e-11       1.053330432756e-12      -2.932057645132e-12       0.000000000000e+00       4.920034692602e-16       9.035664433365e-17      -1.023436718874e-17 
 2090       3.202077242089e-11       1.043966132760e-12      -2.920908781323e-12       0.000000000000e+00       4.910776516186e-16       9.007003356654e-17      -1.013342063338e-17 
 2091       3.204454935648e-11       1.034627513842e-12      -2.909266005351e-12       0.000000000000e+00       4.901539716028e-16       8.978936109136e-17      -1.003282138558e-17 
 2092       3.206736355115e-11       1.025316856897e-12      -2.897135245447e-12       0.000000000000e+00       4.892324240617e-16       8.951463507110e-17      -9.932521442971e-18 
 2093       3.208919953308e-11       1.016036253429e-12      -2.884523372610e-12       0.000000000000e+00       4.883130043198e-16       8.924569285875e-17      -9.832452580101e-18 
 2094       3.211004177927e-11       1.006787802599e-12      -2.871437287973e-12       0.000000000000e+00       4.873957076534e-16       8.898237113325e-17      -9.732546307184e-18 
 2095       3.212987471546e-11       9.975736112372e-13      -2.857883922845e-12       0.000000000000e+00       4.864805292906e-16       8.872450589863e-17      -9.632733869759e-18 
 2096       3.214868271615e-11       9.883957938536e-13      -2.843870238738e-12       0.000000000000e+00       4.855674644112e-16       8.847193248319e-17      -9.532946248373e-18 
 2097       3.216645010446e-11       9.792564726434e-13      -2.829403227418e-12       0.000000000000e+00       4.846565081465e-16       8.822448553866e-17      -9.433114158267e-18 
 2098       3.218316115211e-11       9.701577774984e-13      -2.814489910930e-12       0.000000000000e+00       4.837476555796e-16       8.798199903941e-17      -9.333168049059e-18 
 2099       3.219880007936e-11       9.611018460149e-13      -2.799137341644e-12       0.000000000000e+00       4.828409017447e-16       8.774430628158e-17      -9.233038104426e-18 
 2100       3.221335105495e-11       9.520908235032e-13      -2.783352602287e-12       0.000000000000e+00       4.819362416277e-16       8.751123988227e-17      -9.132654241786e-18 
 2101       3.222679819604e-11       9.431268629966e-13      -2.767142805987e-12       0.000000000000e+00       4.810336701657e-16       8.728263177872e-17      -9.031946111979e-18 
 2102       3.223912556815e-11       9.342121252600e-13      -2.750515096302e-12       0.000000000000e+00       4.801331822471e-16       8.705831322750e-17      -8.930843098956e-18 
 2103       3.225031718510e-11       9.253487787992e-13      -2.733476647264e-12       0.000000000000e+00       4.792347727114e-16       8.683811480364e-17      -8.829274319455e-18 
 2104       3.226035700898e-11       9.165389998699e-13      -2.716034663415e-12       0.000000000000e+00       4.783384363493e-16       8.662186639982e-17      -8.727168622687e-18 
 2105       3.226922895005e-11       9.077849724863e-13      -2.698196379842e-12       0.000000000000e+00       4.774441679024e-16       8.640939722559e-17      -8.624454590019e-18 
 2106       3.227691686671e-11       8.990888884309e-13      -2.679969062219e-12       0.000000000000e+00       4.765519620635e-16       8.620053580647e-17      -8.521060534655e-18 
 2107       3.228340456541e-11       8.904529472624e-13      -2.661360006839e-12       0.000000000000e+00       4.756618134760e-16       8.599510998317e-17      -8.416914501320e-18 
 2108       3.228867580065e-11       8.818793563258e-13      -2.642376540657e-12       0.000000000000e+00       4.747737167344e-16       8.579294691074e-17      -8.311944265942e-18 
 2109       3.229271427487e-11       8.733703307606e-13      -2.623026021322e-12       0.000000000000e+00       4.738876663836e-16       8.559387305778e-17      -8.206077335336e-18 
 2110       3.229550363842e-11       8.649280935100e-13      -2.603315837221e-12       0.000000000000e+00       4.730036569196e-16       8.539771420557e-17      -8.099240946885e-18 
 2111       3.229702748946e-11       8.565548753300e-13      -2.583253407509e-12       0.000000000000e+00       4.721216827886e-16       8.520429544726e-17      -7.991362068224e-18 
 2112       3.229726937397e-11       8.482529147986e-13      -2.562846182153e-12       0.000000000000e+00       4.712417383876e-16       8.501344118706e-17      -7.882367396923e-18 
 2113       3.229621278565e-11       8.400244583241e-13      -2.542101641966e-12       0.000000000000e+00       4.703638180638e-16       8.482497513940e-17      -7.772183360168e-18 
 2114       3.229384116585e-11       8.318717601547e-13      -2.521027298644e-12       0.000000000000e+00       4.694879161152e-16       8.463872032808e-17      -7.660736114445e-18 
 2115       3.229013790355e-11       8.237970823875e-13      -2.499630694807e-12       0.000000000000e+00       4.686140267896e-16       8.445449908550e-17      -7.547951545222e-18 
 2116       3.228508633525e-11       8.158026949770e-13      -2.477919404034e-12       0.000000000000e+00       4.677421442854e-16       8.427213305177e-17      -7.433755266635e-18 
 2117       3.227866974500e-11       8.078908757445e-13      -2.455901030898e-12       0.000000000000e+00       4.668722627510e-16       8.409144317394e-17      -7.318072621164e-18 
 2118       3.227087136422e-11       8.000639103870e-13      -2.433583211009e-12       0.000000000000e+00       4.660043762849e-16       8.391224970514e-17      -7.200828679323e-18 
 2119       3.226167437176e-11       7.923240924862e-13      -2.410973611049e-12       0.000000000000e+00       4.651384789358e-16       8.373437220374e-17      -7.081948239337e-18 
 2120       3.225106189376e-11       7.846737235174e-13      -2.388079928807e-12       0.000000000000e+00       4.642745647021e-16       8.355762953257e-17      -6.961355826831e-18 
 2121       3.223901700365e-11       7.771151128586e-13      -2.364909893220e-12       0.000000000000e+00       4.634126275321e-16       8.338183985807e-17      -6.838975694504e-18 
 2122       3.222552272202e-11       7.696505777993e-13      -2.341471264409e-12       0.000000000000e+00       4.625526613241e-16       8.320682064945e-17      -6.714731821819e-18 
 2123       3.221056201666e-11       7.622824435498e-13      -2.317771833717e-12       0.000000000000e+00       4.616946599260e-16       8.303238867787e-17      -6.588547914686e-18 
 2124       3.219411780240e-11       7.550130432499e-13      -2.293819423747e-12       0.000000000000e+00       4.608386171354e-16       8.285836001564e-17      -6.460347405138e-18 
 2125       3.217617294114e-11       7.478447179782e-13      -2.269621888395e-12       0.000000000000e+00       4.599845266993e-16       8.268455003536e-17      -6.330053451019e-18 
 2126       3.215671024172e-11       7.407798167607e-13      -2.245187112896e-12       0.000000000000e+00       4.591323823145e-16       8.251077340911e-17      -6.197588935668e-18 
 2127       3.213571245992e-11       7.338206965801e-13      -2.220523013853e-12       0.000000000000e+00       4.582821776270e-16       8.233684410761e-17      -6.062876467597e-18 
 2128       3.211316229836e-11       7.269697223846e-13      -2.195637539281e-12       0.000000000000e+00       4.574339062324e-16       8.216257539942e-17      -5.925838380176e-18 
 2129       3.208904240647e-11       7.202292670970e-13      -2.170538668638e-12       0.000000000000e+00       4.565875616754e-16       8.198777985010e-17      -5.786396731317e-18 
 2130       3.206333538041e-11       7.136017116237e-13      -2.145234412869e-12       0.000000000000e+00       4.557431374499e-16       8.181226932135e-17      -5.644473303156e-18 
 2131       3.203602771153e-11       7.070891104766e-13      -2.119732838721e-12       0.000000000000e+00       4.549006273995e-16       8.163584723310e-17      -5.500023799262e-18 
 2132       3.200712166143e-11       7.006921861101e-13      -2.094042141796e-12       0.000000000000e+00       4.540600269209e-16       8.145828529298e-17      -5.353140693665e-18 
 2133       3.197662346834e-11       6.944113276936e-13      -2.068170574078e-12       0.000000000000e+00       4.532213317688e-16       8.127934660535e-17      -5.203951087702e-18 
 2134       3.194453940609e-11       6.882469248719e-13      -2.042126419732e-12       0.000000000000e+00       4.523845376555e-16       8.109879339286e-17      -5.052582577211e-18 
 2135       3.191087578416e-11       6.821993677651e-13      -2.015917995142e-12       0.000000000000e+00       4.515496402513e-16       8.091638699541e-17      -4.899163253126e-18 
 2136       3.187563894770e-11       6.762690469689e-13      -1.989553648949e-12       0.000000000000e+00       4.507166351845e-16       8.073188786918e-17      -4.743821702055e-18 
 2137       3.183883527760e-11       6.704563535547e-13      -1.963041762093e-12       0.000000000000e+00       4.498855180409e-16       8.054505558551e-17      -4.586687006874e-18 
 2138       3.180047119053e-11       6.647616790695e-13      -1.936390747847e-12       0.000000000000e+00       4.490562843644e-16       8.035564882997e-17      -4.427888747304e-18 
 2139       3.176055313897e-11       6.591854155366e-13      -1.909609051856e-12       0.000000000000e+00       4.482289296562e-16       8.016342540125e-17      -4.267557000508e-18 
 2140       3.171908761130e-11       6.537279554554e-13      -1.882705152176e-12       0.000000000000e+00       4.474034493752e-16       7.996814221017e-17      -4.105822341664e-18 
 2141       3.167608113180e-11       6.483896918016e-13      -1.855687559313e-12       0.000000000000e+00       4.465798389379e-16       7.976955527862e-17      -3.942815844564e-18 
 2142       3.163154026070e-11       6.431710180272e-13      -1.828564816257e-12       0.000000000000e+00       4.457580937182e-16       7.956741973857e-17      -3.778669082189e-18 
 2143       3.158547159428e-11       6.380723280610e-13      -1.801345498526e-12       0.000000000000e+00       4.449382090475e-16       7.936148983099e-17      -3.613514127302e-18 
 2144       3.153788176484e-11       6.330940163088e-13      -1.774038214200e-12       0.000000000000e+00       4.441201802143e-16       7.915151890488e-17      -3.447483553033e-18 
 2145       3.148877744081e-11       6.282364776530e-13      -1.746651603959e-12       0.000000000000e+00       4.433040024648e-16       7.893725941617e-17      -3.280710433460e-18 
 2146       3.143816532674e-11       6.235001074532e-13      -1.719194341123e-12       0.000000000000e+00       4.424896710021e-16       7.871846292675e-17      -3.113328344203e-18 
 2147       3.138605216340e-11       6.188853015465e-13      -1.691675131692e-12       0.000000000000e+00       4.416771809864e-16       7.849488010338e-17      -2.945471363002e-18 
 2148       3.133244472780e-11       6.143924562472e-13      -1.664102714378e-12       0.000000000000e+00       4.408665275353e-16       7.826626071673e-17      -2.777274070308e-18 
 2149       3.127734983323e-11       6.100219683471e-13      -1.636485860649e-12       0.000000000000e+00       4.400577057233e-16       7.803235364029e-17      -2.608871549870e-18 
 2150       3.122077432932e-11       6.057742351162e-13      -1.608833374765e-12       0.000000000000e+00       4.392507105817e-16       7.779290684936e-17      -2.440399389314e-18 
 2151       3.116272510208e-11       6.016496543018e-13      -1.581154093814e-12       0.000000000000e+00       4.384455370989e-16       7.754766742003e-17      -2.271993680737e-18 
 2152       3.110320907395e-11       5.976486241298e-13      -1.553456887753e-12       0.000000000000e+00       4.376421802202e-16       7.729638152813e-17      -2.103791021290e-18 
 2153       3.104223320384e-11       5.937715433040e-13      -1.525750659448e-12       0.000000000000e+00       4.368406348476e-16       7.703879444821e-17      -1.935928513760e-18 
 2154       3.097980448718e-11       5.900188110067e-13      -1.498044344706e-12       0.000000000000e+00       4.360408958397e-16       7.677465055252e-17      -1.768543767163e-18 
 2155       3.091592995598e-11       5.863908268987e-13      -1.470346912317e-12       0.000000000000e+00       4.352429580120e-16       7.650369330994e-17      -1.601774897325e-18 
 2156       3.085061667884e-11       5.828879911195e-13      -1.442667364094e-12       0.000000000000e+00       4.344468161365e-16       7.622566528500e-17      -1.435760527470e-18 
 2157       3.078387176104e-11       5.795107042875e-13      -1.415014734906e-12       0.000000000000e+00       4.336524649417e-16       7.594030813683e-17      -1.270639788804e-18 
 2158       3.071570234456e-11       5.762593675001e-13      -1.387398092721e-12       0.000000000000e+00       4.328598991125e-16       7.564736261809e-17      -1.106552321106e-18 
 2159       3.064611560812e-11       5.731343823338e-13      -1.359826538640e-12       0.000000000000e+00       4.320691132906e-16       7.534656857402e-17      -9.436382733061e-19 
 2160       3.057511876726e-11       5.701361508446e-13      -1.332309206940e-12       0.000000000000e+00       4.312801020735e-16       7.503766494131e-17      -7.820383040787e-19 
 2161       3.050271907435e-11       5.672650755677e-13      -1.304855265106e-12       0.000000000000e+00       4.304928600155e-16       7.472038974718e-17      -6.218935824246e-19 
 2162       3.042892381866e-11       5.645215595183e-13      -1.277473913876e-12       0.000000000000e+00       4.297073816267e-16       7.439448010825e-17      -4.633457882582e-19 
 2163       3.035374032638e-11       5.619060061911e-13      -1.250174387272e-12       0.000000000000e+00       4.289236613738e-16       7.405967222956e-17      -3.065371129932e-19 
 2164       3.027717596070e-11       5.594188195610e-13      -1.222965952645e-12       0.000000000000e+00       4.281416936793e-16       7.371570140355e-17      -1.516102601285e-19 
 2165       3.019923812185e-11       5.570604040830e-13      -1.195857910707e-12       0.000000000000e+00       4.273614729217e-16       7.336230200897e-17       1.291554165454e-21 
 2166       3.011993424711e-11       5.548311646921e-13      -1.168859595575e-12       0.000000000000e+00       4.265829934358e-16       7.299920750993e-17       1.520246004610e-19 
 2167       3.003927181090e-11       5.527315068041e-13      -1.141980374803e-12       0.000000000000e+00       4.258062495120e-16       7.262615045481e-17       3.004446354874e-19 
 2168       2.995725832480e-11       5.507618363152e-13      -1.115229649425e-12       0.000000000000e+00       4.250312353969e-16       7.224286247524e-17       4.464069015442e-19 
 2169       2.987390133763e-11       5.489225596024e-13      -1.088616853990e-12       0.000000000000e+00       4.242579452924e-16       7.184907428508e-17       5.897661259162e-19 
 2170       2.978920843543e-11       5.472140835236e-13      -1.062151456605e-12       0.000000000000e+00       4.234863733567e-16       7.144451567940e-17       7.303765202866e-19 
 2171       2.970318951137e-11       5.456365421414e-13      -1.035842232042e-12       0.000000000000e+00       4.227165141558e-16       7.102903258429e-17       8.681249695817e-19 
 2172       2.961586359176e-11       5.441889748799e-13      -1.009695075664e-12       0.000000000000e+00       4.219483640252e-16       7.060293907118e-17       1.003030844276e-18 
 2173       2.952725205615e-11       5.428701428266e-13      -9.837151748346e-13       0.000000000000e+00       4.211819197176e-16       7.016666771408e-17       1.135146859951e-18 
 2174       2.943737637178e-11       5.416788014987e-13      -9.579077345307e-13       0.000000000000e+00       4.204171779513e-16       6.972065275623e-17       1.264525949230e-18 
 2175       2.934625809371e-11       5.406137008362e-13      -9.322779773557e-13       0.000000000000e+00       4.196541354100e-16       6.926533011197e-17       1.391221262039e-18 
 2176       2.925391886493e-11       5.396735851956e-13      -9.068311435621e-13       0.000000000000e+00       4.188927887428e-16       6.880113736876e-17       1.515286165865e-18 
 2177       2.916038041645e-11       5.388571933427e-13      -8.815724910703e-13       0.000000000000e+00       4.181331345640e-16       6.832851378910e-17       1.636774246015e-18 
 2178       2.906566456740e-11       5.381632584457e-13      -8.565072954882e-13       0.000000000000e+00       4.173751694537e-16       6.784790031246e-17       1.755739305871e-18 
 2179       2.896979322516e-11       5.375905080687e-13      -8.316408501313e-13       0.000000000000e+00       4.166188899567e-16       6.735973955725e-17       1.872235367153e-18 
 2180       2.887278838542e-11       5.371376641650e-13      -8.069784660417e-13       0.000000000000e+00       4.158642925833e-16       6.686447582277e-17       1.986316670176e-18 
 2181       2.877467213235e-11       5.368034430697e-13      -7.825254720081e-13       0.000000000000e+00       4.151113738090e-16       6.636255509113e-17       2.098037674110e-18 
 2182       2.867546663862e-11       5.365865554938e-13      -7.582872145857e-13       0.000000000000e+00       4.143601300741e-16       6.585442502925e-17       2.207453057236e-18 
 2183       2.857519416559e-11       5.364857065164e-13      -7.342690581150e-13       0.000000000000e+00       4.136105577844e-16       6.534053499075e-17       2.314617717205e-18 
 2184       2.847387706335e-11       5.364995955787e-13      -7.104763847423e-13       0.000000000000e+00       4.128626533104e-16       6.482133601793e-17       2.419586771300e-18 
 2185       2.837153777084e-11       5.366269164769e-13      -6.869145944387e-13       0.000000000000e+00       4.121164129877e-16       6.429728084371e-17       2.522415556690e-18 
 2186       2.826819881599e-11       5.368663573555e-13      -6.635891050202e-13       0.000000000000e+00       4.113718331165e-16       6.376882389360e-17       2.623159630693e-18 
 2187       2.816388281577e-11       5.372166007001e-13      -6.405053521671e-13       0.000000000000e+00       4.106289099624e-16       6.323642128761e-17       2.721874771031e-18 
 2188       2.805861247634e-11       5.376763233313e-13      -6.176687894435e-13       0.000000000000e+00       4.098876397553e-16       6.270053084221e-17       2.818616976091e-18 
 2189       2.795241059312e-11       5.382441963973e-13      -5.950848883172e-13       0.000000000000e+00       4.091480186901e-16       6.216161207230e-17       2.913442465183e-18 
 2190       2.784530005090e-11       5.389188853674e-13      -5.727591381792e-13       0.000000000000e+00       4.084100429265e-16       6.162012619314e-17       3.006407678798e-18 
 2191       2.773730382398e-11       5.396990500252e-13      -5.506970463633e-13       0.000000000000e+00       4.076737085885e-16       6.107653612229e-17       3.097569278867e-18 
 2192       2.762844497622e-11       5.405833444617e-13      -5.289041381657e-13       0.000000000000e+00       4.069390117650e-16       6.053130648159e-17       3.186984149020e-18 
 2193       2.751874666118e-11       5.415704170685e-13      -5.073859568650e-13       0.000000000000e+00       4.062059485095e-16       5.998490359906e-17       3.274709394845e-18 
 2194       2.740823212222e-11       5.426589105312e-13      -4.861480637411e-13       0.000000000000e+00       4.054745148397e-16       5.943779551088e-17       3.360802344144e-18 
 2195       2.729692469259e-11       5.438474618222e-13      -4.651960380957e-13       0.000000000000e+00       4.047447067380e-16       5.889045196335e-17       3.445320547197e-18 
 2196       2.718484779554e-11       5.451347021944e-13      -4.445354772712e-13       0.000000000000e+00       4.040165201511e-16       5.834334441482e-17       3.528321777015e-18 
 2197       2.707202494444e-11       5.465192571741e-13      -4.241719966706e-13       0.000000000000e+00       4.032899509902e-16       5.779694603760e-17       3.609864029600e-18 
 2198       2.695847974287e-11       5.479997465542e-13      -4.041112297774e-13       0.000000000000e+00       4.025649951306e-16       5.725173172000e-17       3.690005524208e-18 
 2199       2.684423588470e-11       5.495747843875e-13      -3.843588281747e-13       0.000000000000e+00       4.018416484119e-16       5.670817806818e-17       3.768804703601e-18 
 2200       2.672931715425e-11       5.512429789800e-13      -3.649204615654e-13       0.000000000000e+00       4.011199066380e-16       5.616676340818e-17       3.846320234311e-18 
 2201       2.661374742635e-11       5.530029328838e-13      -3.458018177913e-13       0.000000000000e+00       4.003997655769e-16       5.562796778779e-17       3.922611006896e-18 
 2202       2.649755066646e-11       5.548532428906e-13      -3.270086028530e-13       0.000000000000e+00       3.996812209606e-16       5.509227297858e-17       3.997736136197e-18 
 2203       2.638075093076e-11       5.567925000247e-13      -3.085465409297e-13       0.000000000000e+00       3.989642684853e-16       5.456016247778e-17       4.071754961603e-18 
 2204       2.626337236628e-11       5.588192895363e-13      -2.904213743985e-13       0.000000000000e+00       3.982489038111e-16       5.403212151026e-17       4.144727047301e-18 
 2205       2.614543921099e-11       5.609321908948e-13      -2.726388638541e-13       0.000000000000e+00       3.975351225622e-16       5.350863703048e-17       4.216712182543e-18 
 2206       2.602697579389e-11       5.631297777819e-13      -2.552047881285e-13       0.000000000000e+00       3.968229203264e-16       5.299019772442e-17       4.287770381898e-18 
 2207       2.590800653514e-11       5.654106180847e-13      -2.381249443108e-13       0.000000000000e+00       3.961122926557e-16       5.247729401154e-17       4.357961885515e-18 
 2208       2.578855594615e-11       5.677732738889e-13      -2.214051477665e-13       0.000000000000e+00       3.954032350657e-16       5.197041804674e-17       4.427347159378e-18 
 2209       2.566864862968e-11       5.702163014725e-13      -2.050512321573e-13       0.000000000000e+00       3.946957430357e-16       5.147006372228e-17       4.495986895570e-18 
 2210       2.554830927996e-11       5.727382512982e-13      -1.890690494607e-13       0.000000000000e+00       3.939898120088e-16       5.097672666975e-17       4.563942012524e-18 
 2211       2.542756240749e-11       5.753375862229e-13      -1.734634897971e-13       0.000000000000e+00       3.932854376034e-16       5.049079264076e-17       4.631260711729e-18 
 2212       2.530643151128e-11       5.780124355459e-13      -1.582355337788e-13       0.000000000000e+00       3.925826162492e-16       5.001220183739e-17       4.697939553634e-18 
 2213       2.518493990137e-11       5.807608393185e-13      -1.433851806827e-13       0.000000000000e+00       3.918813445555e-16       4.954078236311e-17       4.763962124531e-18 
 2214       2.506311097365e-11       5.835808299714e-13      -1.289124268671e-13       0.000000000000e+00       3.911816190995e-16       4.907636164139e-17       4.829311956659e-18 
 2215       2.494096821002e-11       5.864704323064e-13      -1.148172657668e-13       0.000000000000e+00       3.904834364264e-16       4.861876641495e-17       4.893972528138e-18 
 2216       2.481853517849e-11       5.894276634870e-13      -1.010996878886e-13       0.000000000000e+00       3.897867930498e-16       4.816782274494e-17       4.957927262919e-18 
 2217       2.469583553320e-11       5.924505330302e-13      -8.775968080755e-14       0.000000000000e+00       3.890916854508e-16       4.772335601018e-17       5.021159530717e-18 
 2218       2.457289301461e-11       5.955370427973e-13      -7.479722916160e-14       0.000000000000e+00       3.883981100787e-16       4.728519090632e-17       5.083652646957e-18 
 2219       2.444973144955e-11       5.986851869850e-13      -6.221231464789e-14       0.000000000000e+00       3.877060633504e-16       4.685315144511e-17       5.145389872712e-18 
 2220       2.432637475131e-11       6.018929521172e-13      -5.000491601802e-14       0.000000000000e+00       3.870155416511e-16       4.642706095357e-17       5.206354414649e-18 
 2221       2.420284691978e-11       6.051583170354e-13      -3.817500907369e-14       0.000000000000e+00       3.863265413332e-16       4.600674207321e-17       5.266529424963e-18 
 2222       2.407917204148e-11       6.084792528905e-13      -2.672256666230e-14       0.000000000000e+00       3.856390587173e-16       4.559201675924e-17       5.325898001323e-18 
 2223       2.395537428974e-11       6.118537231338e-13      -1.564755867250e-14       0.000000000000e+00       3.849530900914e-16       4.518270627976e-17       5.384443186813e-18 
 2224       2.383147792472e-11       6.152796835080e-13      -4.949952029790e-15       0.000000000000e+00       3.842686317113e-16       4.477863121500e-17       5.442147969869e-18 
 2225       2.370750729356e-11       6.187550820389e-13       5.370289307918e-15       0.000000000000e+00       3.835856798003e-16       4.437961145653e-17       5.498995284227e-18 
 2226       2.358348683046e-11       6.222778590261e-13       1.531320435470e-14       0.000000000000e+00       3.829042305494e-16       4.398546620644e-17       5.554968008855e-18 
 2227       2.345944105676e-11       6.258459470342e-13       2.487883510105e-14       0.000000000000e+00       3.822242801169e-16       4.359601397655e-17       5.610048967902e-18 
 2228       2.333539458108e-11       6.294572708845e-13       3.406722651831e-14       0.000000000000e+00       3.815458246287e-16       4.321107258766e-17       5.664220930637e-18 
 2229       2.321137209936e-11       6.331097476457e-13       4.287842656306e-14       0.000000000000e+00       3.808688601782e-16       4.283045916872e-17       5.717466611386e-18 
 2230       2.308739839502e-11       6.368012866253e-13       5.131248618157e-14       0.000000000000e+00       3.801933828260e-16       4.245399015606e-17       5.769768669478e-18 
 2231       2.296349833900e-11       6.405297893608e-13       5.936945931421e-14       0.000000000000e+00       3.795193886001e-16       4.208148129257e-17       5.821109709185e-18 
 2232       2.283969688990e-11       6.442931496107e-13       6.704940289986e-14       0.000000000000e+00       3.788468734957e-16       4.171274762696e-17       5.871472279659e-18 
 2233       2.271601909405e-11       6.480892533462e-13       7.435237688034e-14       0.000000000000e+00       3.781758334755e-16       4.134760351292e-17       5.920838874880e-18 
 2234       2.259249008562e-11       6.519159787418e-13       8.127844420483e-14       0.000000000000e+00       3.775062644690e-16       4.098586260836e-17       5.969191933592e-18 
 2235       2.246913508673e-11       6.557711961667e-13       8.782767083429e-14       0.000000000000e+00       3.768381623732e-16       4.062733787461e-17       6.016513839243e-18 
 2236       2.234597940751e-11       6.596527681763e-13       9.400012574587e-14       0.000000000000e+00       3.761715230521e-16       4.027184157560e-17       6.062786919933e-18 
 2237       2.222304844623e-11       6.635585495030e-13       9.979588093734e-14       0.000000000000e+00       3.755063423365e-16       3.991918527713e-17       6.107993448347e-18 
 2238       2.210036768939e-11       6.674863870475e-13       1.052150114315e-13       0.000000000000e+00       3.748426160246e-16       3.956917984604e-17       6.152115641701e-18 
 2239       2.197796271181e-11       6.714341198702e-13       1.102575952807e-13       0.000000000000e+00       3.741803398814e-16       3.922163544941e-17       6.195135661682e-18 
 2240       2.185585917674e-11       6.753995791821e-13       1.149237135709e-13       0.000000000000e+00       3.735195096388e-16       3.887636155380e-17       6.237035614386e-18 
 2241       2.173408283594e-11       6.793805883363e-13       1.192134504267e-13       0.000000000000e+00       3.728601209955e-16       3.853316692443e-17       6.277797550265e-18 
 2242       2.161265952979e-11       6.833749628188e-13       1.231268930153e-13       0.000000000000e+00       3.722021696172e-16       3.819185962443e-17       6.317403464064e-18 
 2243       2.149161518738e-11       6.873805102401e-13       1.266641315508e-13       0.000000000000e+00       3.715456511364e-16       3.785224701398e-17       6.355835294762e-18 
 2244       2.137097582663e-11       6.913950303263e-13       1.298252592993e-13       0.000000000000e+00       3.708905611521e-16       3.751413574961e-17       6.393074925513e-18 
 2245       2.125076755435e-11       6.954163149100e-13       1.326103725824e-13       0.000000000000e+00       3.702368952302e-16       3.717733178331e-17       6.429104183591e-18 
 2246       2.113101656635e-11       6.994421479220e-13       1.350195707825e-13       0.000000000000e+00       3.695846489031e-16       3.684164036184e-17       6.463904840326e-18 
 2247       2.101174914757e-11       7.034703053821e-13       1.370529563466e-13       0.000000000000e+00       3.689338176701e-16       3.650686602585e-17       6.497458611045e-18 
 2248       2.089299167213e-11       7.074985553903e-13       1.387106347910e-13       0.000000000000e+00       3.682843969968e-16       3.617281260916e-17       6.529747155020e-18 
 2249       2.077477060346e-11       7.115246581182e-13       1.399927147057e-13       0.000000000000e+00       3.676363823153e-16       3.583928323790e-17       6.560752075401e-18 
 2250       2.065711249437e-11       7.155463658003e-13       1.408993077586e-13       0.000000000000e+00       3.669897690243e-16       3.550608032981e-17       6.590454919159e-18 
 2251       2.054004174312e-11       7.195615433988e-13       1.414312184047e-13       0.000000000000e+00       3.663445527739e-16       3.517305285087e-17       6.618848008740e-18 
 2252       2.042357384545e-11       7.235685314749e-13       1.415920179060e-13       0.000000000000e+00       3.657007303229e-16       3.484023842314e-17       6.645967014112e-18 
 2253       2.030772209879e-11       7.275657856603e-13       1.413859838093e-13       0.000000000000e+00       3.650582986872e-16       3.450772213961e-17       6.671858592440e-18 
 2254       2.019249984249e-11       7.315517561913e-13       1.408174114868e-13       0.000000000000e+00       3.644172548549e-16       3.417558939095e-17       6.696569575807e-18 
 2255       2.007792045777e-11       7.355248879033e-13       1.398906141577e-13       0.000000000000e+00       3.637775957866e-16       3.384392586583e-17       6.720146971415e-18 
 2256       1.996399736781e-11       7.394836202241e-13       1.386099229081e-13       0.000000000000e+00       3.631393184150e-16       3.351281755125e-17       6.742637961775e-18 
 2257       1.985074403776e-11       7.434263871688e-13       1.369796867124e-13       0.000000000000e+00       3.625024196453e-16       3.318235073287e-17       6.764089904916e-18 
 2258       1.973817397484e-11       7.473516173332e-13       1.350042724534e-13       0.000000000000e+00       3.618668963547e-16       3.285261199533e-17       6.784550334570e-18 
 2259       1.962630072832e-11       7.512577338883e-13       1.326880649437e-13       0.000000000000e+00       3.612327453927e-16       3.252368822259e-17       6.804066960381e-18 
 2260       1.951513788961e-11       7.551431545739e-13       1.300354669461e-13       0.000000000000e+00       3.605999635810e-16       3.219566659824e-17       6.822687668092e-18 
 2261       1.940469909229e-11       7.590062916933e-13       1.270508991944e-13       0.000000000000e+00       3.599685477133e-16       3.186863460585e-17       6.840460519750e-18 
 2262       1.929499801214e-11       7.628455521065e-13       1.237388004141e-13       0.000000000000e+00       3.593384945553e-16       3.154268002929e-17       6.857433753902e-18 
 2263       1.918604836721e-11       7.666593372252e-13       1.201036273432e-13       0.000000000000e+00       3.587098008451e-16       3.121789095303e-17       6.873655785789e-18 
 2264       1.907786391785e-11       7.704460430061e-13       1.161498547530e-13       0.000000000000e+00       3.580824632923e-16       3.089435576253e-17       6.889175207547e-18 
 2265       1.897045846675e-11       7.742040599452e-13       1.118819754687e-13       0.000000000000e+00       3.574564785787e-16       3.057216314449e-17       6.904040788403e-18 
 2266       1.886384585899e-11       7.779317730720e-13       1.073045003903e-13       0.000000000000e+00       3.568318433582e-16       3.025140208725e-17       6.918301474873e-18 
 2267       1.875803998208e-11       7.816275619435e-13       1.024219585133e-13       0.000000000000e+00       3.562085542562e-16       2.993216188107e-17       6.932006390958e-18 
 2268       1.865305476603e-11       7.852898006380e-13       9.723889694944e-14       0.000000000000e+00       3.555866078701e-16       2.961453211849e-17       6.945204838345e-18 
 2269       1.854890418335e-11       7.889168577496e-13       9.175988094732e-14       0.000000000000e+00       3.549660007693e-16       2.929860269462e-17       6.957946296601e-18 
 2270       1.844560224912e-11       7.925070963817e-13       8.598949391336e-14       0.000000000000e+00       3.543467294946e-16       2.898446380751e-17       6.970280423370e-18 
 2271       1.834316302103e-11       7.960588741417e-13       7.993233743244e-14       0.000000000000e+00       3.537287905588e-16       2.867220595844e-17       6.982257054575e-18 
 2272       1.824160059944e-11       7.995705431343e-13       7.359303128864e-14       0.000000000000e+00       3.531121804463e-16       2.836191995229e-17       6.993926204609e-18 
 2273       1.814092912739e-11       8.030404499564e-13       6.697621348601e-14       0.000000000000e+00       3.524968956130e-16       2.805369689782e-17       7.005338066541e-18 
 2274       1.804116279068e-11       8.064669356904e-13       6.008654026932e-14       0.000000000000e+00       3.518829324868e-16       2.774762820804e-17       7.016543012303e-18 
 2275       1.794231581789e-11       8.098483358987e-13       5.292868614479e-14       0.000000000000e+00       3.512702874666e-16       2.744380560051e-17       7.027591592897e-18 
 2276       1.784440248044e-11       8.131829806177e-13       4.550734390083e-14       0.000000000000e+00       3.506589569234e-16       2.714232109768e-17       7.038534538586e-18 
 2277       1.774743709260e-11       8.164691943515e-13       3.782722462883e-14       0.000000000000e+00       3.500489371994e-16       2.684326702722e-17       7.049422759094e-18 
 2278       1.765143401159e-11       8.197052960665e-13       2.989305774385e-14       0.000000000000e+00       3.494402246082e-16       2.654673602234e-17       7.060307343806e-18 
 2279       1.755640763759e-11       8.228895991852e-13       2.170959100541e-14       0.000000000000e+00       3.488328154349e-16       2.625282102211e-17       7.071239561959e-18 
 2280       1.746237241378e-11       8.260204115800e-13       1.328159053822e-14       0.000000000000e+00       3.482267059361e-16       2.596161527183e-17       7.082270862845e-18 
 2281       1.736934282640e-11       8.290960355677e-13       4.613840852925e-15       0.000000000000e+00       3.476218923395e-16       2.567321232330e-17       7.093452876008e-18 
 2282       1.727733340478e-11       8.321147679033e-13      -4.288855133143e-15       0.000000000000e+00       3.470183708444e-16       2.538770603519e-17       7.104837411438e-18 
 2283       1.718635872139e-11       8.350748997740e-13      -1.342167607522e-14       0.000000000000e+00       3.464161376210e-16       2.510519057334e-17       7.116476459772e-18 
 2284       1.709643339191e-11       8.379747167937e-13      -2.277978218037e-14       0.000000000000e+00       3.458151888110e-16       2.482576041112e-17       7.128422192489e-18 
 2285       1.700757207522e-11       8.408124989962e-13      -3.235831518671e-14       0.000000000000e+00       3.452155205272e-16       2.454951032972e-17       7.140726962109e-18 
 2286       1.691978947349e-11       8.435865208301e-13      -4.215239834272e-14       0.000000000000e+00       3.446171288535e-16       2.427653541851e-17       7.153443302392e-18 
 2287       1.683310033221e-11       8.462950511524e-13      -5.215713638642e-14       0.000000000000e+00       3.440200098451e-16       2.400693107536e-17       7.166623928529e-18 
 2288       1.674751944023e-11       8.489363532229e-13      -6.236761552470e-14       0.000000000000e+00       3.434241595279e-16       2.374079300694e-17       7.180321737349e-18 
 2289       1.666306162980e-11       8.515086846976e-13      -7.277890341251e-14       0.000000000000e+00       3.428295738992e-16       2.347821722910e-17       7.194589807507e-18 
 2290       1.657974177663e-11       8.540102976236e-13      -8.338604913216e-14       0.000000000000e+00       3.422362489271e-16       2.321930006714e-17       7.209481399690e-18 
 2291       1.649757208259e-11       8.564396640166e-13      -9.418398642187e-14       0.000000000000e+00       3.416441808229e-16       2.296409047774e-17       7.225033490968e-18 
 2292       1.641655390476e-11       8.587961541833e-13      -1.051672427273e-13       0.000000000000e+00       3.410533668595e-16       2.271244668085e-17       7.241217262488e-18 
 2293       1.633668587423e-11       8.610793627222e-13      -1.163302282494e-13       0.000000000000e+00       3.404638045579e-16       2.246417861227e-17       7.257987295770e-18 
 2294       1.625796660873e-11       8.632888833321e-13      -1.276673325033e-13       0.000000000000e+00       3.398754914158e-16       2.221909551810e-17       7.275298009642e-18 
 2295       1.618039471256e-11       8.654243088118e-13      -1.391729242954e-13       0.000000000000e+00       3.392884249074e-16       2.197700595402e-17       7.293103660061e-18 
 2296       1.610396877661e-11       8.674852310586e-13      -1.508413517002e-13       0.000000000000e+00       3.387026024835e-16       2.173771778451e-17       7.311358339928e-18 
 2297       1.602868737830e-11       8.694712410680e-13      -1.626669420377e-13       0.000000000000e+00       3.381180215710e-16       2.150103818211e-17       7.330015978917e-18 
 2298       1.595454908161e-11       8.713819289329e-13      -1.746440018501e-13       0.000000000000e+00       3.375346795737e-16       2.126677362662e-17       7.349030343291e-18 
 2299       1.588155243704e-11       8.732168838426e-13      -1.867668168792e-13       0.000000000000e+00       3.369525738714e-16       2.103472990435e-17       7.368355035728e-18 
 2300       1.580969598158e-11       8.749756940821e-13      -1.990296520430e-13       0.000000000000e+00       3.363717018204e-16       2.080471210741e-17       7.387943495135e-18 
 2301       1.573897823871e-11       8.766579470313e-13      -2.114267514130e-13       0.000000000000e+00       3.357920607533e-16       2.057652463286e-17       7.407748996475e-18 
 2302       1.566939771836e-11       8.782632291642e-13      -2.239523381915e-13       0.000000000000e+00       3.352136479792e-16       2.034997118203e-17       7.427724650588e-18 
 2303       1.560095291695e-11       8.797911260483e-13      -2.366006146880e-13       0.000000000000e+00       3.346364607831e-16       2.012485475970e-17       7.447823404008e-18 
 2304       1.553364231728e-11       8.812412223435e-13      -2.493657622967e-13       0.000000000000e+00       3.340604964264e-16       1.990097767337e-17       7.467998038790e-18 
 2305       1.546746438860e-11       8.826131018015e-13      -2.622419414737e-13       0.000000000000e+00       3.334857521468e-16       1.967814153248e-17       7.488201172324e-18 
 2306       1.540241758653e-11       8.839063472648e-13      -2.752232917134e-13       0.000000000000e+00       3.329122251581e-16       1.945614724768e-17       7.508385257163e-18 
 2307       1.533850035309e-11       8.851205406663e-13      -2.883039315262e-13       0.000000000000e+00       3.323399126501e-16       1.923479503003e-17       7.528502580841e-18 
 2308       1.527571111663e-11       8.862552630282e-13      -3.014779584152e-13       0.000000000000e+00       3.317688117888e-16       1.901388439025e-17       7.548505265694e-18 
 2309       1.521404829188e-11       8.873100944613e-13      -3.147394488532e-13       0.000000000000e+00       3.311989197163e-16       1.879321413798e-17       7.568345268681e-18 
 2310       1.515351027985e-11       8.882846141641e-13      -3.280824582601e-13       0.000000000000e+00       3.306302335507e-16       1.857258238098e-17       7.587974381208e-18 
 2311       1.509409546788e-11       8.891784004221e-13      -3.415010209794e-13       0.000000000000e+00       3.300627503861e-16       1.835178652441e-17       7.607344228944e-18 
 2312       1.503580222961e-11       8.899910306073e-13      -3.549891502558e-13       0.000000000000e+00       3.294964672926e-16       1.813062327004e-17       7.626406271647e-18 
 2313       1.497862892491e-11       8.907220811767e-13      -3.685408382118e-13       0.000000000000e+00       3.289313813163e-16       1.790888861549e-17       7.645111802984e-18 
 2314       1.492257389994e-11       8.913711276723e-13      -3.821500558250e-13       0.000000000000e+00       3.283674894789e-16       1.768637785348e-17       7.663411950350e-18 
 2315       1.486763548707e-11       8.919377447197e-13      -3.958107529051e-13       0.000000000000e+00       3.278047887783e-16       1.746288557107e-17       7.681257674692e-18 
 2316       1.481381200491e-11       8.924215060276e-13      -4.095168580709e-13       0.000000000000e+00       3.272432761882e-16       1.723820564888e-17       7.698599770328e-18 
 2317       1.476110175823e-11       8.928219843872e-13      -4.232622787273e-13       0.000000000000e+00       3.266829486580e-16       1.701213126035e-17       7.715388864768e-18 
 2318       1.470950303802e-11       8.931387516707e-13      -4.370409010424e-13       0.000000000000e+00       3.261238031129e-16       1.678445487095e-17       7.731575418539e-18 
 2319       1.465901412142e-11       8.933713788314e-13      -4.508465899245e-13       0.000000000000e+00       3.255658364539e-16       1.655496823746e-17       7.747109725002e-18 
 2320       1.460963327170e-11       8.935194359023e-13      -4.646731889992e-13       0.000000000000e+00       3.250090455577e-16       1.632346240717e-17       7.761941910173e-18 
 2321       1.456135873826e-11       8.935824919956e-13      -4.785145205866e-13       0.000000000000e+00       3.244534272766e-16       1.608972771714e-17       7.776021932548e-18 
 2322       1.451418875663e-11       8.935601153016e-13      -4.923643856779e-13       0.000000000000e+00       3.238989784386e-16       1.585355379342e-17       7.789299582921e-18 
 2323       1.446812154842e-11       8.934518730884e-13      -5.062165639128e-13       0.000000000000e+00       3.233456958474e-16       1.561472955032e-17       7.801724484205e-18 
 2324       1.442315532130e-11       8.932573317005e-13      -5.200648135565e-13       0.000000000000e+00       3.227935762822e-16       1.537304318961e-17       7.813246091257e-18 
 2325       1.437928826900e-11       8.929760565587e-13      -5.339028714765e-13       0.000000000000e+00       3.222426164978e-16       1.512828219978e-17       7.823813690694e-18 
 2326       1.433651857131e-11       8.926076121586e-13      -5.477244531202e-13       0.000000000000e+00       3.216928132243e-16       1.488023335529e-17       7.833376400718e-18 
 2327       1.429484439401e-11       8.921515620705e-13      -5.615232524912e-13       0.000000000000e+00       3.211441631677e-16       1.462868271576e-17       7.841883170934e-18 
 2328       1.425426388890e-11       8.916074689378e-13      -5.752929421268e-13       0.000000000000e+00       3.205966630091e-16       1.437341562529e-17       7.849282782174e-18 
 2329       1.421477519375e-11       8.909748944771e-13      -5.890271730752e-13       0.000000000000e+00       3.200503094051e-16       1.411421671160e-17       7.855523846317e-18 
 2330       1.417637643232e-11       8.902533994768e-13      -6.027195748719e-13       0.000000000000e+00       3.195050989878e-16       1.385086988535e-17       7.860554806112e-18 
 2331       1.413906398383e-11       8.894427417697e-13      -6.163641894090e-13       0.000000000000e+00       3.189610285888e-16       1.358324558583e-17       7.864332049925e-18 
 2332       1.410282727972e-11       8.885434715102e-13      -6.299567755643e-13       0.000000000000e+00       3.184180959129e-16       1.331156311860e-17       7.866844312060e-18 
 2333       1.406765397422e-11       8.875563396346e-13      -6.434935127206e-13       0.000000000000e+00       3.178762988687e-16       1.303612996404e-17       7.868088425342e-18 
 2334       1.403353167175e-11       8.864821002307e-13      -6.569705676046e-13       0.000000000000e+00       3.173356353446e-16       1.275725468169e-17       7.868061220102e-18 
 2335       1.400044792688e-11       8.853215105416e-13      -6.703840942734e-13       0.000000000000e+00       3.167961032089e-16       1.247524691140e-17       7.866759524178e-18 
 2336       1.396839024428e-11       8.840753309689e-13      -6.837302341016e-13       0.000000000000e+00       3.162577003098e-16       1.219041737448e-17       7.864180162915e-18 
 2337       1.393734607868e-11       8.827443250767e-13      -6.970051157675e-13       0.000000000000e+00       3.157204244751e-16       1.190307787487e-17       7.860319959166e-18 
 2338       1.390730283475e-11       8.813292595951e-13      -7.102048552400e-13       0.000000000000e+00       3.151842735126e-16       1.161354130030e-17       7.855175733291e-18 
 2339       1.387824786712e-11       8.798309044236e-13      -7.233255557649e-13       0.000000000000e+00       3.146492452097e-16       1.132212162350e-17       7.848744303159e-18 
 2340       1.385016848028e-11       8.782500326347e-13      -7.363633078517e-13       0.000000000000e+00       3.141153373335e-16       1.102913390327e-17       7.841022484147e-18 
 2341       1.382305192853e-11       8.765874204778e-13      -7.493141892604e-13       0.000000000000e+00       3.135825476310e-16       1.073489428574e-17       7.832007089141e-18 
 2342       1.379688541595e-11       8.748438473822e-13      -7.621742649878e-13       0.000000000000e+00       3.130508738287e-16       1.043972000549e-17       7.821694928537e-18 
 2343       1.377165609629e-11       8.730200959614e-13      -7.749395872543e-13       0.000000000000e+00       3.125203136327e-16       1.014392938670e-17       7.810082810237e-18 
 2344       1.374735107298e-11       8.711169520159e-13      -7.876061954906e-13       0.000000000000e+00       3.119908647288e-16       9.847841844352e-18       7.797167539658e-18 
 2345       1.372395739902e-11       8.691352045375e-13      -8.001701163239e-13       0.000000000000e+00       3.114625247824e-16       9.551777885369e-18       7.782945919722e-18 
 2346       1.370146207694e-11       8.670756457124e-13      -8.126273635652e-13       0.000000000000e+00       3.109352914383e-16       9.256059109785e-18       7.767414750864e-18 
 2347       1.367985205877e-11       8.649390709249e-13      -8.249739381953e-13       0.000000000000e+00       3.104091623211e-16       8.961008211913e-18       7.750570831030e-18 
 2348       1.365911424595e-11       8.627262787611e-13      -8.372058283517e-13       0.000000000000e+00       3.098841350347e-16       8.666948981504e-18       7.732410955674e-18 
 2349       1.363923548928e-11       8.604380710125e-13      -8.493190093153e-13       0.000000000000e+00       3.093602071625e-16       8.374206304917e-18       7.712931917765e-18 
 2350       1.362020258888e-11       8.580752526791e-13      -8.613094434967e-13       0.000000000000e+00       3.088373762673e-16       8.083106166280e-18       7.692130507782e-18 
 2351       1.360200229413e-11       8.556386319738e-13      -8.731730804233e-13       0.000000000000e+00       3.083156398916e-16       7.793975648652e-18       7.670003513715e-18 
 2352       1.358462130359e-11       8.531290203253e-13      -8.849058567254e-13       0.000000000000e+00       3.077949955569e-16       7.507142935193e-18       7.646547721067e-18 
 2353       1.356804626497e-11       8.505472323818e-13      -8.965036961232e-13       0.000000000000e+00       3.072754407642e-16       7.222937310326e-18       7.621759912854e-18 
 2354       1.355226377508e-11       8.478940860149e-13      -9.079625094132e-13       0.000000000000e+00       3.067569729941e-16       6.941689160899e-18       7.595636869604e-18 
 2355       1.353726037974e-11       8.451704023230e-13      -9.192781944551e-13       0.000000000000e+00       3.062395897062e-16       6.663729977353e-18       7.568175369358e-18 
 2356       1.352302257375e-11       8.423770056346e-13      -9.304466361580e-13       0.000000000000e+00       3.057232883394e-16       6.389392354882e-18       7.539372187672e-18 
 2357       1.350953680084e-11       8.395147235123e-13      -9.414637064674e-13       0.000000000000e+00       3.052080663121e-16       6.119009994603e-18       7.509224097613e-18 
 2358       1.349678945358e-11       8.365843867563e-13      -9.523252643516e-13       0.000000000000e+00       3.046939210216e-16       5.852917704717e-18       7.477727869766e-18 
 2359       1.348476687336e-11       8.335868294076e-13      -9.630271557884e-13       0.000000000000e+00       3.041808498448e-16       5.591451401671e-18       7.444880272227e-18 
 2360       1.347345535033e-11       8.305228887522e-13      -9.735652137518e-13       0.000000000000e+00       3.036688501373e-16       5.334948111329e-18       7.410678070608e-18 
 2361       1.346284112331e-11       8.273934053242e-13      -9.839352581984e-13       0.000000000000e+00       3.031579192342e-16       5.083745970129e-18       7.375118028036e-18 
 2362       1.345291037977e-11       8.241992229093e-13      -9.941330960542e-13       0.000000000000e+00       3.026480544496e-16       4.838184226253e-18       7.338196905153e-18 
 2363       1.344364925576e-11       8.209411885491e-13      -1.004154521201e-12       0.000000000000e+00       3.021392530768e-16       4.598603240787e-18       7.299911460116e-18 
 2364       1.343504383586e-11       8.176201525437e-13      -1.013995314464e-12       0.000000000000e+00       3.016315123880e-16       4.365344488891e-18       7.260258448601e-18 
 2365       1.342708015311e-11       8.142369684560e-13      -1.023651243596e-12       0.000000000000e+00       3.011248296344e-16       4.138750560957e-18       7.219234623797e-18 
 2366       1.341974418896e-11       8.107924931151e-13      -1.033118063268e-12       0.000000000000e+00       3.006192020465e-16       3.919165163776e-18       7.176836736410e-18 
 2367       1.341302187325e-11       8.072875866198e-13      -1.042391515051e-12       0.000000000000e+00       3.001146268336e-16       3.706933121705e-18       7.133061534664e-18 
 2368       1.340689908407e-11       8.037231123419e-13      -1.051467327406e-12       0.000000000000e+00       2.996111011839e-16       3.502400377826e-18       7.087905764300e-18 
 2369       1.340136164780e-11       8.000999369306e-13      -1.060341215671e-12       0.000000000000e+00       2.991086222645e-16       3.305913995116e-18       7.041366168577e-18 
 2370       1.339639533899e-11       7.964189303151e-13      -1.069008882044e-12       0.000000000000e+00       2.986071872217e-16       3.117822157608e-18       6.993439488270e-18 
 2371       1.339198581416e-11       7.926810386463e-13      -1.077466659883e-12       0.000000000000e+00       2.981067932788e-16       2.938382387400e-18       6.944132036287e-18 
 2372       1.338811841293e-11       7.888875036042e-13      -1.085713450964e-12       0.000000000000e+00       2.976074380332e-16       2.767485573982e-18       6.893488486121e-18 
 2373       1.338477835552e-11       7.850396444515e-13      -1.093748800158e-12       0.000000000000e+00       2.971091191612e-16       2.604930243066e-18       6.841563261171e-18 
 2374       1.338195080881e-11       7.811387852247e-13      -1.101572252209e-12       0.000000000000e+00       2.966118343201e-16       2.450514185204e-18       6.788410976473e-18 
 2375       1.337962088622e-11       7.771862547387e-13      -1.109183351730e-12       0.000000000000e+00       2.961155811477e-16       2.304034454987e-18       6.734086438910e-18 
 2376       1.337777364770e-11       7.731833865925e-13      -1.116581643211e-12       0.000000000000e+00       2.956203572629e-16       2.165287370255e-18       6.678644647414e-18 
 2377       1.337639409963e-11       7.691315191738e-13      -1.123766671010e-12       0.000000000000e+00       2.951261602650e-16       2.034068511306e-18       6.622140793167e-18 
 2378       1.337546719480e-11       7.650319956646e-13      -1.130737979363e-12       0.000000000000e+00       2.946329877341e-16       1.910172720094e-18       6.564630259812e-18 
 2379       1.337497783233e-11       7.608861640459e-13      -1.137495112376e-12       0.000000000000e+00       2.941408372311e-16       1.793394099443e-18       6.506168623654e-18 
 2380       1.337491085763e-11       7.566953771034e-13      -1.144037614031e-12       0.000000000000e+00       2.936497062973e-16       1.683526012248e-18       6.446811653864e-18 
 2381       1.337525106231e-11       7.524609924319e-13      -1.150365028184e-12       0.000000000000e+00       2.931595924548e-16       1.580361080683e-18       6.386615312687e-18 
 2382       1.337598318417e-11       7.481843724411e-13      -1.156476898566e-12       0.000000000000e+00       2.926704932062e-16       1.483691185405e-18       6.325635755642e-18 
 2383       1.337709190708e-11       7.438668843604e-13      -1.162372768782e-12       0.000000000000e+00       2.921824060346e-16       1.393307464763e-18       6.263929331730e-18 
 2384       1.337856186100e-11       7.395099002441e-13      -1.168052182315e-12       0.000000000000e+00       2.916953284039e-16       1.309000314002e-18       6.201552583638e-18 
 2385       1.338037762186e-11       7.351147969765e-13      -1.173514682521e-12       0.000000000000e+00       2.912092577582e-16       1.230559384468e-18       6.138562247943e-18 
 2386       1.338252371153e-11       7.306829562773e-13      -1.178759812633e-12       0.000000000000e+00       2.907241915223e-16       1.157773582817e-18       6.075015255316e-18 
 2387       1.338498459774e-11       7.262157647062e-13      -1.183787115764e-12       0.000000000000e+00       2.902401271013e-16       1.090431070217e-18       6.010968730728e-18 
 2388       1.338774469406e-11       7.217146136684e-13      -1.188596134898e-12       0.000000000000e+00       2.897570618810e-16       1.028319261559e-18       5.946479993655e-18 
 2389       1.339078835982e-11       7.171808994200e-13      -1.193186412901e-12       0.000000000000e+00       2.892749932273e-16       9.712248246563e-19       5.881606558279e-18 
 2390       1.339409990004e-11       7.126160230725e-13      -1.197557492516e-12       0.000000000000e+00       2.887939184867e-16       9.189336794575e-19       5.816406133699e-18 
 2391       1.339766356541e-11       7.080213905983e-13      -1.201708916362e-12       0.000000000000e+00       2.883138349859e-16       8.712309972473e-19       5.750936624129e-18 
 2392       1.340146355217e-11       7.033984128359e-13      -1.205640226938e-12       0.000000000000e+00       2.878347400322e-16       8.279011998549e-19       5.685256129106e-18 
 2393       1.340548400214e-11       6.987485054948e-13      -1.209350966623e-12       0.000000000000e+00       2.873566309129e-16       7.887279588593e-19       5.619422943695e-18 
 2394       1.340970900258e-11       6.940730891609e-13      -1.212840677673e-12       0.000000000000e+00       2.868795048959e-16       7.534941947952e-19       5.553495558691e-18 
 2395       1.341412258617e-11       6.893735893014e-13      -1.216108902224e-12       0.000000000000e+00       2.864033592290e-16       7.219820763590e-19       5.487532660827e-18 
 2396       1.341870873097e-11       6.846514362702e-13      -1.219155182293e-12       0.000000000000e+00       2.859281911405e-16       6.939730196150e-19       5.421593132976e-18 
 2397       1.342345136032e-11       6.799080653125e-13      -1.221979059776e-12       0.000000000000e+00       2.854539978389e-16       6.692476872010e-19       5.355736054357e-18 
 2398       1.342833434282e-11       6.751449165708e-13      -1.224580076452e-12       0.000000000000e+00       2.849807765128e-16       6.475859875343e-19       5.290020700738e-18 
 2399       1.343334149225e-11       6.703634350891e-13      -1.226957773977e-12       0.000000000000e+00       2.845085243309e-16       6.287670740180e-19       5.224506544643e-18 
 2400       1.343845656751e-11       6.655650708187e-13      -1.229111693893e-12       0.000000000000e+00       2.840372384423e-16       6.125693442465e-19       5.159253255555e-18 
 2401       1.344366327258e-11       6.607512786232e-13      -1.231041377621e-12       0.000000000000e+00       2.835669159760e-16       5.987704392118e-19       5.094320700120e-18 
 2402       1.344894525647e-11       6.559235182834e-13      -1.232746366464e-12       0.000000000000e+00       2.830975540411e-16       5.871472425091e-19       5.029768942355e-18 
 2403       1.345428611312e-11       6.510832545025e-13      -1.234226201610e-12       0.000000000000e+00       2.826291497267e-16       5.774758795431e-19       4.965658243846e-18 
 2404       1.345966938139e-11       6.462319569116e-13      -1.235480424126e-12       0.000000000000e+00       2.821617001022e-16       5.695317167339e-19       4.902049063960e-18 
 2405       1.346507854496e-11       6.413711000743e-13      -1.236508574966e-12       0.000000000000e+00       2.816952022167e-16       5.630893607226e-19       4.839002060046e-18 
 2406       1.347049703233e-11       6.365021634922e-13      -1.237310194965e-12       0.000000000000e+00       2.812296530995e-16       5.579226575777e-19       4.776578087639e-18 
 2407       1.347590821669e-11       6.316266316099e-13      -1.237884824843e-12       0.000000000000e+00       2.807650497597e-16       5.538046920008e-19       4.714838200666e-18 
 2408       1.348129541592e-11       6.267459938202e-13      -1.238232005206e-12       0.000000000000e+00       2.803013891865e-16       5.505077865327e-19       4.653843651650e-18 
 2409       1.348664189251e-11       6.218617444693e-13      -1.238351276542e-12       0.000000000000e+00       2.798386683488e-16       5.478035007591e-19       4.593655891915e-18 
 2410       1.349193085350e-11       6.169753828615e-13      -1.238242179224e-12       0.000000000000e+00       2.793768841957e-16       5.454626305169e-19       4.534336571791e-18 
 2411       1.349714673854e-11       6.120883471600e-13      -1.237904738173e-12       0.000000000000e+00       2.789160338711e-16       5.433143720166e-19       4.475934401417e-18 
 2412       1.350227909279e-11       6.072018156373e-13      -1.237340920042e-12       0.000000000000e+00       2.784561153611e-16       5.414242084326e-19       4.418445645552e-18 
 2413       1.350731871739e-11       6.023169042277e-13      -1.236553184882e-12       0.000000000000e+00       2.779971268510e-16       5.399171020158e-19       4.361853389264e-18 
 2414       1.351225638352e-11       5.974347325265e-13      -1.235544002291e-12       0.000000000000e+00       2.775390665099e-16       5.389184277006e-19       4.306140655476e-18 
 2415       1.351708283231e-11       5.925564237938e-13      -1.234315851428e-12       0.000000000000e+00       2.770819324911e-16       5.385539735321e-19       4.251290404898e-18 
 2416       1.352178877486e-11       5.876831049583e-13      -1.232871221023e-12       0.000000000000e+00       2.766257229320e-16       5.389499410925e-19       4.197285535964e-18 
 2417       1.352636489217e-11       5.828159066208e-13      -1.231212609386e-12       0.000000000000e+00       2.761704359537e-16       5.402329459283e-19       4.144108884763e-18 
 2418       1.353080183512e-11       5.779559630584e-13      -1.229342524416e-12       0.000000000000e+00       2.757160696617e-16       5.425300179771e-19       4.091743224972e-18 
 2419       1.353509022445e-11       5.731044122280e-13      -1.227263483617e-12       0.000000000000e+00       2.752626221452e-16       5.459686019940e-19       4.040171267792e-18 
 2420       1.353922065073e-11       5.682623957702e-13      -1.224978014102e-12       0.000000000000e+00       2.748100914774e-16       5.506765579789e-19       3.989375661879e-18 
 2421       1.354318367429e-11       5.634310590127e-13      -1.222488652607e-12       0.000000000000e+00       2.743584757156e-16       5.567821616033e-19       3.939338993280e-18 
 2422       1.354696982525e-11       5.586115509748e-13      -1.219797945501e-12       0.000000000000e+00       2.739077729007e-16       5.644141046366e-19       3.890043785363e-18 
 2423       1.355056960346e-11       5.538050243704e-13      -1.216908448795e-12       0.000000000000e+00       2.734579810578e-16       5.737014953738e-19       3.841472498754e-18 
 2424       1.355397347843e-11       5.490126356122e-13      -1.213822728153e-12       0.000000000000e+00       2.730090981957e-16       5.847738590613e-19       3.793607531267e-18 
 2425       1.355717188939e-11       5.442355448156e-13      -1.210543358904e-12       0.000000000000e+00       2.725611223070e-16       5.977611383248e-19       3.746431217843e-18 
 2426       1.356015524517e-11       5.394749158021e-13      -1.207072926050e-12       0.000000000000e+00       2.721140513682e-16       6.127936935952e-19       3.699925830476e-18 
 2427       1.356291392421e-11       5.347319161030e-13      -1.203414024277e-12       0.000000000000e+00       2.716678833398e-16       6.300023035358e-19       3.654073578153e-18 
 2428       1.356543827453e-11       5.300077169638e-13      -1.199569257966e-12       0.000000000000e+00       2.712226161656e-16       6.495181654695e-19       3.608856606782e-18 
 2429       1.356771861370e-11       5.253034933475e-13      -1.195541241203e-12       0.000000000000e+00       2.707782477737e-16       6.714728958049e-19       3.564256999132e-18 
 2430       1.356974522879e-11       5.206204239381e-13      -1.191332597789e-12       0.000000000000e+00       2.703347760756e-16       6.959985304637e-19       3.520256774760e-18 
 2431       1.357150837636e-11       5.159596911451e-13      -1.186945961253e-12       0.000000000000e+00       2.698921989666e-16       7.232275253071e-19       3.476837889947e-18 
 2432       1.357299828242e-11       5.113224811068e-13      -1.182383974858e-12       0.000000000000e+00       2.694505143258e-16       7.532927565631e-19       3.433982237635e-18 
 2433       1.357420514239e-11       5.067099836940e-13      -1.177649291613e-12       0.000000000000e+00       2.690097200158e-16       7.863275212529e-19       3.391671647353e-18 
 2434       1.357511912109e-11       5.021233925141e-13      -1.172744574285e-12       0.000000000000e+00       2.685698138831e-16       8.224655376180e-19       3.349887885157e-18 
 2435       1.357573035269e-11       4.975639049148e-13      -1.167672495409e-12       0.000000000000e+00       2.681307937576e-16       8.618409455467e-19       3.308612653562e-18 
 2436       1.357602894071e-11       4.930327219874e-13      -1.162435737297e-12       0.000000000000e+00       2.676926574530e-16       9.045883070014e-19       3.267827591472e-18 
 2437       1.357600495792e-11       4.885310485712e-13      -1.157036992047e-12       0.000000000000e+00       2.672554027664e-16       9.508426064451e-19       3.227514274118e-18 
 2438       1.357564844641e-11       4.840600932572e-13      -1.151478961560e-12       0.000000000000e+00       2.668190274788e-16       1.000739251268e-18       3.187654212989e-18 
 2439       1.357494941747e-11       4.796210683913e-13      -1.145764357541e-12       0.000000000000e+00       2.663835293544e-16       1.054414072216e-18       3.148228855765e-18 
 2440       1.357389785159e-11       4.752151900788e-13      -1.139895901516e-12       0.000000000000e+00       2.659489061412e-16       1.112003323813e-18       3.109219586255e-18 
 2441       1.357248369846e-11       4.708436781875e-13      -1.133876324842e-12       0.000000000000e+00       2.655151555706e-16       1.173643684795e-18       3.070607724322e-18 
 2442       1.357069687689e-11       4.665077563521e-13      -1.127708368713e-12       0.000000000000e+00       2.650822753574e-16       1.239472258529e-18       3.032374525825e-18 
 2443       1.356852727480e-11       4.622086519776e-13      -1.121394784176e-12       0.000000000000e+00       2.646502632000e-16       1.309626573446e-18       2.994501182548e-18 
 2444       1.356596474921e-11       4.579475962431e-13      -1.114938332136e-12       0.000000000000e+00       2.642191167804e-16       1.384244583465e-18       2.956968822133e-18 
 2445       1.356299912617e-11       4.537258241055e-13      -1.108341783370e-12       0.000000000000e+00       2.637888337637e-16       1.463464668421e-18       2.919758508019e-18 
 2446       1.355962020075e-11       4.495445743038e-13      -1.101607918538e-12       0.000000000000e+00       2.633594117986e-16       1.547425634488e-18       2.882851239366e-18 
 2447       1.355581773703e-11       4.454050893620e-13      -1.094739528189e-12       0.000000000000e+00       2.629308485173e-16       1.636266714612e-18       2.846227950997e-18 
 2448       1.355158146801e-11       4.413086155935e-13      -1.087739412776e-12       0.000000000000e+00       2.625031415350e-16       1.730127568935e-18       2.809869513328e-18 
 2449       1.354690109564e-11       4.372564031049e-13      -1.080610382663e-12       0.000000000000e+00       2.620762884507e-16       1.829148285219e-18       2.773756732301e-18 
 2450       1.354176629076e-11       4.332497057994e-13      -1.073355258138e-12       0.000000000000e+00       2.616502868465e-16       1.933469379277e-18       2.737870349319e-18 
 2451       1.353616839263e-11       4.292896347673e-13      -1.065976978786e-12       0.000000000000e+00       2.612251344635e-16       2.043173610571e-18       2.702188904805e-18 
 2452       1.353010551869e-11       4.253767174928e-13      -1.058478932301e-12       0.000000000000e+00       2.608008297306e-16       2.158111048328e-18       2.666682315077e-18 
 2453       1.352357748525e-11       4.215113360213e-13      -1.050864627660e-12       0.000000000000e+00       2.603773712389e-16       2.278072961231e-18       2.631318256968e-18 
 2454       1.351658411076e-11       4.176938733351e-13      -1.043137585950e-12       0.000000000000e+00       2.599547575659e-16       2.402849906607e-18       2.596064300607e-18 
 2455       1.350912521573e-11       4.139247133534e-13      -1.035301340379e-12       0.000000000000e+00       2.595329872762e-16       2.532231729700e-18       2.560887909310e-18 
 2456       1.350120062281e-11       4.102042409339e-13      -1.027359436288e-12       0.000000000000e+00       2.591120589209e-16       2.666007562928e-18       2.525756439472e-18 
 2457       1.349281015675e-11       4.065328418733e-13      -1.019315431166e-12       0.000000000000e+00       2.586919710375e-16       2.803965825154e-18       2.490637140455e-18 
 2458       1.348395364441e-11       4.029109029081e-13      -1.011172894662e-12       0.000000000000e+00       2.582727221504e-16       2.945894220949e-18       2.455497154482e-18 
 2459       1.347463091478e-11       3.993388117156e-13      -1.002935408595e-12       0.000000000000e+00       2.578543107707e-16       3.091579739854e-18       2.420303516523e-18 
 2460       1.346484179896e-11       3.958169569147e-13      -9.946065669690e-13       0.000000000000e+00       2.574367353957e-16       3.240808655652e-18       2.385023154193e-18 
 2461       1.345458613019e-11       3.923457280667e-13      -9.861899759861e-13       0.000000000000e+00       2.570199945096e-16       3.393366525626e-18       2.349622887636e-18 
 2462       1.344386374381e-11       3.889255156761e-13      -9.776892540569e-13       0.000000000000e+00       2.566040865831e-16       3.549038189828e-18       2.314069429418e-18 
 2463       1.343267447732e-11       3.855567111916e-13      -9.691080318143e-13       0.000000000000e+00       2.561890100733e-16       3.707607770342e-18       2.278329384421e-18 
 2464       1.342101817032e-11       3.822397070069e-13      -9.604499521256e-13       0.000000000000e+00       2.557747634240e-16       3.868858670552e-18       2.242369249730e-18 
 2465       1.340889466459e-11       3.789748964613e-13      -9.517186701058e-13       0.000000000000e+00       2.553613450653e-16       4.032573574403e-18       2.206155414525e-18 
 2466       1.339630380400e-11       3.757626738411e-13      -9.429178531291e-13       0.000000000000e+00       2.549487534140e-16       4.198534445669e-18       2.169654159971e-18 
 2467       1.338324543459e-11       3.726034343796e-13      -9.340511808423e-13       0.000000000000e+00       2.545369868733e-16       4.366522527218e-18       2.132831659110e-18 
 2468       1.336971940455e-11       3.694975742589e-13      -9.251223451770e-13       0.000000000000e+00       2.541260438328e-16       4.536318340275e-18       2.095653976753e-18 
 2469       1.335572556420e-11       3.664454906099e-13      -9.161350503621e-13       0.000000000000e+00       2.537159226685e-16       4.707701683688e-18       2.058087069368e-18 
 2470       1.334126376602e-11       3.634475815139e-13      -9.070930129365e-13       0.000000000000e+00       2.533066217430e-16       4.880451633193e-18       2.020096784971e-18 
 2471       1.332633386465e-11       3.605042460028e-13      -8.979999617615e-13       0.000000000000e+00       2.528981394051e-16       5.054346540682e-18       1.981648863021e-18 
 2472       1.331093571688e-11       3.576158840602e-13      -8.888596380337e-13       0.000000000000e+00       2.524904739900e-16       5.229164033463e-18       1.942708934305e-18 
 2473       1.329506918166e-11       3.547828966223e-13      -8.796757952971e-13       0.000000000000e+00       2.520836238195e-16       5.404681013526e-18       1.903242520832e-18 
 2474       1.327873412010e-11       3.520056855789e-13      -8.704521994558e-13       0.000000000000e+00       2.516775872014e-16       5.580673656813e-18       1.863215035725e-18 
 2475       1.326193039549e-11       3.492846537737e-13      -8.611926287867e-13       0.000000000000e+00       2.512723624302e-16       5.756917412477e-18       1.822591783109e-18 
 2476       1.324465787327e-11       3.466202050058e-13      -8.519008739521e-13       0.000000000000e+00       2.508679477864e-16       5.933187002150e-18       1.781337958002e-18 
 2477       1.322691642108e-11       3.440127440300e-13      -8.425807380118e-13       0.000000000000e+00       2.504643415369e-16       6.109256419208e-18       1.739418646208e-18 
 2478       1.320870590870e-11       3.414626765580e-13      -8.332360364363e-13       0.000000000000e+00       2.500615419350e-16       6.284898928034e-18       1.696798824207e-18 
 2479       1.319002620812e-11       3.389704092590e-13      -8.238705971188e-13       0.000000000000e+00       2.496595472202e-16       6.459887063287e-18       1.653443359045e-18 
 2480       1.317087719350e-11       3.365363497609e-13      -8.144882603881e-13       0.000000000000e+00       2.492583556181e-16       6.633992629162e-18       1.609317008225e-18 
 2481       1.315125874117e-11       3.341609066507e-13      -8.050928790208e-13       0.000000000000e+00       2.488579653407e-16       6.806986698661e-18       1.564384419599e-18 
 2482       1.313117072968e-11       3.318444894755e-13      -7.956883182544e-13       0.000000000000e+00       2.484583745862e-16       6.978639612850e-18       1.518610131256e-18 
 2483       1.311061303973e-11       3.295875087437e-13      -7.862784557993e-13       0.000000000000e+00       2.480595815388e-16       7.148720980134e-18       1.471958571417e-18 
 2484       1.308958555426e-11       3.273903759252e-13      -7.768671818516e-13       0.000000000000e+00       2.476615843692e-16       7.316999675512e-18       1.424394058322e-18 
 2485       1.306808815836e-11       3.252535034527e-13      -7.674583991058e-13       0.000000000000e+00       2.472643812340e-16       7.483243839850e-18       1.375880800123e-18 
 2486       1.304612073936e-11       3.231773047227e-13      -7.580560227670e-13       0.000000000000e+00       2.468679702761e-16       7.647220879142e-18       1.326382894774e-18 
 2487       1.302368318677e-11       3.211621940955e-13      -7.486639805638e-13       0.000000000000e+00       2.464723496243e-16       7.808697463776e-18       1.275864329922e-18 
 2488       1.300077539231e-11       3.192085868972e-13      -7.392862127605e-13       0.000000000000e+00       2.460775173938e-16       7.967439527798e-18       1.224288982798e-18 
 2489       1.297739724991e-11       3.173168994197e-13      -7.299266721701e-13       0.000000000000e+00       2.456834716857e-16       8.123212268178e-18       1.171620620107e-18 
 2490       1.295354865571e-11       3.154875489217e-13      -7.205893241664e-13       0.000000000000e+00       2.452902105873e-16       8.275780144077e-18       1.117822897921e-18 
 2491       1.292923065748e-11       3.137208154795e-13      -7.112778975957e-13       0.000000000000e+00       2.448977321915e-16       8.424964594932e-18       1.062877267911e-18 
 2492       1.290444891019e-11       3.120164266494e-13      -7.019951358865e-13       0.000000000000e+00       2.445060346564e-16       8.570817566935e-18       1.006836811299e-18 
 2493       1.287921024077e-11       3.103739703653e-13      -6.927435415625e-13       0.000000000000e+00       2.441151161462e-16       8.713449005110e-18       9.497727211321e-19 
 2494       1.285352150054e-11       3.087930328656e-13      -6.835256249519e-13       0.000000000000e+00       2.437249748113e-16       8.852969227499e-18       8.917564249188e-19 
 2495       1.282738956525e-11       3.072731986914e-13      -6.743439041952e-13       0.000000000000e+00       2.433356087887e-16       8.989488925538e-18       8.328595848597e-19 
 2496       1.280082133511e-11       3.058140506846e-13      -6.652009052527e-13       0.000000000000e+00       2.429470162016e-16       9.123119164444e-18       7.731540980872e-19 
 2497       1.277382373481e-11       3.044151699861e-13      -6.560991619124e-13       0.000000000000e+00       2.425591951597e-16       9.253971383593e-18       7.127120969018e-19 
 2498       1.274640371353e-11       3.030761360338e-13      -6.470412157977e-13       0.000000000000e+00       2.421721437588e-16       9.382157396900e-18       6.516059490093e-19 
 2499       1.271856824500e-11       3.017965265613e-13      -6.380296163752e-13       0.000000000000e+00       2.417858600811e-16       9.507789393200e-18       5.899082577576e-19 
 2500       1.269032432750e-11       3.005759175954e-13      -6.290669209623e-13       0.000000000000e+00       2.414003421952e-16       9.630979936632e-18       5.276918623740e-19 
 2501       1.266167898387e-11       2.994138834548e-13      -6.201556947349e-13       0.000000000000e+00       2.410155881557e-16       9.751841967014e-18       4.650298382014e-19 
 2502       1.263263926159e-11       2.983099967478e-13      -6.112985107356e-13       0.000000000000e+00       2.406315960038e-16       9.870488800229e-18       4.019954969362e-19 
 2503       1.260321223274e-11       2.972638283710e-13      -6.024979498808e-13       0.000000000000e+00       2.402483637666e-16       9.987034128604e-18       3.386623868647e-19 
 2504       1.257340499407e-11       2.962749475071e-13      -5.937566009688e-13       0.000000000000e+00       2.398658894575e-16       1.010159202129e-17       2.751042931000e-19 
 2505       1.254322466702e-11       2.953429216232e-13      -5.850770606874e-13       0.000000000000e+00       2.394841710764e-16       1.021427692465e-17       2.113952378195e-19 
 2506       1.251267839772e-11       2.944673164689e-13      -5.764619336218e-13       0.000000000000e+00       2.391032066089e-16       1.032520366261e-17       1.476094805013e-19 
 2507       1.248177335703e-11       2.936476960747e-13      -5.679138322621e-13       0.000000000000e+00       2.387229940271e-16       1.043448743710e-17       8.382151816161e-20 
 2508       1.245051674060e-11       2.928836227498e-13      -5.594353770115e-13       0.000000000000e+00       2.383435312892e-16       1.054224382837e-17       2.010608559129e-20 
 2509       1.241891576882e-11       2.921746570806e-13      -5.510291961933e-13       0.000000000000e+00       2.379648163395e-16       1.064858879540e-17      -4.346184440680e-20 
 2510       1.238697768691e-11       2.915203579288e-13      -5.426979260593e-13       0.000000000000e+00       2.375868471083e-16       1.075363867630e-17      -1.068070607810e-19 
 2511       1.235470976492e-11       2.909202824293e-13      -5.344442107972e-13       0.000000000000e+00       2.372096215123e-16       1.085751018865e-17      -1.698541139940e-19 
 2512       1.232211929776e-11       2.903739859887e-13      -5.262707025384e-13       0.000000000000e+00       2.368331374539e-16       1.096032042992e-17      -2.325273157856e-19 
 2513       1.228921360523e-11       2.898810222837e-13      -5.181800613659e-13       0.000000000000e+00       2.364573928218e-16       1.106218687780e-17      -2.947507389359e-19 
 2514       1.225600003201e-11       2.894409432584e-13      -5.101749553217e-13       0.000000000000e+00       2.360823854907e-16       1.116322739064e-17      -3.564482170284e-19 
 2515       1.222248594775e-11       2.890532991234e-13      -5.022580604150e-13       0.000000000000e+00       2.357081133214e-16       1.126356020781e-17      -4.175433442128e-19 
 2516       1.218867874704e-11       2.887176383534e-13      -4.944320606293e-13       0.000000000000e+00       2.353345741606e-16       1.136330395005e-17      -4.779594749683e-19 
 2517       1.215458584946e-11       2.884335076858e-13      -4.866996479310e-13       0.000000000000e+00       2.349617658411e-16       1.146257761988e-17      -5.376197238664e-19 
 2518       1.212021469959e-11       2.882004521184e-13      -4.790635222761e-13       0.000000000000e+00       2.345896861815e-16       1.156150060200e-17      -5.964469653343e-19 
 2519       1.208557276706e-11       2.880180149078e-13      -4.715263916189e-13       0.000000000000e+00       2.342183329867e-16       1.166019266362e-17      -6.543638334174e-19 
 2520       1.205066754655e-11       2.878857375679e-13      -4.640909719192e-13       0.000000000000e+00       2.338477040471e-16       1.175877395488e-17      -7.112927215426e-19 
 2521       1.201550655783e-11       2.878031598674e-13      -4.567599871502e-13       0.000000000000e+00       2.334777971395e-16       1.185736500922e-17      -7.671557822816e-19 
 2522       1.198009734579e-11       2.877698198285e-13      -4.495361693060e-13       0.000000000000e+00       2.331086100262e-16       1.195608674375e-17      -8.218749271133e-19 
 2523       1.194444748043e-11       2.877852537250e-13      -4.424222584097e-13       0.000000000000e+00       2.327401404557e-16       1.205506045964e-17      -8.753718261876e-19 
 2524       1.190856455693e-11       2.878489960802e-13      -4.354210025211e-13       0.000000000000e+00       2.323723861623e-16       1.215440784251e-17      -9.275679080877e-19 
 2525       1.187245619567e-11       2.879605796653e-13      -4.285351577440e-13       0.000000000000e+00       2.320053448660e-16       1.225425096281e-17      -9.783843595936e-19 
 2526       1.183613004221e-11       2.881195354976e-13      -4.217674882346e-13       0.000000000000e+00       2.316390142728e-16       1.235471227617e-17      -1.027742125445e-18 
 2527       1.179959376736e-11       2.883253928387e-13      -4.151207662085e-13       0.000000000000e+00       2.312733920745e-16       1.245591462382e-17      -1.075561908105e-18 
 2528       1.176285506722e-11       2.885776791922e-13      -4.085977719492e-13       0.000000000000e+00       2.309084759488e-16       1.255798123294e-17      -1.121764167520e-18 
 2529       1.172592166312e-11       2.888759203027e-13      -4.022012938151e-13       0.000000000000e+00       2.305442635591e-16       1.266103571707e-17      -1.166269120889e-18 
 2530       1.168880130177e-11       2.892196401532e-13      -3.959341282480e-13       0.000000000000e+00       2.301807525545e-16       1.276520207646e-17      -1.208996742419e-18 
 2531       1.165150187033e-11       2.896082999493e-13      -3.897986691268e-13       0.000000000000e+00       2.298179407731e-16       1.287057713867e-17      -1.249888336110e-18 
 2532       1.161403174275e-11       2.900411146875e-13      -3.837956732203e-13       0.000000000000e+00       2.294558268528e-16       1.297714770519e-17      -1.288971390932e-18 
 2533       1.157639943556e-11       2.905172355220e-13      -3.779254876077e-13       0.000000000000e+00       2.290944096238e-16       1.308487292622e-17      -1.326295100389e-18 
 2534       1.153861349287e-11       2.910358106797e-13      -3.721884596834e-13       0.000000000000e+00       2.287336879058e-16       1.319371181682e-17      -1.361908823743e-18 
 2535       1.150068248641e-11       2.915959854570e-13      -3.665849371570e-13       0.000000000000e+00       2.283736605082e-16       1.330362325677e-17      -1.395862086179e-18 
 2536       1.146261501558e-11       2.921969022174e-13      -3.611152680536e-13       0.000000000000e+00       2.280143262299e-16       1.341456599045e-17      -1.428204578978e-18 
 2537       1.142441970747e-11       2.928377003877e-13      -3.557798007136e-13       0.000000000000e+00       2.276556838592e-16       1.352649862668e-17      -1.458986159676e-18 
 2538       1.138610521687e-11       2.935175164560e-13      -3.505788837927e-13       0.000000000000e+00       2.272977321741e-16       1.363937963860e-17      -1.488256852239e-18 
 2539       1.134768022631e-11       2.942354839680e-13      -3.455128662620e-13       0.000000000000e+00       2.269404699420e-16       1.375316736353e-17      -1.516066847222e-18 
 2540       1.130915344608e-11       2.949907335243e-13      -3.405820974084e-13       0.000000000000e+00       2.265838959200e-16       1.386782000286e-17      -1.542466501945e-18 
 2541       1.127053361428e-11       2.957823927774e-13      -3.357869268339e-13       0.000000000000e+00       2.262280088542e-16       1.398329562187e-17      -1.567506340650e-18 
 2542       1.123182949681e-11       2.966095864287e-13      -3.311277044566e-13       0.000000000000e+00       2.258728074808e-16       1.409955214961e-17      -1.591237054678e-18 
 2543       1.119304988744e-11       2.974714362256e-13      -3.266047805099e-13       0.000000000000e+00       2.255182905248e-16       1.421654737880e-17      -1.613709502626e-18 
 2544       1.115420360779e-11       2.983670609587e-13      -3.222185055429e-13       0.000000000000e+00       2.251644567012e-16       1.433423896564e-17      -1.634974710524e-18 
 2545       1.111529950740e-11       2.992955764582e-13      -3.179692304205e-13       0.000000000000e+00       2.248113047142e-16       1.445258442972e-17      -1.655083871994e-18 
 2546       1.107634646374e-11       3.002560955918e-13      -3.138573063236e-13       0.000000000000e+00       2.244588332572e-16       1.457154115385e-17      -1.674088348420e-18 
 2547       1.103735338224e-11       3.012477282611e-13      -3.098830847485e-13       0.000000000000e+00       2.241070410134e-16       1.469106638396e-17      -1.692039669117e-18 
 2548       1.099832919629e-11       3.022695813987e-13      -3.060469175077e-13       0.000000000000e+00       2.237559266550e-16       1.481111722892e-17      -1.708989531494e-18 
 2549       1.095928286733e-11       3.033207589655e-13      -3.023491567296e-13       0.000000000000e+00       2.234054888440e-16       1.493165066046e-17      -1.724989801225e-18 
 2550       1.092022338480e-11       3.044003619476e-13      -2.987901548584e-13       0.000000000000e+00       2.230557262314e-16       1.505262351299e-17      -1.740092512413e-18 
 2551       1.088115976625e-11       3.055074883534e-13      -2.953702646546e-13       0.000000000000e+00       2.227066374576e-16       1.517399248346e-17      -1.754349867756e-18 
 2552       1.084210105730e-11       3.066412332102e-13      -2.920898391946e-13       0.000000000000e+00       2.223582211526e-16       1.529571413129e-17      -1.767814238721e-18 
 2553       1.080305633168e-11       3.078006885620e-13      -2.889492318708e-13       0.000000000000e+00       2.220104759354e-16       1.541774487814e-17      -1.780538165700e-18 
 2554       1.076403469130e-11       3.089849434658e-13      -2.859487963920e-13       0.000000000000e+00       2.216634004144e-16       1.554004100787e-17      -1.792574358188e-18 
 2555       1.072504526622e-11       3.101930839891e-13      -2.830888867831e-13       0.000000000000e+00       2.213169931875e-16       1.566255866632e-17      -1.803975694942e-18 
 2556       1.068609721473e-11       3.114241932067e-13      -2.803698573854e-13       0.000000000000e+00       2.209712528416e-16       1.578525386124e-17      -1.814795224151e-18 
 2557       1.064719972333e-11       3.126773511979e-13      -2.777920628562e-13       0.000000000000e+00       2.206261779531e-16       1.590808246211e-17      -1.825086163606e-18 
 2558       1.060836200678e-11       3.139516350434e-13      -2.753558581696e-13       0.000000000000e+00       2.202817670874e-16       1.603100020004e-17      -1.834901900860e-18 
 2559       1.056959330814e-11       3.152461188222e-13      -2.730615986156e-13       0.000000000000e+00       2.199380187994e-16       1.615396266760e-17      -1.844295993400e-18 
 2560       1.053090289878e-11       3.165598736091e-13      -2.709096398012e-13       0.000000000000e+00       2.195949316332e-16       1.627692531872e-17      -1.853322168816e-18 
 2561       1.049230007840e-11       3.178919674711e-13      -2.689003376495e-13       0.000000000000e+00       2.192525041218e-16       1.639984346852e-17      -1.862034324960e-18 
 2562       1.045379417509e-11       3.192414654650e-13      -2.670340484003e-13       0.000000000000e+00       2.189107347879e-16       1.652267229322e-17      -1.870486530122e-18 
 2563       1.041539454532e-11       3.206074296340e-13      -2.653111286100e-13       0.000000000000e+00       2.185696221430e-16       1.664536682993e-17      -1.878733023190e-18 
 2564       1.037711057399e-11       3.219889190053e-13      -2.637319351515e-13       0.000000000000e+00       2.182291646879e-16       1.676788197662e-17      -1.886828213821e-18 
 2565       1.033895167444e-11       3.233849895862e-13      -2.622968252148e-13       0.000000000000e+00       2.178893609127e-16       1.689017249187e-17      -1.894826682609e-18 
 2566       1.030092728850e-11       3.247946943621e-13      -2.610061563061e-13       0.000000000000e+00       2.175502092965e-16       1.701219299484e-17      -1.902783181245e-18 
 2567       1.026304688651e-11       3.262170832929e-13      -2.598602862488e-13       0.000000000000e+00       2.172117083076e-16       1.713389796504e-17      -1.910752632693e-18 
 2568       1.022531996733e-11       3.276512033104e-13      -2.588595731830e-13       0.000000000000e+00       2.168738564033e-16       1.725524174228e-17      -1.918790131352e-18 
 2569       1.018775605839e-11       3.290960983151e-13      -2.580043755657e-13       0.000000000000e+00       2.165366520302e-16       1.737617852648e-17      -1.926950943222e-18 
 2570       1.015036471571e-11       3.305508091733e-13      -2.572950521707e-13       0.000000000000e+00       2.162000936239e-16       1.749666237753e-17      -1.935290506075e-18 
 2571       1.011315476452e-11       3.320144064611e-13      -2.567316397833e-13       0.000000000000e+00       2.158641796854e-16       1.761665316477e-17      -1.943855894057e-18 
 2572       1.007613201642e-11       3.334860889069e-13      -2.563128842766e-13       0.000000000000e+00       2.155289090103e-16       1.773613445251e-17      -1.952660158052e-18 
 2573       1.003930153928e-11       3.349650855033e-13      -2.560372040166e-13       0.000000000000e+00       2.151942804608e-16       1.785509571607e-17      -1.961707839510e-18 
 2574       1.000266841546e-11       3.364506228094e-13      -2.559030116609e-13       0.000000000000e+00       2.148602928898e-16       1.797352640145e-17      -1.971003492740e-18 
 2575       9.966237741854e-12       3.379419249479e-13      -2.559087141527e-13       0.000000000000e+00       2.145269451404e-16       1.809141592530e-17      -1.980551684931e-18 
 2576       9.930014629865e-12       3.394382136029e-13      -2.560527127152e-13       0.000000000000e+00       2.141942360463e-16       1.820875367490e-17      -1.990356996156e-18 
 2577       9.894004205451e-12       3.409387080176e-13      -2.563334028459e-13       0.000000000000e+00       2.138621644315e-16       1.832552900811e-17      -2.000424019393e-18 
 2578       9.858211609120e-12       3.424426249919e-13      -2.567491743105e-13       0.000000000000e+00       2.135307291106e-16       1.844173125338e-17      -2.010757360528e-18 
 2579       9.822641995950e-12       3.439491788797e-13      -2.572984111374e-13       0.000000000000e+00       2.131999288886e-16       1.855734970967e-17      -2.021361638373e-18 
 2580       9.787300535603e-12       3.454575815871e-13      -2.579794916116e-13       0.000000000000e+00       2.128697625606e-16       1.867237364649e-17      -2.032241484677e-18 
 2581       9.752192412335e-12       3.469670425695e-13      -2.587907882691e-13       0.000000000000e+00       2.125402289126e-16       1.878679230381e-17      -2.043401544137e-18 
 2582       9.717322825015e-12       3.484767688296e-13      -2.597306678911e-13       0.000000000000e+00       2.122113267206e-16       1.890059489206e-17      -2.054846474411e-18 
 2583       9.682696987132e-12       3.499859649148e-13      -2.607974914981e-13       0.000000000000e+00       2.118830547510e-16       1.901377059212e-17      -2.066580946129e-18 
 2584       9.648320126815e-12       3.514938329150e-13      -2.619896143442e-13       0.000000000000e+00       2.115554117608e-16       1.912630855525e-17      -2.078609642905e-18 
 2585       9.614197486843e-12       3.529995724599e-13      -2.633053859112e-13       0.000000000000e+00       2.112283964972e-16       1.923819790312e-17      -2.090937261353e-18 
 2586       9.580334324659e-12       3.545023807170e-13      -2.647431499029e-13       0.000000000000e+00       2.109020076975e-16       1.934942772770e-17      -2.103568511093e-18 
 2587       9.546735912386e-12       3.560014523891e-13      -2.663012442392e-13       0.000000000000e+00       2.105762440898e-16       1.945998709134e-17      -2.116508114767e-18 
 2588       9.513407536836e-12       3.574959797119e-13      -2.679780010503e-13       0.000000000000e+00       2.102511043921e-16       1.956986502664e-17      -2.129760808050e-18 
 2589       9.480354499529e-12       3.589851524515e-13      -2.697717466711e-13       0.000000000000e+00       2.099265873130e-16       1.967905053650e-17      -2.143331339664e-18 
 2590       9.447582116703e-12       3.604681579023e-13      -2.716808016352e-13       0.000000000000e+00       2.096026915511e-16       1.978753259403e-17      -2.157224471385e-18 
 2591       9.415095719328e-12       3.619441808844e-13      -2.737034806689e-13       0.000000000000e+00       2.092794157955e-16       1.989530014257e-17      -2.171444978063e-18 
 2592       9.382900653121e-12       3.634124037412e-13      -2.758380926860e-13       0.000000000000e+00       2.089567587254e-16       2.000234209566e-17      -2.185997647624e-18 
 2593       9.351002278560e-12       3.648720063374e-13      -2.780829407814e-13       0.000000000000e+00       2.086347190105e-16       2.010864733698e-17      -2.200887281093e-18 
 2594       9.319405970896e-12       3.663221660560e-13      -2.804363222257e-13       0.000000000000e+00       2.083132953105e-16       2.021420472034e-17      -2.216118692597e-18 
 2595       9.288117120166e-12       3.677620577967e-13      -2.828965284591e-13       0.000000000000e+00       2.079924862754e-16       2.031900306967e-17      -2.231696709383e-18 
 2596       9.257141131208e-12       3.691908539727e-13      -2.854618450857e-13       0.000000000000e+00       2.076722905454e-16       2.042303117895e-17      -2.247626171827e-18 
 2597       9.226483423678e-12       3.706077245089e-13      -2.881305518679e-13       0.000000000000e+00       2.073527067510e-16       2.052627781224e-17      -2.263911933447e-18 
 2598       9.196149432055e-12       3.720118368394e-13      -2.909009227205e-13       0.000000000000e+00       2.070337335129e-16       2.062873170361e-17      -2.280558860916e-18 
 2599       9.166144605663e-12       3.734023559050e-13      -2.937712257045e-13       0.000000000000e+00       2.067153694417e-16       2.073038155712e-17      -2.297571834071e-18 
 2600       9.136474408682e-12       3.747784441509e-13      -2.967397230219e-13       0.000000000000e+00       2.063976131386e-16       2.083121604681e-17      -2.314955745930e-18 
 2601       9.107144320158e-12       3.761392615244e-13      -2.998046710095e-13       0.000000000000e+00       2.060804631947e-16       2.093122381664e-17      -2.332715502700e-18 
 2602       9.078159834023e-12       3.774839654725e-13      -3.029643201334e-13       0.000000000000e+00       2.057639181912e-16       2.103039348051e-17      -2.350856023790e-18 
 2603       9.049526459104e-12       3.788117109392e-13      -3.062169149829e-13       0.000000000000e+00       2.054479766996e-16       2.112871362218e-17      -2.369382241826e-18 
 2604       9.021249719136e-12       3.801216503637e-13      -3.095606942648e-13       0.000000000000e+00       2.051326372815e-16       2.122617279530e-17      -2.388299102658e-18 
 2605       8.993335152781e-12       3.814129336776e-13      -3.129938907978e-13       0.000000000000e+00       2.048178984885e-16       2.132275952331e-17      -2.407611565375e-18 
 2606       8.965788313637e-12       3.826847083027e-13      -3.165147315062e-13       0.000000000000e+00       2.045037588624e-16       2.141846229949e-17      -2.427324602319e-18 
 2607       8.938614770252e-12       3.839361191486e-13      -3.201214374148e-13       0.000000000000e+00       2.041902169351e-16       2.151326958688e-17      -2.447443199093e-18 
 2608       8.911820106139e-12       3.851663086103e-13      -3.238122236425e-13       0.000000000000e+00       2.038772712284e-16       2.160716981828e-17      -2.467972354576e-18 
 2609       8.885409919790e-12       3.863744165657e-13      -3.275852993968e-13       0.000000000000e+00       2.035649202545e-16       2.170015139620e-17      -2.488917080933e-18 
 2610       8.859389824688e-12       3.875595803735e-13      -3.314388679679e-13       0.000000000000e+00       2.032531625154e-16       2.179220269285e-17      -2.510282403630e-18 
 2611       8.833764397159e-12       3.887210265309e-13      -3.353710385602e-13       0.000000000000e+00       2.029419965246e-16       2.188331164571e-17      -2.532065548079e-18 
 2612       8.808534013457e-12       3.898583462142e-13      -3.393795612578e-13       0.000000000000e+00       2.026314208717e-16       2.197346454187e-17      -2.554232451680e-18 
 2613       8.783697994967e-12       3.909712212787e-13      -3.434620905612e-13       0.000000000000e+00       2.023214341581e-16       2.206264722680e-17      -2.576741120077e-18 
 2614       8.759255658750e-12       3.920593327382e-13      -3.476162734072e-13       0.000000000000e+00       2.020120349755e-16       2.215084550812e-17      -2.599549428425e-18 
 2615       8.735206317542e-12       3.931223607643e-13      -3.518397491621e-13       0.000000000000e+00       2.017032219061e-16       2.223804515556e-17      -2.622615121273e-18 
 2616       8.711549279747e-12       3.941599846856e-13      -3.561301496138e-13       0.000000000000e+00       2.013949935226e-16       2.232423190091e-17      -2.645895812435e-18 
 2617       8.688283849431e-12       3.951718829868e-13      -3.604850989651e-13       0.000000000000e+00       2.010873483878e-16       2.240939143802e-17      -2.669348984865e-18 
 2618       8.665409326318e-12       3.961577333079e-13      -3.649022138256e-13       0.000000000000e+00       2.007802850550e-16       2.249350942272e-17      -2.692931990531e-18 
 2619       8.642925005788e-12       3.971172124439e-13      -3.693791032049e-13       0.000000000000e+00       2.004738020678e-16       2.257657147284e-17      -2.716602050290e-18 
 2620       8.620830178866e-12       3.980499963435e-13      -3.739133685051e-13       0.000000000000e+00       2.001678979602e-16       2.265856316811e-17      -2.740316253763e-18 
 2621       8.599124132222e-12       3.989557601084e-13      -3.785026035133e-13       0.000000000000e+00       1.998625712566e-16       2.273947005018e-17      -2.764031559211e-18 
 2622       8.577806148166e-12       3.998341779930e-13      -3.831443943945e-13       0.000000000000e+00       1.995578204715e-16       2.281927762258e-17      -2.787704793406e-18 
 2623       8.556875504640e-12       4.006849234032e-13      -3.878363196840e-13       0.000000000000e+00       1.992536441098e-16       2.289797135064e-17      -2.811292651508e-18 
 2624       8.536331475215e-12       4.015076688956e-13      -3.925759502802e-13       0.000000000000e+00       1.989500406667e-16       2.297553666151e-17      -2.834751696940e-18 
 2625       8.516173329088e-12       4.023020861771e-13      -3.973608494373e-13       0.000000000000e+00       1.986470086278e-16       2.305195894410e-17      -2.858038361262e-18 
 2626       8.496400331074e-12       4.030678461039e-13      -4.021885727577e-13       0.000000000000e+00       1.983445464687e-16       2.312722354905e-17      -2.881108944045e-18 
 2627       8.477011741601e-12       4.038046186807e-13      -4.070566681848e-13       0.000000000000e+00       1.980426526555e-16       2.320131578868e-17      -2.903919612745e-18 
 2628       8.458006816709e-12       4.045120730601e-13      -4.119626759958e-13       0.000000000000e+00       1.977413256444e-16       2.327422093700e-17      -2.926426402581e-18 
 2629       8.439384808041e-12       4.051898775417e-13      -4.169041287942e-13       0.000000000000e+00       1.974405638819e-16       2.334592422961e-17      -2.948585216406e-18 
 2630       8.421144962839e-12       4.058376995713e-13      -4.218785515022e-13       0.000000000000e+00       1.971403658047e-16       2.341641086373e-17      -2.970351824584e-18 
 2631       8.403286523943e-12       4.064552057404e-13      -4.268834613539e-13       0.000000000000e+00       1.968407298398e-16       2.348566599812e-17      -2.991681864861e-18 
 2632       8.385808729779e-12       4.070420617852e-13      -4.319163678874e-13       0.000000000000e+00       1.965416544042e-16       2.355367475307e-17      -3.012530842246e-18 
 2633       8.368710814360e-12       4.075979325859e-13      -4.369747729379e-13       0.000000000000e+00       1.962431379053e-16       2.362042221036e-17      -3.032854128878e-18 
 2634       8.351992007280e-12       4.081224821658e-13      -4.420561706300e-13       0.000000000000e+00       1.959451787405e-16       2.368589341321e-17      -3.052606963907e-18 
 2635       8.335651533708e-12       4.086153736909e-13      -4.471580473705e-13       0.000000000000e+00       1.956477752976e-16       2.375007336628e-17      -3.071744453365e-18 
 2636       8.319688614381e-12       4.090762694689e-13      -4.522778818410e-13       0.000000000000e+00       1.953509259542e-16       2.381294703560e-17      -3.090221570042e-18 
 2637       8.304102465604e-12       4.095048309483e-13      -4.574131449907e-13       0.000000000000e+00       1.950546290785e-16       2.387449934856e-17      -3.107993153360e-18 
 2638       8.288892299243e-12       4.099007187179e-13      -4.625613000289e-13       0.000000000000e+00       1.947588830284e-16       2.393471519385e-17      -3.125013909248e-18 
 2639       8.274057322718e-12       4.102635925058e-13      -4.677198024175e-13       0.000000000000e+00       1.944636861522e-16       2.399357942147e-17      -3.141238410016e-18 
 2640       8.259596739001e-12       4.105931111791e-13      -4.728860998641e-13       0.000000000000e+00       1.941690367882e-16       2.405107684264e-17      -3.156621094231e-18 
 2641       8.245509746610e-12       4.108889327424e-13      -4.780576323141e-13       0.000000000000e+00       1.938749332649e-16       2.410719222980e-17      -3.171116266590e-18 
 2642       8.231795539604e-12       4.111507143378e-13      -4.832318319439e-13       0.000000000000e+00       1.935813739006e-16       2.416191031657e-17      -3.184678097796e-18 
 2643       8.218453307579e-12       4.113781122434e-13      -4.884061231530e-13       0.000000000000e+00       1.932883570041e-16       2.421521579773e-17      -3.197260624431e-18 
 2644       8.205482235661e-12       4.115707818733e-13      -4.935779225571e-13       0.000000000000e+00       1.929958808739e-16       2.426709332915e-17      -3.208817748832e-18 
 2645       8.192881504504e-12       4.117283777763e-13      -4.987446389804e-13       0.000000000000e+00       1.927039437988e-16       2.431752752778e-17      -3.219303238965e-18 
 2646       8.180650290282e-12       4.118505536353e-13      -5.039036734485e-13       0.000000000000e+00       1.924125440574e-16       2.436650297162e-17      -3.228670728301e-18 
 2647       8.168787764688e-12       4.119369622665e-13      -5.090524191811e-13       0.000000000000e+00       1.921216799187e-16       2.441400419965e-17      -3.236873715687e-18 
 2648       8.157293094925e-12       4.119872556188e-13      -5.141882615842e-13       0.000000000000e+00       1.918313496414e-16       2.446001571186e-17      -3.243865565225e-18 
 2649       8.146165443704e-12       4.120010847727e-13      -5.193085782433e-13       0.000000000000e+00       1.915415514742e-16       2.450452196915e-17      -3.249599506144e-18 
 2650       8.135403969237e-12       4.119780999400e-13      -5.244107389158e-13       0.000000000000e+00       1.912522836561e-16       2.454750739333e-17      -3.254028632675e-18 
 2651       8.125007109549e-12       4.119180441178e-13      -5.294922607215e-13       0.000000000000e+00       1.909635446112e-16       2.458895983222e-17      -3.257119348509e-18 
 2652       8.114970431084e-12       4.118210346188e-13      -5.345512746666e-13       0.000000000000e+00       1.906753335371e-16       2.462888097591e-17      -3.258891781560e-18 
 2653       8.105288768206e-12       4.116872830951e-13      -5.395860616823e-13       0.000000000000e+00       1.903876498199e-16       2.466727599795e-17      -3.259379592199e-18 
 2654       8.095956937783e-12       4.115170020243e-13      -5.445948976561e-13       0.000000000000e+00       1.901004928393e-16       2.470415009549e-17      -3.258616549054e-18 
 2655       8.086969739176e-12       4.113104047112e-13      -5.495760534271e-13       0.000000000000e+00       1.898138619683e-16       2.473950848928e-17      -3.256636529110e-18 
 2656       8.078321954217e-12       4.110677052882e-13      -5.545277947810e-13       0.000000000000e+00       1.895277565737e-16       2.477335642374e-17      -3.253473517816e-18 
 2657       8.070008347192e-12       4.107891187162e-13      -5.594483824461e-13       0.000000000000e+00       1.892421760155e-16       2.480569916692e-17      -3.249161609187e-18 
 2658       8.062023664830e-12       4.104748607855e-13      -5.643360720879e-13       0.000000000000e+00       1.889571196474e-16       2.483654201058e-17      -3.243735005910e-18 
 2659       8.054362636279e-12       4.101251481163e-13      -5.691891143046e-13       0.000000000000e+00       1.886725868163e-16       2.486589027018e-17      -3.237228019445e-18 
 2660       8.047019973090e-12       4.097401981602e-13      -5.740057546226e-13       0.000000000000e+00       1.883885768627e-16       2.489374928492e-17      -3.229675070132e-18 
 2661       8.039990369205e-12       4.093202292005e-13      -5.787842334915e-13       0.000000000000e+00       1.881050891205e-16       2.492012441778e-17      -3.221110687297e-18 
 2662       8.033268500934e-12       4.088654603530e-13      -5.835227862798e-13       0.000000000000e+00       1.878221229171e-16       2.494502105551e-17      -3.211569509350e-18 
 2663       8.026849026940e-12       4.083761115675e-13      -5.882196432697e-13       0.000000000000e+00       1.875396775732e-16       2.496844460868e-17      -3.201086283893e-18 
 2664       8.020726588224e-12       4.078524036276e-13      -5.928730296528e-13       0.000000000000e+00       1.872577524031e-16       2.499040051168e-17      -3.189695867825e-18 
 2665       8.014895808103e-12       4.072945581526e-13      -5.974811655251e-13       0.000000000000e+00       1.869763467144e-16       2.501089422280e-17      -3.177433227442e-18 
 2666       8.009351292199e-12       4.067027975974e-13      -6.020422658825e-13       0.000000000000e+00       1.866954598080e-16       2.502993122416e-17      -3.164333438548e-18 
 2667       8.004087628418e-12       4.060773452542e-13      -6.065545406161e-13       0.000000000000e+00       1.864150909783e-16       2.504751702185e-17      -3.150431686551e-18 
 2668       7.999099386932e-12       4.054184252526e-13      -6.110161945073e-13       0.000000000000e+00       1.861352395132e-16       2.506365714586e-17      -3.135763266572e-18 
 2669       7.994381120166e-12       4.047262625610e-13      -6.154254272234e-13       0.000000000000e+00       1.858559046938e-16       2.507835715016e-17      -3.120363583548e-18 
 2670       7.989927362777e-12       4.040010829868e-13      -6.197804333124e-13       0.000000000000e+00       1.855770857947e-16       2.509162261268e-17      -3.104268152337e-18 
 2671       7.985732631639e-12       4.032431131780e-13      -6.240794021991e-13       0.000000000000e+00       1.852987820836e-16       2.510345913538e-17      -3.087512597821e-18 
 2672       7.981791425826e-12       4.024525806236e-13      -6.283205181794e-13       0.000000000000e+00       1.850209928220e-16       2.511387234426e-17      -3.070132655009e-18 
 2673       7.978098226593e-12       4.016297136544e-13      -6.325019604165e-13       0.000000000000e+00       1.847437172643e-16       2.512286788937e-17      -3.052164169143e-18 
 2674       7.974647497361e-12       4.007747414438e-13      -6.366219029357e-13       0.000000000000e+00       1.844669546585e-16       2.513045144484e-17      -3.033643095803e-18 
 2675       7.971433683699e-12       3.998878940091e-13      -6.406785146196e-13       0.000000000000e+00       1.841907042459e-16       2.513662870891e-17      -3.014605501006e-18 
 2676       7.968451213306e-12       3.989694022118e-13      -6.446699592039e-13       0.000000000000e+00       1.839149652611e-16       2.514140540397e-17      -2.995087561319e-18 
 2677       7.965694495997e-12       3.980194977587e-13      -6.485943952722e-13       0.000000000000e+00       1.836397369319e-16       2.514478727656e-17      -2.975125563952e-18 
 2678       7.963157923683e-12       3.970384132026e-13      -6.524499762517e-13       0.000000000000e+00       1.833650184796e-16       2.514678009740e-17      -2.954755906872e-18 
 2679       7.960835870354e-12       3.960263819433e-13      -6.562348504080e-13       0.000000000000e+00       1.830908091187e-16       2.514738966141e-17      -2.934015098902e-18 
 2680       7.958722692062e-12       3.949836382283e-13      -6.599471608409e-13       0.000000000000e+00       1.828171080569e-16       2.514662178776e-17      -2.912939759824e-18 
 2681       7.956812726906e-12       3.939104171538e-13      -6.635850454795e-13       0.000000000000e+00       1.825439144954e-16       2.514448231986e-17      -2.891566620488e-18 
 2682       7.955100295014e-12       3.928069546653e-13      -6.671466370773e-13       0.000000000000e+00       1.822712276285e-16       2.514097712543e-17      -2.869932522912e-18 
 2683       7.953579698523e-12       3.916734875587e-13      -6.706300632078e-13       0.000000000000e+00       1.819990466439e-16       2.513611209648e-17      -2.848074420386e-18 
 2684       7.952245221566e-12       3.905102534807e-13      -6.740334462598e-13       0.000000000000e+00       1.817273707223e-16       2.512989314934e-17      -2.826029377580e-18 
 2685       7.951091130254e-12       3.893174909304e-13      -6.773549034323e-13       0.000000000000e+00       1.814561990380e-16       2.512232622471e-17      -2.803834570644e-18 
 2686       7.950111672655e-12       3.880954392592e-13      -6.805925467303e-13       0.000000000000e+00       1.811855307583e-16       2.511341728768e-17      -2.781527287314e-18 
 2687       7.949301078782e-12       3.868443386726e-13      -6.837444829597e-13       0.000000000000e+00       1.809153650439e-16       2.510317232772e-17      -2.759144927015e-18 
 2688       7.948653560575e-12       3.855644302300e-13      -6.868088137229e-13       0.000000000000e+00       1.806457010485e-16       2.509159735877e-17      -2.736725000967e-18 
 2689       7.948163311881e-12       3.842559558465e-13      -6.897836354138e-13       0.000000000000e+00       1.803765379192e-16       2.507869841920e-17      -2.714305132287e-18 
 2690       7.947824508438e-12       3.829191582933e-13      -6.926670392135e-13       0.000000000000e+00       1.801078747963e-16       2.506448157185e-17      -2.691923056094e-18 
 2691       7.947631254035e-12       3.815543280242e-13      -6.954573782823e-13       0.000000000000e+00       1.798397107644e-16       2.504895242053e-17      -2.669611096578e-18 
 2692       7.947577418687e-12       3.801619439331e-13      -6.981540709360e-13       0.000000000000e+00       1.795720447052e-16       2.503211465650e-17      -2.647379565157e-18 
 2693       7.947656799544e-12       3.787425333644e-13      -7.007568018311e-13       0.000000000000e+00       1.793048754440e-16       2.501397150407e-17      -2.625233272178e-18 
 2694       7.947863174619e-12       3.772966253582e-13      -7.032652551649e-13       0.000000000000e+00       1.790382017984e-16       2.499452620353e-17      -2.603177041767e-18 
 2695       7.948190302766e-12       3.758247506521e-13      -7.056791146743e-13       0.000000000000e+00       1.787720225782e-16       2.497378201113e-17      -2.581215711832e-18 
 2696       7.948631923669e-12       3.743274416828e-13      -7.079980636366e-13       0.000000000000e+00       1.785063365855e-16       2.495174219906e-17      -2.559354134086e-18 
 2697       7.949181757815e-12       3.728052325875e-13      -7.102217848681e-13       0.000000000000e+00       1.782411426149e-16       2.492841005554e-17      -2.537597174050e-18 
 2698       7.949833506486e-12       3.712586592057e-13      -7.123499607250e-13       0.000000000000e+00       1.779764394530e-16       2.490378888478e-17      -2.515949711072e-18 
 2699       7.950580851733e-12       3.696882590807e-13      -7.143822731019e-13       0.000000000000e+00       1.777122258788e-16       2.487788200704e-17      -2.494416638339e-18 
 2700       7.951417456361e-12       3.680945714613e-13      -7.163184034326e-13       0.000000000000e+00       1.774485006634e-16       2.485069275859e-17      -2.473002862885e-18 
 2701       7.952336963913e-12       3.664781373036e-13      -7.181580326891e-13       0.000000000000e+00       1.771852625705e-16       2.482222449179e-17      -2.451713305610e-18 
 2702       7.953332998649e-12       3.648394992720e-13      -7.199008413817e-13       0.000000000000e+00       1.769225103555e-16       2.479248057505e-17      -2.430552901286e-18 
 2703       7.954399165528e-12       3.631792017416e-13      -7.215465095587e-13       0.000000000000e+00       1.766602427666e-16       2.476146439290e-17      -2.409526598577e-18 
 2704       7.955529050194e-12       3.614977907991e-13      -7.230947168057e-13       0.000000000000e+00       1.763984585437e-16       2.472917934596e-17      -2.388639360044e-18 
 2705       7.956716218951e-12       3.597958142450e-13      -7.245451422460e-13       0.000000000000e+00       1.761371564194e-16       2.469562885100e-17      -2.367896162164e-18 
 2706       7.957954218753e-12       3.580738215948e-13      -7.258974645397e-13       0.000000000000e+00       1.758763351181e-16       2.466081634090e-17      -2.347301995338e-18 
 2707       7.959236577180e-12       3.563323640807e-13      -7.271513618839e-13       0.000000000000e+00       1.756159933565e-16       2.462474526474e-17      -2.326861863907e-18 
 2708       7.960556802424e-12       3.545719946534e-13      -7.283065120122e-13       0.000000000000e+00       1.753561298437e-16       2.458741908774e-17      -2.306580786161e-18 
 2709       7.961908383266e-12       3.527932679836e-13      -7.293625921943e-13       0.000000000000e+00       1.750967432807e-16       2.454884129134e-17      -2.286463794356e-18 
 2710       7.963284789065e-12       3.509967404635e-13      -7.303192792360e-13       0.000000000000e+00       1.748378323608e-16       2.450901537318e-17      -2.266515934722e-18 
 2711       7.964679469733e-12       3.491829702086e-13      -7.311762494786e-13       0.000000000000e+00       1.745793957694e-16       2.446794484714e-17      -2.246742267481e-18 
 2712       7.966085855722e-12       3.473525170591e-13      -7.319331787991e-13       0.000000000000e+00       1.743214321841e-16       2.442563324331e-17      -2.227147866852e-18 
 2713       7.967497358004e-12       3.455059425818e-13      -7.325897426094e-13       0.000000000000e+00       1.740639402746e-16       2.438208410809e-17      -2.207737821072e-18 
 2714       7.968907368053e-12       3.436438100714e-13      -7.331456158564e-13       0.000000000000e+00       1.738069187027e-16       2.433730100412e-17      -2.188517232403e-18 
 2715       7.970309257828e-12       3.417666845523e-13      -7.336004730215e-13       0.000000000000e+00       1.735503661225e-16       2.429128751036e-17      -2.169491217147e-18 
 2716       7.971696379754e-12       3.398751327802e-13      -7.339539881203e-13       0.000000000000e+00       1.732942811800e-16       2.424404722205e-17      -2.150664905657e-18 
 2717       7.973062066702e-12       3.379697232437e-13      -7.342058347027e-13       0.000000000000e+00       1.730386625134e-16       2.419558375079e-17      -2.132043442351e-18 
 2718       7.974399631978e-12       3.360510261659e-13      -7.343556858520e-13       0.000000000000e+00       1.727835087530e-16       2.414590072451e-17      -2.113631985724e-18 
 2719       7.975702369295e-12       3.341196135058e-13      -7.344032141854e-13       0.000000000000e+00       1.725288185211e-16       2.409500178749e-17      -2.095435708361e-18 
 2720       7.976963552765e-12       3.321760589605e-13      -7.343480918528e-13       0.000000000000e+00       1.722745904323e-16       2.404289060042e-17      -2.077459796948e-18 
 2721       7.978176436874e-12       3.302209379662e-13      -7.341899905374e-13       0.000000000000e+00       1.720208230930e-16       2.398957084036e-17      -2.059709452289e-18 
 2722       7.979334256467e-12       3.282548277000e-13      -7.339285814549e-13       0.000000000000e+00       1.717675151018e-16       2.393504620078e-17      -2.042189889311e-18 
 2723       7.980430226728e-12       3.262783070817e-13      -7.335635353533e-13       0.000000000000e+00       1.715146650493e-16       2.387932039160e-17      -2.024906337086e-18 
 2724       7.981457543166e-12       3.242919567751e-13      -7.330945225128e-13       0.000000000000e+00       1.712622715182e-16       2.382239713916e-17      -2.007864038836e-18 
 2725       7.982409381593e-12       3.222963591900e-13      -7.325212127454e-13       0.000000000000e+00       1.710103330833e-16       2.376428018627e-17      -1.991068251947e-18 
 2726       7.983278898107e-12       3.202920984835e-13      -7.318432753945e-13       0.000000000000e+00       1.707588483112e-16       2.370497329224e-17      -1.974524247986e-18 
 2727       7.984059229074e-12       3.182797605616e-13      -7.310603793348e-13       0.000000000000e+00       1.705078157608e-16       2.364448023284e-17      -1.958237312710e-18 
 2728       7.984743491114e-12       3.162599330811e-13      -7.301721929721e-13       0.000000000000e+00       1.702572339828e-16       2.358280480037e-17      -1.942212746076e-18 
 2729       7.985324781074e-12       3.142332054509e-13      -7.291783842428e-13       0.000000000000e+00       1.700071015199e-16       2.351995080367e-17      -1.926455862261e-18 
 2730       7.985796176021e-12       3.122001688338e-13      -7.280786206138e-13       0.000000000000e+00       1.697574169069e-16       2.345592206811e-17      -1.910971989668e-18 
 2731       7.986151264812e-12       3.101614026302e-13      -7.268727967101e-13       0.000000000000e+00       1.695081787971e-16       2.339073247268e-17      -1.895760092017e-18 
 2732       7.986385745986e-12       3.081174338471e-13      -7.255617185334e-13       0.000000000000e+00       1.692593863428e-16       2.332443612006e-17      -1.880793594204e-18 
 2733       7.986495838410e-12       3.060687775142e-13      -7.241464229121e-13       0.000000000000e+00       1.690110388169e-16       2.325709732833e-17      -1.866039453653e-18 
 2734       7.986477750446e-12       3.040159501838e-13      -7.226279502098e-13       0.000000000000e+00       1.687631354864e-16       2.318878060886e-17      -1.851464529801e-18 
 2735       7.986327679947e-12       3.019594699320e-13      -7.210073443288e-13       0.000000000000e+00       1.685156756126e-16       2.311955066642e-17      -1.837035584019e-18 
 2736       7.986041814245e-12       2.998998563601e-13      -7.192856527132e-13       0.000000000000e+00       1.682686584509e-16       2.304947239940e-17      -1.822719279514e-18 
 2737       7.985616330139e-12       2.978376305957e-13      -7.174639263527e-13       0.000000000000e+00       1.680220832507e-16       2.297861089997e-17      -1.808482181245e-18 
 2738       7.985047393890e-12       2.957733152948e-13      -7.155432197856e-13       0.000000000000e+00       1.677759492560e-16       2.290703145427e-17      -1.794290755828e-18 
 2739       7.984331161210e-12       2.937074346426e-13      -7.135245911026e-13       0.000000000000e+00       1.675302557044e-16       2.283479954257e-17      -1.780111371450e-18 
 2740       7.983463777251e-12       2.916405143549e-13      -7.114091019496e-13       0.000000000000e+00       1.672850018280e-16       2.276198083946e-17      -1.765910297776e-18 
 2741       7.982441376599e-12       2.895730816800e-13      -7.091978175316e-13       0.000000000000e+00       1.670401868530e-16       2.268864121403e-17      -1.751653705863e-18 
 2742       7.981260083260e-12       2.875056653994e-13      -7.068918066158e-13       0.000000000000e+00       1.667958099997e-16       2.261484673006e-17      -1.737307668063e-18 
 2743       7.979916010654e-12       2.854387958299e-13      -7.044921415353e-13       0.000000000000e+00       1.665518704824e-16       2.254066364615e-17      -1.722838157941e-18 
 2744       7.978405261605e-12       2.833730048244e-13      -7.019998981920e-13       0.000000000000e+00       1.663083675098e-16       2.246615841596e-17      -1.708211050180e-18 
 2745       7.976723928330e-12       2.813088257736e-13      -6.994161560604e-13       0.000000000000e+00       1.660653002843e-16       2.239139768835e-17      -1.693392120492e-18 
 2746       7.974868092432e-12       2.792467936075e-13      -6.967419981907e-13       0.000000000000e+00       1.658226680027e-16       2.231644830757e-17      -1.678347045531e-18 
 2747       7.972833824888e-12       2.771874447965e-13      -6.939785112126e-13       0.000000000000e+00       1.655804698559e-16       2.224137731343e-17      -1.663041402796e-18 
 2748       7.970617186041e-12       2.751313173528e-13      -6.911267853380e-13       0.000000000000e+00       1.653387050288e-16       2.216625194148e-17      -1.647440670549e-18 
 2749       7.968214225591e-12       2.730789508322e-13      -6.881879143652e-13       0.000000000000e+00       1.650973727004e-16       2.209113962321e-17      -1.631510227720e-18 
 2750       7.965620982585e-12       2.710308863351e-13      -6.851629956815e-13       0.000000000000e+00       1.648564720437e-16       2.201610798621e-17      -1.615215353819e-18 
 2751       7.962833485407e-12       2.689876665079e-13      -6.820531302672e-13       0.000000000000e+00       1.646160022259e-16       2.194122485432e-17      -1.598521228845e-18 
 2752       7.959847751769e-12       2.669498355447e-13      -6.788594226986e-13       0.000000000000e+00       1.643759624083e-16       2.186655824786e-17      -1.581392933196e-18 
 2753       7.956659788701e-12       2.649179391884e-13      -6.755829811517e-13       0.000000000000e+00       1.641363517460e-16       2.179217638379e-17      -1.563795447581e-18 
 2754       7.953265592544e-12       2.628925247322e-13      -6.722249174052e-13       0.000000000000e+00       1.638971693884e-16       2.171814767588e-17      -1.545693652927e-18 
 2755       7.949661148937e-12       2.608741410211e-13      -6.687863468441e-13       0.000000000000e+00       1.636584144788e-16       2.164454073487e-17      -1.527052330291e-18 
 2756       7.945842432810e-12       2.588633384530e-13      -6.652683884633e-13       0.000000000000e+00       1.634200861547e-16       2.157142436869e-17      -1.507836160770e-18 
 2757       7.941805408375e-12       2.568606689805e-13      -6.616721648705e-13       0.000000000000e+00       1.631821835475e-16       2.149886758263e-17      -1.488009725409e-18 
 2758       7.937546029114e-12       2.548666861120e-13      -6.579988022899e-13       0.000000000000e+00       1.629447057825e-16       2.142693957946e-17      -1.467537505114e-18 
 2759       7.933060237770e-12       2.528819449130e-13      -6.542494305656e-13       0.000000000000e+00       1.627076519793e-16       2.135570975971e-17      -1.446383880561e-18 
 2760       7.928343966342e-12       2.509070020079e-13      -6.504251831649e-13       0.000000000000e+00       1.624710212514e-16       2.128524772174e-17      -1.424513132104e-18 
 2761       7.923393136068e-12       2.489424155812e-13      -6.465271971817e-13       0.000000000000e+00       1.622348127061e-16       2.121562326202e-17      -1.401889439687e-18 
 2762       7.918203657424e-12       2.469887453786e-13      -6.425566133397e-13       0.000000000000e+00       1.619990254450e-16       2.114690637522e-17      -1.378476882754e-18 
 2763       7.912771430107e-12       2.450465527089e-13      -6.385145759963e-13       0.000000000000e+00       1.617636585636e-16       2.107916725445e-17      -1.354239440158e-18 
 2764       7.907092343029e-12       2.431164004451e-13      -6.344022331452e-13       0.000000000000e+00       1.615287111512e-16       2.101247629139e-17      -1.329140990072e-18 
 2765       7.901162274310e-12       2.411988530256e-13      -6.302207364206e-13       0.000000000000e+00       1.612941822912e-16       2.094690407653e-17      -1.303145309898e-18 
 2766       7.894977091264e-12       2.392944764563e-13      -6.259712411000e-13       0.000000000000e+00       1.610600710612e-16       2.088252139927e-17      -1.276216076179e-18 
 2767       7.888532650391e-12       2.374038383111e-13      -6.216549061080e-13       0.000000000000e+00       1.608263765323e-16       2.081939924817e-17      -1.248316864506e-18 
 2768       7.881824797369e-12       2.355275077340e-13      -6.172728940193e-13       0.000000000000e+00       1.605930977699e-16       2.075760881109e-17      -1.219411149430e-18 
 2769       7.874849367045e-12       2.336660554401e-13      -6.128263710623e-13       0.000000000000e+00       1.603602338333e-16       2.069722147537e-17      -1.189462304373e-18 
 2770       7.867602183422e-12       2.318200537172e-13      -6.083165071224e-13       0.000000000000e+00       1.601277837756e-16       2.063830882801e-17      -1.158433601534e-18 
 2771       7.860079793554e-12       2.299900199802e-13      -6.037445473811e-13       0.000000000000e+00       1.598957467002e-16       2.058091955922e-17      -1.126304898716e-18 
 2772       7.852281673485e-12       2.281762471067e-13      -5.991120276392e-13       0.000000000000e+00       1.596641219298e-16       2.052501003931e-17      -1.093122796318e-18 
 2773       7.844208033947e-12       2.263789722074e-13      -5.944205601384e-13       0.000000000000e+00       1.594329088383e-16       2.047051337521e-17      -1.058950745245e-18 
 2774       7.835859087522e-12       2.245984329922e-13      -5.896717620333e-13       0.000000000000e+00       1.592021067942e-16       2.041736247367e-17      -1.023852384242e-18 
 2775       7.827235048645e-12       2.228348677709e-13      -5.848672553961e-13       0.000000000000e+00       1.589717151610e-16       2.036549004103e-17      -9.878915400648e-19 
 2776       7.818336133602e-12       2.210885154532e-13      -5.800086672210e-13       0.000000000000e+00       1.587417332973e-16       2.031482858303e-17      -9.511322276495e-19 
 2777       7.809162560537e-12       2.193596155498e-13      -5.750976294287e-13       0.000000000000e+00       1.585121605564e-16       2.026531040467e-17      -9.136386502848e-19 
 2778       7.799714549449e-12       2.176484081724e-13      -5.701357788712e-13       0.000000000000e+00       1.582829962863e-16       2.021686761000e-17      -8.754751997817e-19 
 2779       7.789992322198e-12       2.159551340346e-13      -5.651247573357e-13       0.000000000000e+00       1.580542398302e-16       2.016943210194e-17      -8.367064566444e-19 
 2780       7.779996102507e-12       2.142800344523e-13      -5.600662115497e-13       0.000000000000e+00       1.578258905259e-16       2.012293558210e-17      -7.973971902414e-19 
 2781       7.769726115960e-12       2.126233513439e-13      -5.549617931852e-13       0.000000000000e+00       1.575979477061e-16       2.007730955060e-17      -7.576123589754e-19 
 2782       7.759182590007e-12       2.109853272315e-13      -5.498131588632e-13       0.000000000000e+00       1.573704106984e-16       2.003248530587e-17      -7.174171104550e-19 
 2783       7.748365753967e-12       2.093662052406e-13      -5.446219701585e-13       0.000000000000e+00       1.571432788253e-16       1.998839394450e-17      -6.768767816645e-19 
 2784       7.737275839029e-12       2.077662291013e-13      -5.393898936035e-13       0.000000000000e+00       1.569165514041e-16       1.994496636102e-17      -6.360568991351e-19 
 2785       7.725913078252e-12       2.061856431484e-13      -5.341186006937e-13       0.000000000000e+00       1.566902277466e-16       1.990213324776e-17      -5.950231791155e-19 
 2786       7.714277706569e-12       2.046246923219e-13      -5.288097678913e-13       0.000000000000e+00       1.564643071600e-16       1.985982509462e-17      -5.538415277426e-19 
 2787       7.702369960790e-12       2.030836221679e-13      -5.234650766302e-13       0.000000000000e+00       1.562387889459e-16       1.981797218892e-17      -5.125780412122e-19 
 2788       7.690190079603e-12       2.015626788388e-13      -5.180862133205e-13       0.000000000000e+00       1.560136724008e-16       1.977650461521e-17      -4.712990059496e-19 
 2789       7.677738303574e-12       2.000621090939e-13      -5.126748693526e-13       0.000000000000e+00       1.557889568160e-16       1.973535225509e-17      -4.300708987805e-19 
 2790       7.665014875152e-12       1.985821602996e-13      -5.072327411024e-13       0.000000000000e+00       1.555646414777e-16       1.969444478700e-17      -3.889603871015e-19 
 2791       7.652020038670e-12       1.971230804306e-13      -5.017615299349e-13       0.000000000000e+00       1.553407256667e-16       1.965371168609e-17      -3.480343290510e-19 
 2792       7.638754040348e-12       1.956851180699e-13      -4.962629422096e-13       0.000000000000e+00       1.551172086589e-16       1.961308222399e-17      -3.073597736797e-19 
 2793       7.625217128291e-12       1.942685224092e-13      -4.907386892844e-13       0.000000000000e+00       1.548940897246e-16       1.957248546864e-17      -2.670039611214e-19 
 2794       7.611409552498e-12       1.928735432500e-13      -4.851904875203e-13       0.000000000000e+00       1.546713681292e-16       1.953185028412e-17      -2.270343227637e-19 
 2795       7.597331564856e-12       1.915004310035e-13      -4.796200582859e-13       0.000000000000e+00       1.544490431326e-16       1.949110533047e-17      -1.875184814189e-19 
 2796       7.582983419148e-12       1.901494366914e-13      -4.740291279621e-13       0.000000000000e+00       1.542271139896e-16       1.945017906348e-17      -1.485242514942e-19 
 2797       7.568365371055e-12       1.888208119466e-13      -4.684194279461e-13       0.000000000000e+00       1.540055799499e-16       1.940899973454e-17      -1.101196391628e-19 
 2798       7.553477678152e-12       1.875148090131e-13      -4.627926946564e-13       0.000000000000e+00       1.537844402576e-16       1.936749539041e-17      -7.237284253461e-20 
 2799       7.538320599918e-12       1.862316807473e-13      -4.571506695371e-13       0.000000000000e+00       1.535636941518e-16       1.932559387311e-17      -3.535225182678e-20 
 2800       7.522894397731e-12       1.849716806180e-13      -4.514950990623e-13       0.000000000000e+00       1.533433408663e-16       1.928322281966e-17       8.735504655412e-22 
 2801       7.507199334877e-12       1.837350627068e-13      -4.458277347409e-13       0.000000000000e+00       1.531233796297e-16       1.924030966196e-17       3.623578939849e-20 
 2802       7.491235676545e-12       1.825220817093e-13      -4.401503331208e-13       0.000000000000e+00       1.529038096651e-16       1.919678162658e-17       7.066549740879e-20 
 2803       7.475003689832e-12       1.813329929347e-13      -4.344646557935e-13       0.000000000000e+00       1.526846301905e-16       1.915256573454e-17       1.040935141430e-19 
 2804       7.458503643749e-12       1.801680523070e-13      -4.287724693988e-13       0.000000000000e+00       1.524658404186e-16       1.910758880122e-17       1.364504862871e-19 
 2805       7.441735809216e-12       1.790275163653e-13      -4.230755456289e-13       0.000000000000e+00       1.522474395567e-16       1.906177743609e-17       1.676668673951e-19 
 2806       7.424700459068e-12       1.779116422644e-13      -4.173756612333e-13       0.000000000000e+00       1.520294268071e-16       1.901505804256e-17       1.976729177192e-19 
 2807       7.407397868058e-12       1.768206877749e-13      -4.116745980230e-13       0.000000000000e+00       1.518118013664e-16       1.896735681780e-17       2.263987040386e-19 
 2808       7.389828312855e-12       1.757549112843e-13      -4.059741428754e-13       0.000000000000e+00       1.515945624262e-16       1.891859975258e-17       2.537740994887e-19 
 2809       7.371992072051e-12       1.747145717971e-13      -4.002760877382e-13       0.000000000000e+00       1.513777091725e-16       1.886871263102e-17       2.797287833908e-19 
 2810       7.353889426158e-12       1.736999289355e-13      -3.945822296346e-13       0.000000000000e+00       1.511612407864e-16       1.881762103048e-17       3.041922410810e-19 
 2811       7.335521193212e-12       1.727111815860e-13      -3.888942854761e-13       0.000000000000e+00       1.509451564315e-16       1.876526461286e-17       3.271158611428e-19 
 2812       7.316890338613e-12       1.717482834890e-13      -3.832136360099e-13       0.000000000000e+00       1.507294552191e-16       1.871164008037e-17       3.485393532220e-19 
 2813       7.298000373671e-12       1.708111266891e-13      -3.775415805466e-13       0.000000000000e+00       1.505141362434e-16       1.865675844318e-17       3.685246759075e-19 
 2814       7.278854820788e-12       1.698996028020e-13      -3.718794220336e-13       0.000000000000e+00       1.502991985927e-16       1.860063074830e-17       3.871339709202e-19 
 2815       7.259457213461e-12       1.690136030134e-13      -3.662284670581e-13       0.000000000000e+00       1.500846413501e-16       1.854326807961e-17       4.044295632776e-19 
 2816       7.239811096297e-12       1.681530180792e-13      -3.605900258503e-13       0.000000000000e+00       1.498704635930e-16       1.848468155784e-17       4.204739614591e-19 
 2817       7.219920025019e-12       1.673177383246e-13      -3.549654122868e-13       0.000000000000e+00       1.496566643930e-16       1.842488234069e-17       4.353298575704e-19 
 2818       7.199787566480e-12       1.665076536439e-13      -3.493559438936e-13       0.000000000000e+00       1.494432428167e-16       1.836388162278e-17       4.490601275083e-19 
 2819       7.179417298672e-12       1.657226535001e-13      -3.437629418495e-13       0.000000000000e+00       1.492301979245e-16       1.830169063575e-17       4.617278311254e-19 
 2820       7.158812810735e-12       1.649626269242e-13      -3.381877309890e-13       0.000000000000e+00       1.490175287717e-16       1.823832064825e-17       4.733962123951e-19 
 2821       7.137977702967e-12       1.642274625154e-13      -3.326316398058e-13       0.000000000000e+00       1.488052344077e-16       1.817378296600e-17       4.841286995760e-19 
 2822       7.116915586836e-12       1.635170484399e-13      -3.270960004561e-13       0.000000000000e+00       1.485933138765e-16       1.810808893182e-17       4.939889053772e-19 
 2823       7.095630084990e-12       1.628312724312e-13      -3.215821487615e-13       0.000000000000e+00       1.483817662164e-16       1.804124992565e-17       5.030406271224e-19 
 2824       7.074124831265e-12       1.621700217891e-13      -3.160914242122e-13       0.000000000000e+00       1.481705904602e-16       1.797327736459e-17       5.113478469152e-19 
 2825       7.052403470696e-12       1.615331833797e-13      -3.106251699705e-13       0.000000000000e+00       1.479597856349e-16       1.790418270296e-17       5.189747318037e-19 
 2826       7.030469659530e-12       1.609206436347e-13      -3.051847328740e-13       0.000000000000e+00       1.477493507621e-16       1.783397743230e-17       5.259856339451e-19 
 2827       7.008327065231e-12       1.603322885512e-13      -2.997714634383e-13       0.000000000000e+00       1.475392848577e-16       1.776267308141e-17       5.324450907706e-19 
 2828       6.985979366497e-12       1.597680036911e-13      -2.943867158611e-13       0.000000000000e+00       1.473295869319e-16       1.769028121640e-17       5.384178251502e-19 
 2829       6.963430253262e-12       1.592276741808e-13      -2.890318480243e-13       0.000000000000e+00       1.471202559894e-16       1.761681344073e-17       5.439687455574e-19 
 2830       6.940683426712e-12       1.587111847108e-13      -2.837082214983e-13       0.000000000000e+00       1.469112910290e-16       1.754228139520e-17       5.491629462341e-19 
 2831       6.917742599294e-12       1.582184195351e-13      -2.784172015444e-13       0.000000000000e+00       1.467026910443e-16       1.746669675804e-17       5.540657073550e-19 
 2832       6.894611494725e-12       1.577492624710e-13      -2.731601571184e-13       0.000000000000e+00       1.464944550228e-16       1.739007124490e-17       5.587424951927e-19 
 2833       6.871293848004e-12       1.573035968985e-13      -2.679384608740e-13       0.000000000000e+00       1.462865819466e-16       1.731241660892e-17       5.632589622825e-19 
 2834       6.847793405418e-12       1.568813057602e-13      -2.627534891652e-13       0.000000000000e+00       1.460790707920e-16       1.723374464074e-17       5.676809475869e-19 
 2835       6.824113924559e-12       1.564822715603e-13      -2.576066220505e-13       0.000000000000e+00       1.458719205298e-16       1.715406716853e-17       5.720744766605e-19 
 2836       6.800259174328e-12       1.561063763649e-13      -2.524992432955e-13       0.000000000000e+00       1.456651301249e-16       1.707339605807e-17       5.765057618148e-19 
 2837       6.776232934948e-12       1.557535018009e-13      -2.474327403763e-13       0.000000000000e+00       1.454586985367e-16       1.699174321271e-17       5.810412022829e-19 
 2838       6.752038997974e-12       1.554235290561e-13      -2.424085044826e-13       0.000000000000e+00       1.452526247189e-16       1.690912057347e-17       5.857473843842e-19 
 2839       6.727681166301e-12       1.551163388785e-13      -2.374279305211e-13       0.000000000000e+00       1.450469076194e-16       1.682554011905e-17       5.906910816894e-19 
 2840       6.703163254179e-12       1.548318115760e-13      -2.324924171185e-13       0.000000000000e+00       1.448415461805e-16       1.674101386584e-17       5.959392551849e-19 
 2841       6.678489087217e-12       1.545698270159e-13      -2.276033666249e-13       0.000000000000e+00       1.446365393387e-16       1.665555386800e-17       6.015590534381e-19 
 2842       6.653662502399e-12       1.543302646246e-13      -2.227621851168e-13       0.000000000000e+00       1.444318860248e-16       1.656917221746e-17       6.076178127614e-19 
 2843       6.628687348089e-12       1.541130033870e-13      -2.179702824006e-13       0.000000000000e+00       1.442275851640e-16       1.648188104398e-17       6.141830573777e-19 
 2844       6.603567484046e-12       1.539179218463e-13      -2.132290720155e-13       0.000000000000e+00       1.440236356757e-16       1.639369251515e-17       6.213224995848e-19 
 2845       6.578306781429e-12       1.537448981033e-13      -2.085399712369e-13       0.000000000000e+00       1.438200364736e-16       1.630461883647e-17       6.291040399202e-19 
 2846       6.552909122813e-12       1.535938098164e-13      -2.039044010794e-13       0.000000000000e+00       1.436167864655e-16       1.621467225134e-17       6.375957673259e-19 
 2847       6.527378402194e-12       1.534645342007e-13      -1.993237863005e-13       0.000000000000e+00       1.434138845536e-16       1.612386504111e-17       6.468659593130e-19 
 2848       6.501718525001e-12       1.533569480280e-13      -1.947995554032e-13       0.000000000000e+00       1.432113296345e-16       1.603220952514e-17       6.569830821268e-19 
 2849       6.475933408109e-12       1.532709276260e-13      -1.903331406396e-13       0.000000000000e+00       1.430091205988e-16       1.593971806079e-17       6.680157909113e-19 
 2850       6.450026979843e-12       1.532063488783e-13      -1.859259780139e-13       0.000000000000e+00       1.428072563315e-16       1.584640304349e-17       6.800329298740e-19 
 2851       6.424003264462e-12       1.531630523666e-13      -1.815793262351e-13       0.000000000000e+00       1.426057358481e-16       1.575228269718e-17       6.930834413645e-19 
 2852       6.397866636043e-12       1.531407386039e-13      -1.772937225521e-13       0.000000000000e+00       1.424045587053e-16       1.565739847814e-17       7.071359800274e-19 
 2853       6.371621565916e-12       1.531390722622e-13      -1.730695241293e-13       0.000000000000e+00       1.422037245925e-16       1.556179776064e-17       7.221389887760e-19 
 2854       6.345272538332e-12       1.531577169803e-13      -1.689070888444e-13       0.000000000000e+00       1.420032331959e-16       1.546552805474e-17       7.380407615737e-19 
 2855       6.318824050472e-12       1.531963353621e-13      -1.648067752887e-13       0.000000000000e+00       1.418030841977e-16       1.536863700643e-17       7.547894433020e-19 
 2856       6.292280612454e-12       1.532545889763e-13      -1.607689427675e-13       0.000000000000e+00       1.416032772770e-16       1.527117239776e-17       7.723330296289e-19 
 2857       6.265646747353e-12       1.533321383553e-13      -1.567939513010e-13       0.000000000000e+00       1.414038121092e-16       1.517318214691e-17       7.906193668771e-19 
 2858       6.238926991204e-12       1.534286429940e-13      -1.528821616246e-13       0.000000000000e+00       1.412046883665e-16       1.507471430835e-17       8.095961518925e-19 
 2859       6.212125893019e-12       1.535437613491e-13      -1.490339351894e-13       0.000000000000e+00       1.410059057172e-16       1.497581707297e-17       8.292109319119e-19 
 2860       6.185248014796e-12       1.536771508381e-13      -1.452496341628e-13       0.000000000000e+00       1.408074638264e-16       1.487653876816e-17       8.494111044318e-19 
 2861       6.158297931532e-12       1.538284678386e-13      -1.415296214292e-13       0.000000000000e+00       1.406093623555e-16       1.477692785796e-17       8.701439170764e-19 
 2862       6.131280231231e-12       1.539973676870e-13      -1.378742605903e-13       0.000000000000e+00       1.404116009625e-16       1.467703294316e-17       8.913564674660e-19 
 2863       6.104199514921e-12       1.541835046777e-13      -1.342839159656e-13       0.000000000000e+00       1.402141793019e-16       1.457690276143e-17       9.129957030848e-19 
 2864       6.077060396658e-12       1.543865320622e-13      -1.307589525933e-13       0.000000000000e+00       1.400170970244e-16       1.447658618747e-17       9.350084211500e-19 
 2865       6.049867503546e-12       1.546061020484e-13      -1.272997362304e-13       0.000000000000e+00       1.398203537776e-16       1.437613223305e-17       9.573412684791e-19 
 2866       6.022625475740e-12       1.548418657991e-13      -1.239066333537e-13       0.000000000000e+00       1.396239492053e-16       1.427559004721e-17       9.799407413590e-19 
 2867       5.995338966465e-12       1.550934734317e-13      -1.205800111597e-13       0.000000000000e+00       1.394278829477e-16       1.417500891635e-17       1.002753185414e-18 
 2868       5.968012642021e-12       1.553605740167e-13      -1.173202375659e-13       0.000000000000e+00       1.392321546418e-16       1.407443826435e-17       1.025724795472e-18 
 2869       5.940651181798e-12       1.556428155771e-13      -1.141276812108e-13       0.000000000000e+00       1.390367639207e-16       1.397392765266e-17       1.048801615439e-18 
 2870       5.913259278288e-12       1.559398450877e-13      -1.110027114544e-13       0.000000000000e+00       1.388417104141e-16       1.387352678047e-17       1.071929538158e-18 
 2871       5.885841637093e-12       1.562513084734e-13      -1.079456983792e-13       0.000000000000e+00       1.386469937482e-16       1.377328548482e-17       1.095054305285e-18 
 2872       5.858402976939e-12       1.565768506091e-13      -1.049570127905e-13       0.000000000000e+00       1.384526135456e-16       1.367325374068e-17       1.118121507155e-18 
 2873       5.830948029689e-12       1.569161153183e-13      -1.020370262165e-13       0.000000000000e+00       1.382585694252e-16       1.357348166112e-17       1.141076582649e-18 
 2874       5.803481540348e-12       1.572687453721e-13      -9.918611090979e-14       0.000000000000e+00       1.380648610026e-16       1.347401949740e-17       1.163864819062e-18 
 2875       5.776008267082e-12       1.576343824887e-13      -9.640463984694e-14       0.000000000000e+00       1.378714878897e-16       1.337491763908e-17       1.186431351973e-18 
 2876       5.748532981226e-12       1.580126673320e-13      -9.369298672958e-14       0.000000000000e+00       1.376784496947e-16       1.327622661419e-17       1.208721165114e-18 
 2877       5.721060467293e-12       1.584032395111e-13      -9.105152598481e-14       0.000000000000e+00       1.374857460225e-16       1.317799708928e-17       1.230679090235e-18 
 2878       5.693595522991e-12       1.588057375789e-13      -8.848063276568e-14       0.000000000000e+00       1.372933764742e-16       1.308027986961e-17       1.252249806975e-18 
 2879       5.666142959228e-12       1.592197990316e-13      -8.598068295180e-14       0.000000000000e+00       1.371013406473e-16       1.298312589921e-17       1.273377842728e-18 
 2880       5.638707600130e-12       1.596450603074e-13      -8.355205314984e-14       0.000000000000e+00       1.369096381360e-16       1.288658626104e-17       1.294007572515e-18 
 2881       5.611294283046e-12       1.600811567859e-13      -8.119512069407e-14       0.000000000000e+00       1.367182685306e-16       1.279071217709e-17       1.314083218847e-18 
 2882       5.583907858566e-12       1.605277227870e-13      -7.891026364693e-14       0.000000000000e+00       1.365272314179e-16       1.269555500851e-17       1.333548851599e-18 
 2883       5.556553190525e-12       1.609843915697e-13      -7.669786079950e-14       0.000000000000e+00       1.363365263812e-16       1.260116625571e-17       1.352348387872e-18 
 2884       5.529235156022e-12       1.614507953319e-13      -7.455829167212e-14       0.000000000000e+00       1.361461530001e-16       1.250759755852e-17       1.370425591867e-18 
 2885       5.501958645424e-12       1.619265652087e-13      -7.249193651487e-14       0.000000000000e+00       1.359561108505e-16       1.241490069626e-17       1.387724074750e-18 
 2886       5.474728562385e-12       1.624113312718e-13      -7.049917630812e-14       0.000000000000e+00       1.357663995049e-16       1.232312758791e-17       1.404187294522e-18 
 2887       5.447549823851e-12       1.629047225287e-13      -6.858039276308e-14       0.000000000000e+00       1.355770185321e-16       1.223233029217e-17       1.419758555885e-18 
 2888       5.420427360074e-12       1.634063669215e-13      -6.673596832234e-14       0.000000000000e+00       1.353879674972e-16       1.214256100764e-17       1.434381010112e-18 
 2889       5.393366114625e-12       1.639158913260e-13      -6.496628616038e-14       0.000000000000e+00       1.351992459618e-16       1.205387207290e-17       1.447997654916e-18 
 2890       5.366371044403e-12       1.644329215511e-13      -6.327173018414e-14       0.000000000000e+00       1.350108534838e-16       1.196631596667e-17       1.460551334315e-18 
 2891       5.339446828988e-12       1.649570871279e-13      -6.165254322359e-14       0.000000000000e+00       1.348227895626e-16       1.187992434839e-17       1.471999350602e-18 
 2892       5.312596997074e-12       1.654880357073e-13      -6.010840081757e-14       0.000000000000e+00       1.346350534742e-16       1.179464506399e-17       1.482357381374e-18 
 2893       5.285824795635e-12       1.660254187337e-13      -5.863883526981e-14       0.000000000000e+00       1.344476444351e-16       1.171040482128e-17       1.491655784724e-18 
 2894       5.259133480187e-12       1.665688866602e-13      -5.724337726130e-14       0.000000000000e+00       1.342605616574e-16       1.162713012022e-17       1.499925007425e-18 
 2895       5.232526314795e-12       1.671180889478e-13      -5.592155584874e-14       0.000000000000e+00       1.340738043487e-16       1.154474725279e-17       1.507195585013e-18 
 2896       5.206006572082e-12       1.676726740647e-13      -5.467289846312e-14       0.000000000000e+00       1.338873717119e-16       1.146318230276e-17       1.513498141860e-18 
 2897       5.179577533236e-12       1.682322894851e-13      -5.349693090814e-14       0.000000000000e+00       1.337012629453e-16       1.138236114555e-17       1.518863391255e-18 
 2898       5.153242488016e-12       1.687965816883e-13      -5.239317735877e-14       0.000000000000e+00       1.335154772427e-16       1.130220944802e-17       1.523322135479e-18 
 2899       5.127004734760e-12       1.693651961585e-13      -5.136116035973e-14       0.000000000000e+00       1.333300137934e-16       1.122265266832e-17       1.526905265887e-18 
 2900       5.100867580392e-12       1.699377773831e-13      -5.040040082399e-14       0.000000000000e+00       1.331448717820e-16       1.114361605566e-17       1.529643762985e-18 
 2901       5.074834340430e-12       1.705139688524e-13      -4.951041803129e-14       0.000000000000e+00       1.329600503884e-16       1.106502465018e-17       1.531568696503e-18 
 2902       5.048908338991e-12       1.710934130583e-13      -4.869072962661e-14       0.000000000000e+00       1.327755487882e-16       1.098680328275e-17       1.532711225480e-18 
 2903       5.023092908803e-12       1.716757514940e-13      -4.794085161872e-14       0.000000000000e+00       1.325913661522e-16       1.090887657476e-17       1.533102598339e-18 
 2904       4.997391391205e-12       1.722606246526e-13      -4.726029837863e-14       0.000000000000e+00       1.324075016467e-16       1.083116893800e-17       1.532774152962e-18 
 2905       4.971807136161e-12       1.728476720265e-13      -4.664858263814e-14       0.000000000000e+00       1.322239544332e-16       1.075360457442e-17       1.531757316774e-18 
 2906       4.946343502264e-12       1.734365321065e-13      -4.610521548829e-14       0.000000000000e+00       1.320407236688e-16       1.067610747597e-17       1.530083606816e-18 
 2907       4.921003856744e-12       1.740268423808e-13      -4.562970637791e-14       0.000000000000e+00       1.318578085060e-16       1.059860142444e-17       1.527784629826e-18 
 2908       4.895791575473e-12       1.746182393346e-13      -4.522156311212e-14       0.000000000000e+00       1.316752080925e-16       1.052100999125e-17       1.524892082314e-18 
 2909       4.870710042978e-12       1.752103584484e-13      -4.488029185079e-14       0.000000000000e+00       1.314929215714e-16       1.044325653728e-17       1.521437750643e-18 
 2910       4.845762652442e-12       1.758028341981e-13      -4.460539710708e-14       0.000000000000e+00       1.313109480813e-16       1.036526421270e-17       1.517453511106e-18 
 2911       4.820952805713e-12       1.763953000533e-13      -4.439638174593e-14       0.000000000000e+00       1.311292867561e-16       1.028695595675e-17       1.512971330002e-18 
 2912       4.796283913314e-12       1.769873884771e-13      -4.425274698256e-14       0.000000000000e+00       1.309479367251e-16       1.020825449762e-17       1.508023263718e-18 
 2913       4.771759394448e-12       1.775787309247e-13      -4.417399238098e-14       0.000000000000e+00       1.307668971127e-16       1.012908235222e-17       1.502641458802e-18 
 2914       4.747382677003e-12       1.781689578429e-13      -4.415961585250e-14       0.000000000000e+00       1.305861670391e-16       1.004936182601e-17       1.496858152047e-18 
 2915       4.723157197564e-12       1.787576986690e-13      -4.420911365421e-14       0.000000000000e+00       1.304057456194e-16       9.969015012829e-18       1.490705670562e-18 
 2916       4.699086401418e-12       1.793445818302e-13      -4.432198038748e-14       0.000000000000e+00       1.302256319644e-16       9.887963794706e-18       1.484216431855e-18 
 2917       4.675173742561e-12       1.799292347425e-13      -4.449770899649e-14       0.000000000000e+00       1.300458251799e-16       9.806129841684e-18       1.477422943911e-18 
 2918       4.651422683703e-12       1.805112838100e-13      -4.473579076673e-14       0.000000000000e+00       1.298663243674e-16       9.723434611633e-18       1.470357805266e-18 
 2919       4.627836696281e-12       1.810903544237e-13      -4.503571532346e-14       0.000000000000e+00       1.296871286234e-16       9.639799350076e-18       1.463053705090e-18 
 2920       4.604419260460e-12       1.816660709612e-13      -4.539697063028e-14       0.000000000000e+00       1.295082370398e-16       9.555145090000e-18       1.455543423260e-18 
 2921       4.581173865146e-12       1.822380567853e-13      -4.581904298755e-14       0.000000000000e+00       1.293296487040e-16       9.469392651682e-18       1.447859830442e-18 
 2922       4.558104007988e-12       1.828059342436e-13      -4.630141703098e-14       0.000000000000e+00       1.291513626984e-16       9.382462642503e-18       1.440035888168e-18 
 2923       4.535213195388e-12       1.833693246671e-13      -4.684357573006e-14       0.000000000000e+00       1.289733781011e-16       9.294275456770e-18       1.432104648912e-18 
 2924       4.512504942509e-12       1.839278483699e-13      -4.744500038662e-14       0.000000000000e+00       1.287956939852e-16       9.204751275533e-18       1.424099256169e-18 
 2925       4.489982773279e-12       1.844811246478e-13      -4.810517063326e-14       0.000000000000e+00       1.286183094191e-16       9.113810066405e-18       1.416052944536e-18 
 2926       4.467650220403e-12       1.850287717781e-13      -4.882356443195e-14       0.000000000000e+00       1.284412234666e-16       9.021371583380e-18       1.407999039784e-18 
 2927       4.445510825365e-12       1.855704070179e-13      -4.959965807245e-14       0.000000000000e+00       1.282644351868e-16       8.927355366653e-18       1.399970958942e-18 
 2928       4.423568138439e-12       1.861056466040e-13      -5.043292617083e-14       0.000000000000e+00       1.280879436340e-16       8.831680742440e-18       1.392002210371e-18 
 2929       4.401825718694e-12       1.866341057515e-13      -5.132284166802e-14       0.000000000000e+00       1.279117478578e-16       8.734266822792e-18       1.384126393843e-18 
 2930       4.380287134003e-12       1.871553986534e-13      -5.226887582824e-14       0.000000000000e+00       1.277358469032e-16       8.635032505421e-18       1.376377200621e-18 
 2931       4.358955382310e-12       1.876691721049e-13      -5.327037355044e-14       0.000000000000e+00       1.275602398711e-16       8.533933217658e-18       1.368782609363e-18 
 2932       4.337831152248e-12       1.881752065638e-13      -5.432617862481e-14       0.000000000000e+00       1.273849261014e-16       8.431071349287e-18       1.361347442008e-18 
 2933       4.316914553845e-12       1.886733155937e-13      -5.543500660064e-14       0.000000000000e+00       1.272099049911e-16       8.326586371185e-18       1.354070720883e-18 
 2934       4.296205696471e-12       1.891633122834e-13      -5.659556930021e-14       0.000000000000e+00       1.270351759333e-16       8.220618141627e-18       1.346951464946e-18 
 2935       4.275704688838e-12       1.896450092473e-13      -5.780657481546e-14       0.000000000000e+00       1.268607383175e-16       8.113306906614e-18       1.339988689788e-18 
 2936       4.255411639001e-12       1.901182186241e-13      -5.906672750481e-14       0.000000000000e+00       1.266865915293e-16       8.004793300214e-18       1.333181407629e-18 
 2937       4.235326654352e-12       1.905827520772e-13      -6.037472798990e-14       0.000000000000e+00       1.265127349507e-16       7.895218344886e-18       1.326528627315e-18 
 2938       4.215449841626e-12       1.910384207937e-13      -6.172927315235e-14       0.000000000000e+00       1.263391679597e-16       7.784723451815e-18       1.320029354313e-18 
 2939       4.195781306896e-12       1.914850354844e-13      -6.312905613054e-14       0.000000000000e+00       1.261658899308e-16       7.673450421244e-18       1.313682590710e-18 
 2940       4.176321155571e-12       1.919224063833e-13      -6.457276631633e-14       0.000000000000e+00       1.259929002346e-16       7.561541442808e-18       1.307487335210e-18 
 2941       4.157069492400e-12       1.923503432470e-13      -6.605908935187e-14       0.000000000000e+00       1.258201982378e-16       7.449139095862e-18       1.301442583130e-18 
 2942       4.138026421466e-12       1.927686553546e-13      -6.758670712635e-14       0.000000000000e+00       1.256477833036e-16       7.336386349815e-18       1.295547326397e-18 
 2943       4.119192046188e-12       1.931771515071e-13      -6.915429777271e-14       0.000000000000e+00       1.254756547912e-16       7.223426564463e-18       1.289800553545e-18 
 2944       4.100566469320e-12       1.935756400272e-13      -7.076053566447e-14       0.000000000000e+00       1.253038120560e-16       7.110403490320e-18       1.284201249711e-18 
 2945       4.082149792949e-12       1.939639287586e-13      -7.240409141247e-14       0.000000000000e+00       1.251322544497e-16       6.997461268949e-18       1.278748396636e-18 
 2946       4.063942118496e-12       1.943418250661e-13      -7.408363186161e-14       0.000000000000e+00       1.249609813203e-16       6.884744433296e-18       1.273440972656e-18 
 2947       4.045943546714e-12       1.947091358346e-13      -7.579782008762e-14       0.000000000000e+00       1.247899920117e-16       6.772397908021e-18       1.268277952703e-18 
 2948       4.028154177684e-12       1.950656674691e-13      -7.754531539384e-14       0.000000000000e+00       1.246192858644e-16       6.660567009830e-18       1.263258308300e-18 
 2949       4.010574110822e-12       1.954112258943e-13      -7.932477330797e-14       0.000000000000e+00       1.244488622146e-16       6.549397447807e-18       1.258381007561e-18 
 2950       3.993203444871e-12       1.957456165541e-13      -8.113484557882e-14       0.000000000000e+00       1.242787203952e-16       6.439035323747e-18       1.253645015183e-18 
 2951       3.976042277902e-12       1.960686444111e-13      -8.297418017307e-14       0.000000000000e+00       1.241088597349e-16       6.329627132487e-18       1.249049292446e-18 
 2952       3.959090707316e-12       1.963801139464e-13      -8.484142127208e-14       0.000000000000e+00       1.239392795588e-16       6.221319762236e-18       1.244592797212e-18 
 2953       3.942348829839e-12       1.966798291592e-13      -8.673520926857e-14       0.000000000000e+00       1.237699791881e-16       6.114260494913e-18       1.240274483915e-18 
 2954       3.925816741524e-12       1.969675935663e-13      -8.865418076344e-14       0.000000000000e+00       1.236009579401e-16       6.008597006472e-18       1.236093303566e-18 
 2955       3.909494537749e-12       1.972432102017e-13      -9.059696856254e-14       0.000000000000e+00       1.234322151284e-16       5.904477367238e-18       1.232048203746e-18 
 2956       3.893382313216e-12       1.975064816163e-13      -9.256220167336e-14       0.000000000000e+00       1.232637500627e-16       5.802050042241e-18       1.228138128601e-18 
 2957       3.877480161952e-12       1.977572098774e-13      -9.454850530189e-14       0.000000000000e+00       1.230955620488e-16       5.701463891541e-18       1.224362018842e-18 
 2958       3.861788177306e-12       1.979951965685e-13      -9.655450084928e-14       0.000000000000e+00       1.229276503888e-16       5.602868170567e-18       1.220718811743e-18 
 2959       3.846306451947e-12       1.982202427886e-13      -9.857880590869e-14       0.000000000000e+00       1.227600143808e-16       5.506412530446e-18       1.217207441134e-18 
 2960       3.831035077869e-12       1.984321491521e-13      -1.006200342620e-13       0.000000000000e+00       1.225926533193e-16       5.412247018336e-18       1.213826837399e-18 
 2961       3.815974146382e-12       1.986307157883e-13      -1.026767958765e-13       0.000000000000e+00       1.224255664945e-16       5.320522077754e-18       1.210575927477e-18 
 2962       3.801123748118e-12       1.988157423407e-13      -1.047476969020e-13       0.000000000000e+00       1.222587531932e-16       5.231388548916e-18       1.207453634854e-18 
 2963       3.786483973027e-12       1.989870279673e-13      -1.068313396669e-13       0.000000000000e+00       1.220922126980e-16       5.144997669062e-18       1.204458879561e-18 
 2964       3.772054910376e-12       1.991443713396e-13      -1.089263226758e-13       0.000000000000e+00       1.219259442880e-16       5.061501072790e-18       1.201590578173e-18 
 2965       3.757836648749e-12       1.992875706423e-13      -1.110312406056e-13       0.000000000000e+00       1.217599472380e-16       4.981050792389e-18       1.198847643803e-18 
 2966       3.743829276048e-12       1.994164235732e-13      -1.131446843026e-13       0.000000000000e+00       1.215942208192e-16       4.903799258172e-18       1.196228986102e-18 
 2967       3.730032879486e-12       1.995307273426e-13      -1.152652407789e-13       0.000000000000e+00       1.214287642988e-16       4.829899298803e-18       1.193733511255e-18 
 2968       3.716447545594e-12       1.996302786726e-13      -1.173914932099e-13       0.000000000000e+00       1.212635769403e-16       4.759504141636e-18       1.191360121975e-18 
 2969       3.703073360215e-12       1.997148737976e-13      -1.195220209303e-13       0.000000000000e+00       1.210986580031e-16       4.692767413042e-18       1.189107717504e-18 
 2970       3.689910408504e-12       1.997843084627e-13      -1.216553994309e-13       0.000000000000e+00       1.209340067428e-16       4.629843138742e-18       1.186975193607e-18 
 2971       3.676958867231e-12       1.998384210165e-13      -1.237905542138e-13       0.000000000000e+00       1.207696228410e-16       4.570849468579e-18       1.184961778045e-18 
 2972       3.664219282182e-12       1.998772219178e-13      -1.259278242666e-13       0.000000000000e+00       1.206055076969e-16       4.515759654804e-18       1.183068038798e-18 
 2973       3.651692292123e-12       1.999007648661e-13      -1.280679038239e-13       0.000000000000e+00       1.204416631422e-16       4.464510536997e-18       1.181294880801e-18 
 2974       3.639378536622e-12       1.999091037679e-13      -1.302114889877e-13       0.000000000000e+00       1.202780910116e-16       4.417038768652e-18       1.179643210931e-18 
 2975       3.627278656049e-12       1.999022927362e-13      -1.323592777283e-13       0.000000000000e+00       1.201147931428e-16       4.373280817016e-18       1.178113938003e-18 
 2976       3.615393291579e-12       1.998803860917e-13      -1.345119698867e-13       0.000000000000e+00       1.199517713766e-16       4.333172962928e-18       1.176707972774e-18 
 2977       3.603723085189e-12       1.998434383620e-13      -1.366702671752e-13       0.000000000000e+00       1.197890275568e-16       4.296651300657e-18       1.175426227944e-18 
 2978       3.592268679659e-12       1.997915042825e-13      -1.388348731799e-13       0.000000000000e+00       1.196265635304e-16       4.263651737744e-18       1.174269618156e-18 
 2979       3.581030718575e-12       1.997246387962e-13      -1.410064933616e-13       0.000000000000e+00       1.194643811471e-16       4.234109994839e-18       1.173239059999e-18 
 2980       3.570009846328e-12       1.996428970541e-13      -1.431858350578e-13       0.000000000000e+00       1.193024822602e-16       4.207961605538e-18       1.172335472011e-18 
 2981       3.559206708111e-12       1.995463344153e-13      -1.453736074841e-13       0.000000000000e+00       1.191408687255e-16       4.185141916226e-18       1.171559774677e-18 
 2982       3.548621949926e-12       1.994350064472e-13      -1.475705217356e-13       0.000000000000e+00       1.189795424022e-16       4.165586085915e-18       1.170912890432e-18 
 2983       3.538256218578e-12       1.993089689256e-13      -1.497772907889e-13       0.000000000000e+00       1.188185051525e-16       4.149229086079e-18       1.170395743664e-18 
 2984       3.528110161682e-12       1.991682778352e-13      -1.519946295031e-13       0.000000000000e+00       1.186577588417e-16       4.136005700501e-18       1.170009260712e-18 
 2985       3.518184427656e-12       1.990129893694e-13      -1.542232546219e-13       0.000000000000e+00       1.184973053381e-16       4.125850525102e-18       1.169754369873e-18 
 2986       3.508479665727e-12       1.988431599307e-13      -1.564638847749e-13       0.000000000000e+00       1.183371465130e-16       4.118697967790e-18       1.169632001398e-18 
 2987       3.498996525929e-12       1.986588461308e-13      -1.587172404792e-13       0.000000000000e+00       1.181772842409e-16       4.114482248291e-18       1.169643087494e-18 
 2988       3.489735659104e-12       1.984601047912e-13      -1.609840441410e-13       0.000000000000e+00       1.180177203994e-16       4.113137397992e-18       1.169788562332e-18 
 2989       3.480697716903e-12       1.982469929425e-13      -1.632650200572e-13       0.000000000000e+00       1.178584568690e-16       4.114597259782e-18       1.170069362038e-18 
 2990       3.471883351786e-12       1.980195678255e-13      -1.655608944169e-13       0.000000000000e+00       1.176994955334e-16       4.118795487885e-18       1.170486424704e-18 
 2991       3.463293217019e-12       1.977778868910e-13      -1.678723953031e-13       0.000000000000e+00       1.175408382794e-16       4.125665547703e-18       1.171040690385e-18 
 2992       3.454927966683e-12       1.975220077999e-13      -1.702002526939e-13       0.000000000000e+00       1.173824869969e-16       4.135140715657e-18       1.171733101099e-18 
 2993       3.446788255663e-12       1.972519884236e-13      -1.725451984646e-13       0.000000000000e+00       1.172244435786e-16       4.147154079020e-18       1.172564600833e-18 
 2994       3.438874739660e-12       1.969678868440e-13      -1.749079663890e-13       0.000000000000e+00       1.170667099208e-16       4.161638535761e-18       1.173536135540e-18 
 2995       3.431188075182e-12       1.966697613539e-13      -1.772892921409e-13       0.000000000000e+00       1.169092879224e-16       4.178526794384e-18       1.174648653146e-18 
 2996       3.423728919550e-12       1.963576704570e-13      -1.796899132957e-13       0.000000000000e+00       1.167521794857e-16       4.197751373763e-18       1.175903103543e-18 
 2997       3.416497930896e-12       1.960316728682e-13      -1.821105693321e-13       0.000000000000e+00       1.165953865158e-16       4.219244602984e-18       1.177300438600e-18 
 2998       3.409495768163e-12       1.956918275139e-13      -1.845520016337e-13       0.000000000000e+00       1.164389109213e-16       4.242938621185e-18       1.178841612157e-18 
 2999       3.402723091110e-12       1.953381935317e-13      -1.870149534904e-13       0.000000000000e+00       1.162827546134e-16       4.268765377393e-18       1.180527580031e-18 
 3000       3.396180560304e-12       1.949708302714e-13      -1.895001700998e-13       0.000000000000e+00       1.161269195069e-16       4.296656630363e-18       1.182359300017e-18 
